locality_id,town_id,locality_name,pincode,centroid_x,centroid_y
T1-L01,T1,Vinayaka Nagar,960104,-2863.9,1096.5
T1-L02,T1,Basava Nagar,960101,-1053.3,-3163.0
T1-L03,T1,Kuvempu Layout,960102,1112.8,-196.7
T1-L04,T1,Gandhi Nagar,960102,665.2,-3094.2
T1-L05,T1,Ashoka Layout,960104,-1205.8,409.2
T1-L06,T1,Siddeshwara Colony,960102,1939.0,-996.1
T1-L07,T1,Anjaneya Badavane,960103,290.7,2335.2
T1-L08,T1,Vidya Nagar,960103,2499.2,994.1
T1-L09,T1,Shanthi Nagar,960101,-2195.4,-2378.6
T1-L10,T1,Kalyana Nagar,960104,-1885.4,2441.1
T1-L11,T1,Nehru Colony,960102,2735.1,-2128.6
T1-L12,T1,Hosa Badavane,960101,-598.6,-1329.8
T2-L01,T2,Shivaji Nagar,970202,688.3,-3007.0
T2-L02,T2,Indira Colony,970202,1046.9,-2.6
T2-L03,T2,Ambedkar Nagar,970204,-603.5,2996.1
T2-L04,T2,Ram Nagar,970203,2308.9,1849.5
T2-L05,T2,Subhash Nagar,970201,-1600.3,-2801.9
T2-L06,T2,Nehru Colony,970203,3029.6,575.7
T2-L07,T2,Gandhi Basti,970203,987.4,1270.5
T2-L08,T2,Azad Mohalla,970203,986.3,2772.6
T2-L09,T2,Shastri Nagar,970201,-533.7,-484.7
T2-L10,T2,Krishna Puri,970202,2589.2,-1273.1
T2-L11,T2,Patel Nagar,970202,1577.4,-2059.5
T2-L12,T2,Tilak Nagar,970204,-200.6,1476.5
T3-L01,T3,Green Park Layout,980301,-3766.2,-883.9
T3-L02,T3,Sunrise Enclave,980304,-438.3,3208.9
T3-L03,T3,HMT Colony,980301,-722.6,-522.8
T3-L04,T3,Defence Colony,980301,-1112.2,-1888.2
T3-L05,T3,Lakeview Phase 2,980303,3653.7,367.3
T3-L06,T3,Silver Oak Layout,980301,-2605.6,-262.1
T3-L07,T3,Railway Colony,980304,-2446.2,1613.2
T3-L08,T3,Teachers Colony,980302,929.4,-822.2
T3-L09,T3,Royal Gardens,980303,524.3,1610.0
T3-L10,T3,Palm Meadows,980302,3188.8,-1960.7
T3-L11,T3,Orchid Enclave,980301,-433.5,-3467.4
T3-L12,T3,Unity Nagar,980302,1155.3,-3613.0
