address_id,geocoder_x,geocoder_y,precision
AD000001,1255.5,-276.5,street
AD000002,-2665.7,-2082.1,street
AD000003,-3692.1,-916.4,locality
AD000004,2775.9,-1262.8,locality
AD000005,512.8,-2797.8,locality
AD000007,-327.2,1383.2,locality
AD000008,-2950.8,1246.7,locality
AD000009,2958.5,-2365.6,street
AD000010,-2067.2,1732.8,pincode
AD000011,3152.5,-1867.7,locality
AD000012,-738.5,-635.0,street
AD000013,-691.8,2740.9,locality
AD000014,-1054.7,2946.9,street
AD000015,1103.3,-228.1,locality
AD000016,850.4,2449.9,street
AD000017,-942.9,3041.6,street
AD000018,371.5,2504.6,locality
AD000019,-2490.1,-387.3,locality
AD000020,-1757.6,1140.6,pincode
AD000021,4029.7,339.0,rooftop
AD000022,1516.8,-353.6,street
AD000023,-2598.2,-160.8,locality
AD000024,-2632.5,1637.8,locality
AD000025,-252.0,2905.8,locality
AD000026,-2808.8,965.6,locality
AD000027,1171.4,2736.8,locality
AD000028,-723.2,-1600.6,street
AD000029,-571.3,2970.6,locality
AD000030,2807.7,-1621.7,street
AD000031,3251.9,-2105.9,locality
AD000032,1447.6,-2006.4,locality
AD000033,2426.3,941.4,street
AD000034,1022.4,-32.3,locality
AD000035,3237.6,-2070.7,locality
AD000036,3305.3,491.5,street
AD000037,1529.3,-2250.2,pincode
AD000039,-428.8,2538.1,street
AD000040,-987.5,-3130.1,locality
AD000041,-638.3,-1005.0,street
AD000042,3765.0,483.2,locality
AD000043,4013.1,736.9,street
AD000045,-2489.2,-200.4,locality
AD000046,-423.0,3221.9,locality
AD000047,-3006.1,1251.4,locality
AD000048,-1850.9,2492.2,locality
AD000049,737.1,2743.0,locality
AD000050,1085.8,-457.7,locality
AD000052,386.5,-2773.4,street
AD000053,1978.1,-1152.9,locality
AD000054,-2805.3,1059.3,locality
AD000055,920.0,-972.3,locality
AD000056,-3841.3,-903.0,locality
AD000057,-2678.0,-297.8,locality
AD000058,-596.5,-626.0,locality
AD000059,-763.9,167.5,street
AD000060,3780.6,150.4,street
AD000061,1421.5,-2201.3,locality
AD000062,744.9,-3179.6,locality
AD000063,3267.0,631.8,street
AD000064,-623.0,1796.3,pincode
AD000065,976.3,-977.0,locality
AD000066,826.2,-371.7,locality
AD000067,3117.8,-2025.1,locality
AD000068,3179.9,384.0,locality
AD000069,525.4,-2982.2,locality
AD000071,858.3,-3936.9,street
AD000072,1600.0,-2585.2,pincode
AD000073,988.4,868.5,street
AD000074,912.5,2794.6,locality
AD000075,2744.9,-2088.8,locality
AD000076,877.6,1259.6,locality
AD000077,1912.1,-1886.9,pincode
AD000078,-2585.2,-168.5,locality
AD000079,826.8,-1224.9,street
AD000080,4327.2,439.3,street
AD000081,-763.1,-463.4,locality
AD000082,3707.2,194.3,locality
AD000083,-830.7,-586.5,locality
AD000084,-592.3,-3323.0,locality
AD000085,811.7,-2984.2,locality
AD000086,2419.1,-1341.8,street
AD000087,647.2,1285.8,locality
AD000088,-535.0,3174.2,street
AD000089,-645.3,3050.7,locality
AD000090,-1567.8,-2846.0,locality
AD000091,2011.1,-2152.7,pincode
AD000092,3226.9,-1831.6,locality
AD000093,-584.8,3078.5,locality
AD000094,-2717.7,-176.5,locality
AD000096,3703.5,434.7,locality
AD000097,-3608.2,-893.3,locality
AD000098,-2522.9,1737.3,locality
AD000099,-866.8,-286.1,locality
AD000100,2963.1,-2144.0,locality
AD000101,-2461.1,1682.4,locality
AD000102,641.8,2525.7,street
AD000103,3131.2,-1871.8,locality
AD000104,2382.0,1003.2,locality
AD000105,-427.1,-590.2,locality
AD000106,-2881.3,1111.1,locality
AD000107,3623.6,433.8,locality
AD000108,-1172.4,-2124.3,locality
AD000109,2046.8,-1272.3,locality
AD000111,2449.6,1045.6,locality
AD000112,804.3,-2828.4,locality
AD000113,-463.5,3081.4,locality
AD000114,2778.1,-1867.9,street
AD000115,-474.6,3263.8,locality
AD000116,-2353.1,-1649.3,pincode
AD000117,3299.9,-2064.7,locality
AD000119,-968.8,-2481.6,pincode
AD000120,3379.5,-1929.9,locality
AD000121,-1415.5,-1879.2,pincode
AD000122,991.0,-648.4,locality
AD000123,996.3,2734.7,locality
AD000124,3177.8,-1874.2,locality
AD000125,3764.7,398.9,locality
AD000126,805.3,-3247.1,locality
AD000127,1170.9,-735.4,locality
AD000128,2493.8,-2183.8,locality
AD000129,2630.3,-2154.3,locality
AD000130,2053.3,-928.7,locality
AD000132,946.6,-1057.9,locality
AD000133,-3978.6,-1286.0,street
AD000134,1143.9,2406.8,street
AD000135,861.6,-2772.7,street
AD000136,1074.5,-14.3,locality
AD000137,-2696.8,-272.8,locality
AD000138,735.7,-2983.1,street
AD000139,751.7,-2626.5,street
AD000140,-205.3,1202.3,locality
AD000141,1537.3,-1398.4,pincode
AD000142,3829.5,782.7,street
AD000144,-502.7,3051.9,locality
AD000145,-904.2,-545.0,locality
AD000146,456.2,2281.0,locality
AD000147,929.2,1018.1,locality
AD000148,-896.7,-3104.5,locality
AD000149,898.6,1331.4,locality
AD000150,2565.3,-1336.9,locality
AD000151,-836.3,3403.4,street
AD000152,2766.6,-1160.2,street
AD000153,-2695.5,-271.6,locality
AD000154,3669.6,-2289.7,street
AD000155,1155.8,-563.4,street
AD000156,1540.6,-1875.4,pincode
AD000157,3336.2,-1801.7,locality
AD000159,-2920.3,-125.4,street
AD000160,3714.4,463.4,locality
AD000161,-2895.9,1119.9,locality
AD000162,868.5,-3513.3,street
AD000163,-628.9,2803.2,locality
AD000164,2695.6,440.9,rooftop
AD000165,2982.7,527.8,locality
AD000166,2824.4,994.7,street
AD000167,515.6,-3087.4,locality
AD000168,-1851.1,2503.5,locality
AD000169,2621.5,-2220.3,locality
AD000170,-3874.2,-790.5,locality
AD000171,330.4,46.5,pincode
AD000172,-2399.9,-2452.4,locality
AD000173,1465.7,-2102.9,locality
AD000174,-361.7,1353.3,locality
AD000175,1386.9,-2246.8,locality
AD000176,704.1,-3011.0,locality
AD000177,-475.4,3134.0,locality
AD000178,1051.5,-76.3,locality
AD000179,2359.4,960.2,locality
AD000180,-2343.6,-2387.9,locality
AD000181,2829.6,647.4,locality
AD000182,786.5,2761.6,locality
AD000184,-2606.4,1774.9,locality
AD000185,1196.4,-1078.7,street
AD000186,2214.1,1612.9,locality
AD000187,818.6,1146.2,locality
AD000188,773.3,-947.9,locality
AD000189,3798.1,404.3,locality
AD000190,-891.8,-660.3,locality
AD000191,-3779.1,-814.8,locality
AD000192,1608.3,-1898.4,street
AD000193,1647.3,-1343.3,pincode
AD000194,-1069.9,-1343.7,pincode
AD000195,2363.1,967.3,locality
AD000196,945.8,2597.2,locality
AD000197,-2506.8,-560.7,locality
AD000198,-687.9,2819.2,locality
AD000199,1548.5,-1492.6,pincode
AD000200,1648.4,-1677.6,pincode
AD000201,863.0,-195.9,locality
AD000202,3217.9,-1584.8,locality
AD000203,2899.4,-2173.1,locality
AD000204,1090.7,2601.2,locality
AD000205,-3668.2,-895.0,locality
AD000206,-1710.6,2446.3,locality
AD000207,-2041.1,2351.0,locality
AD000208,-875.5,2948.7,street
AD000209,2504.8,994.3,locality
AD000210,-617.3,-417.4,locality
AD000211,1457.6,-3638.9,street
AD000212,667.9,-3156.5,street
AD000213,522.3,-3013.7,street
AD000214,719.5,-2910.2,locality
AD000216,-3765.5,-862.0,locality
AD000217,1001.0,2555.0,locality
AD000219,-2940.8,-248.6,locality
AD000220,1146.3,-163.1,locality
AD000221,964.5,-798.0,locality
AD000222,-720.3,3307.9,street
AD000223,1664.9,-2000.5,locality
AD000224,1482.8,285.8,street
AD000225,2390.0,1082.8,street
AD000226,-1224.5,591.2,locality
AD000227,813.6,-744.7,locality
AD000228,3729.2,507.7,locality
AD000229,-616.1,-1204.2,locality
AD000230,3472.1,772.5,locality
AD000231,228.5,2473.9,locality
AD000232,-581.7,617.7,street
AD000233,941.3,-651.0,locality
AD000234,642.8,1597.6,locality
AD000235,-3736.9,-902.5,locality
AD000236,2684.8,-2166.7,locality
AD000237,-2184.1,1370.5,pincode
AD000238,-2879.8,1024.6,locality
AD000239,1136.5,-741.5,street
AD000240,1351.7,-2043.6,locality
AD000241,1150.8,812.1,street
AD000242,2715.6,1452.3,rooftop
AD000243,1206.9,-744.9,street
AD000244,-3540.6,-883.3,locality
AD000245,2315.3,-2045.4,pincode
AD000246,-1958.5,2486.1,locality
AD000247,1962.9,-1069.1,pincode
AD000248,1147.8,-3386.6,locality
AD000249,1309.7,-694.4,street
AD000250,879.7,2744.0,locality
AD000251,-1288.4,279.3,locality
AD000252,3587.9,471.9,locality
AD000253,639.8,-2990.8,locality
AD000254,-706.9,-1257.4,locality
AD000255,2426.5,1164.2,locality
AD000256,-184.5,-1112.1,street
AD000257,3057.3,-2267.5,rooftop
AD000258,-1837.3,-1502.0,pincode
AD000259,2840.3,-2363.6,rooftop
AD000260,1117.9,-221.2,street
AD000261,978.3,-31.3,locality
AD000263,922.4,2768.2,locality
AD000264,3015.8,634.3,locality
AD000265,2825.6,744.4,street
AD000266,2472.7,1773.6,locality
AD000267,2756.7,-991.5,locality
AD000268,898.5,2650.2,locality
AD000269,-2149.6,-2274.9,locality
AD000270,903.1,-852.7,locality
AD000272,-2582.9,-112.9,locality
AD000273,-1141.9,-1670.5,pincode
AD000274,-1111.4,-3205.8,locality
AD000275,-1476.6,-1470.9,pincode
AD000276,522.5,2280.2,locality
AD000277,-1047.5,-3345.7,locality
AD000278,-1906.6,-2723.3,street
AD000279,-3677.9,-989.3,locality
AD000280,984.7,-613.0,locality
AD000281,636.6,-3211.2,locality
AD000282,723.4,-4003.0,street
AD000284,-207.1,2982.8,street
AD000285,341.9,2371.7,locality
AD000286,692.4,-3047.4,locality
AD000287,2959.9,-2077.9,locality
AD000288,-2688.0,-197.1,locality
AD000290,3041.4,500.9,locality
AD000291,3595.8,659.5,locality
AD000292,434.5,2165.1,locality
AD000293,2460.6,1175.2,locality
AD000294,317.9,-2199.1,pincode
AD000295,1271.3,-2337.2,street
AD000296,2994.9,503.2,locality
AD000297,2708.9,-2292.4,street
AD000298,25.4,2765.6,street
AD000299,1733.4,-1328.5,pincode
AD000300,-2537.4,1777.6,locality
AD000301,-498.2,-376.8,locality
AD000302,1095.4,-284.1,locality
AD000303,3771.7,305.4,locality
AD000304,1068.7,2777.7,locality
AD000305,-2621.5,1526.0,locality
AD000306,3764.2,248.9,locality
AD000307,-2945.2,1006.0,street
AD000308,3640.3,506.5,locality
AD000309,2819.1,-2073.0,locality
AD000310,-1199.4,-2182.4,pincode
AD000311,984.5,2609.2,locality
AD000312,497.7,1505.7,locality
AD000313,-2728.9,-294.0,locality
AD000314,2588.3,-1963.2,locality
AD000315,-1021.5,-3266.2,street
AD000316,2356.4,-2187.1,street
AD000317,-1833.5,1124.5,pincode
AD000318,1002.4,40.9,locality
AD000319,2771.2,-2024.6,locality
AD000320,1892.4,-1434.1,pincode
AD000321,-2199.5,-2457.4,locality
AD000322,3373.5,-2207.2,street
AD000323,-2549.0,1875.0,street
AD000324,-2294.5,1697.3,locality
AD000325,-3777.4,-867.7,locality
AD000326,-1868.8,-1311.3,pincode
AD000327,1006.3,-146.5,locality
AD000328,513.7,-2921.5,locality
AD000330,2630.1,-1356.7,locality
AD000331,2880.0,718.1,locality
AD000332,-426.5,2749.9,locality
AD000333,883.2,2560.6,locality
AD000334,936.7,-2965.4,locality
AD000335,3026.0,-1752.0,locality
AD000336,1486.4,-1939.8,locality
AD000337,1479.8,-1999.4,street
AD000338,1536.7,-2128.8,locality
AD000339,1523.2,-2053.0,locality
AD000340,-572.7,-1114.1,locality
AD000341,288.3,2340.7,locality
AD000342,3653.2,344.9,locality
AD000343,2855.5,515.3,locality
AD000344,-954.0,-3115.4,locality
AD000345,522.3,-2870.8,locality
AD000346,-1574.7,217.8,street
AD000347,1165.2,-2141.1,pincode
AD000348,-697.8,-658.0,locality
AD000349,896.9,2688.7,locality
AD000350,-765.8,2264.2,pincode
AD000351,-100.7,2693.8,street
AD000352,2908.2,439.2,locality
AD000353,2475.4,1932.7,locality
AD000354,993.3,-860.6,locality
AD000355,722.8,-3032.7,locality
AD000356,1298.5,-3716.1,locality
AD000357,521.2,1723.4,locality
AD000358,1003.8,23.2,locality
AD000359,-2160.2,-2601.0,locality
AD000360,2724.3,-2262.6,locality
AD000361,-992.7,-2988.7,locality
AD000362,-2217.3,-2491.4,locality
AD000363,2067.4,-1062.0,locality
AD000364,957.8,-3308.2,street
AD000365,2561.6,991.9,pincode
AD000366,1540.8,326.1,street
AD000367,-2458.4,-252.4,locality
AD000368,-2574.5,1551.6,locality
AD000369,740.1,-3103.1,locality
AD000370,2836.0,-2227.3,locality
AD000371,694.6,-2877.7,locality
AD000372,771.8,-3053.5,locality
AD000374,1076.6,-1210.0,street
AD000375,-741.8,-2128.2,rooftop
AD000376,1885.4,1658.3,pincode
AD000377,-1017.7,-3094.4,locality
AD000378,-933.7,-1407.2,street
AD000379,-1424.7,-2872.6,locality
AD000380,-2265.4,1575.4,locality
AD000381,495.4,-3176.7,locality
AD000382,2903.5,618.8,locality
AD000383,287.4,1293.4,street
AD000384,-2274.1,-2258.8,locality
AD000385,2476.0,-1367.0,locality
AD000386,1193.9,-97.5,locality
AD000387,-119.7,1546.1,locality
AD000388,951.3,-1098.8,street
AD000389,1008.4,-1243.7,pincode
AD000390,2104.0,-1248.3,locality
AD000391,944.1,-3196.2,locality
AD000392,1380.6,-1327.9,pincode
AD000393,1560.3,2054.3,pincode
AD000394,1073.2,2573.2,locality
AD000395,3646.1,300.3,locality
AD000396,-657.8,-329.2,locality
AD000397,3371.9,-1939.8,locality
AD000398,-2501.0,1504.1,locality
AD000399,3381.8,-1788.7,locality
AD000400,-1945.7,-2705.3,rooftop
AD000401,-2481.7,1656.7,locality
AD000402,-2634.5,1922.4,street
AD000403,-2511.0,1687.7,locality
AD000404,2958.7,619.4,locality
AD000405,2286.9,2132.1,locality
AD000406,2482.6,997.7,locality
AD000407,2333.2,-735.6,street
AD000408,2605.2,-1077.1,locality
AD000409,986.0,-961.5,locality
AD000410,1993.1,-2762.0,pincode
AD000411,3838.0,516.1,locality
AD000412,1358.5,-1901.2,street
AD000414,-888.9,-488.0,locality
AD000416,-730.6,-1578.6,street
AD000417,-2798.9,1474.5,street
AD000418,3098.9,714.3,locality
AD000419,1491.6,-1990.8,locality
AD000420,2612.2,-1320.0,locality
AD000421,-3648.6,-979.3,locality
AD000422,-1261.7,-2299.0,street
AD000423,-1113.2,424.8,locality
AD000424,3017.3,426.2,locality
AD000426,885.4,-873.1,locality
AD000427,-569.7,-532.8,locality
AD000428,2682.4,-2244.3,locality
AD000429,599.3,-3098.5,locality
AD000430,1548.9,-1928.4,locality
AD000432,1504.4,-2176.0,locality
AD000433,2578.8,1470.4,pincode
AD000434,-685.7,-594.2,locality
AD000435,-1869.3,2503.9,locality
AD000436,1941.1,1128.7,pincode
AD000437,-609.5,3293.5,street
AD000438,795.5,2732.6,locality
AD000439,897.5,70.4,locality
AD000440,1980.7,-958.7,locality
AD000441,2599.3,897.6,locality
AD000442,-349.5,-1181.0,locality
AD000443,657.0,-3042.2,locality
AD000444,1242.9,-1054.1,pincode
AD000445,2566.5,-1661.7,street
AD000446,-493.6,-3509.9,locality
AD000447,369.8,2138.8,locality
AD000448,-567.5,-3688.0,locality
AD000449,-285.3,2806.4,street
AD000450,2543.5,-1325.8,locality
AD000451,1061.9,-867.2,locality
AD000452,761.7,-1158.1,locality
AD000453,-2633.8,-365.8,locality
AD000455,-413.8,1562.9,locality
AD000456,-611.4,-237.7,locality
AD000457,-2613.3,1608.4,locality
AD000458,-2721.6,-466.7,locality
AD000459,-1598.1,-3120.7,locality
AD000460,2580.7,-1289.8,locality
AD000461,2934.3,637.6,locality
AD000462,-506.2,-1297.3,locality
AD000464,993.0,-896.4,locality
AD000465,-2744.0,-113.5,locality
AD000466,1310.1,-117.2,locality
AD000467,-973.1,-3275.0,locality
AD000468,-417.9,3038.6,locality
AD000469,631.6,-2591.6,street
AD000471,-3794.3,-1050.7,locality
AD000472,-572.4,-486.4,locality
AD000473,1318.3,-2146.1,locality
AD000475,2927.1,-2049.7,locality
AD000477,-2152.1,-2195.8,locality
AD000478,633.9,-2929.8,locality
AD000479,-1818.7,-2733.7,locality
AD000480,1326.4,-2012.8,locality
AD000481,-2406.1,1929.5,locality
AD000482,-845.8,-694.0,locality
AD000483,-1040.8,-2153.2,locality
AD000484,-2434.7,1882.3,locality
AD000485,859.0,-2641.7,street
AD000486,2967.3,-995.6,rooftop
AD000487,1287.5,-1265.5,pincode
AD000488,1026.3,-1119.7,pincode
AD000489,-2597.7,-382.8,locality
AD000491,479.9,-3006.3,street
AD000492,1156.6,2642.4,locality
AD000493,3124.7,-2006.0,locality
AD000495,2452.6,-1303.0,locality
AD000497,-2833.0,1172.0,locality
AD000498,1472.2,-1844.9,pincode
AD000499,584.6,-381.1,pincode
AD000500,-559.1,-3059.6,street
AD000501,-1036.9,-2093.3,locality
AD000502,1676.5,-2505.6,street
AD000503,1213.3,-198.4,locality
AD000504,2672.3,-2072.0,locality
AD000505,-1726.8,-1066.9,pincode
AD000506,3316.4,425.3,street
AD000507,3296.6,936.9,street
AD000508,-2469.7,1561.6,locality
AD000509,893.3,2656.2,street
AD000510,-2606.1,-182.3,locality
AD000511,-569.5,3323.0,locality
AD000512,-3804.8,-899.1,locality
AD000513,-3033.1,1055.5,locality
AD000515,2417.2,-1370.7,locality
AD000517,2183.1,563.3,street
AD000518,313.3,2537.1,locality
AD000519,-157.7,2828.5,rooftop
AD000521,-977.7,-3862.7,street
AD000522,2982.2,689.1,locality
AD000523,2512.2,-1057.9,locality
AD000524,2666.3,-1800.3,street
AD000525,-806.6,-560.4,locality
AD000526,897.9,-724.5,locality
AD000527,1013.7,2433.6,locality
AD000528,-2718.7,-557.4,street
AD000529,2743.0,-2180.0,locality
AD000530,-939.9,-3258.7,locality
AD000531,1420.6,-1271.1,pincode
AD000532,928.0,-1005.9,locality
AD000533,-2425.7,-396.5,locality
AD000534,1860.7,1489.5,pincode
AD000535,3667.1,444.8,locality
AD000536,-3085.4,1269.4,street
AD000537,1168.5,-2184.9,pincode
AD000538,1447.1,-2291.8,locality
AD000539,1480.1,-1795.0,pincode
AD000540,1211.7,1315.1,street
AD000541,2813.0,-2305.4,locality
AD000542,-1260.6,2056.9,pincode
AD000543,687.0,-2983.1,locality
AD000544,-391.5,-1246.1,street
AD000545,-3915.5,-1049.4,locality
AD000547,-1126.0,-3206.7,locality
AD000548,1318.2,2616.1,street
AD000549,-463.2,-497.2,locality
AD000550,813.6,-3104.3,rooftop
AD000551,672.7,-2859.3,street
AD000552,866.6,1084.6,street
AD000553,1498.2,-2191.7,locality
AD000554,1048.2,-838.1,locality
AD000555,-460.4,3110.6,locality
AD000556,3803.3,387.8,locality
AD000557,656.2,-2964.3,locality
AD000558,2636.0,-1088.1,locality
AD000560,1592.3,-2181.0,locality
AD000561,1578.9,-1378.1,pincode
AD000562,-1105.0,-2980.4,locality
AD000563,2507.8,-2375.6,locality
AD000565,1485.4,203.4,street
AD000566,2623.8,-1429.0,locality
AD000567,-2539.6,1680.5,locality
AD000568,1195.7,-682.7,street
AD000569,2628.9,-2326.9,locality
AD000570,808.4,-770.4,locality
AD000572,-1133.0,-2027.4,locality
AD000573,1552.5,-2175.9,locality
AD000574,-26.0,-3729.7,street
AD000575,952.0,-3670.5,locality
AD000576,-363.0,-3605.3,locality
AD000577,3743.0,495.1,locality
AD000578,1028.4,-191.1,locality
AD000579,-269.8,16.9,pincode
AD000580,-1747.0,-1849.7,pincode
AD000581,643.5,-3106.8,locality
AD000583,3256.3,-1878.3,locality
AD000584,-488.2,3063.9,locality
AD000585,1847.1,-1853.6,street
AD000586,139.1,2515.1,locality
AD000587,1034.4,-845.5,locality
AD000588,1058.6,-42.3,street
AD000589,2739.2,-2190.1,locality
AD000590,-577.4,-3539.9,locality
AD000591,-881.9,-365.4,locality
AD000592,-3751.2,-862.8,locality
AD000593,-1117.6,27.0,street
AD000594,-1688.1,1061.4,pincode
AD000595,-2089.0,1133.5,street
AD000596,1177.3,-627.6,locality
AD000597,3319.5,-2105.5,locality
AD000598,1404.2,-2173.8,locality
AD000599,-983.1,-2657.3,pincode
AD000600,1598.5,-2013.7,locality
AD000601,-789.6,-1921.2,pincode
AD000602,2743.7,-2140.8,locality
AD000603,3108.0,712.4,locality
AD000604,644.7,-2883.9,locality
AD000605,-2699.8,-194.7,locality
AD000606,-589.9,3276.1,rooftop
AD000607,-484.8,-3506.6,locality
AD000608,633.0,-3259.7,locality
AD000609,-1457.4,-3016.5,locality
AD000610,2138.7,2240.0,street
AD000611,2519.2,-1266.8,locality
AD000612,915.5,955.0,street
AD000613,3109.9,360.0,locality
AD000614,-2181.0,1751.5,locality
AD000615,-501.4,3112.9,locality
AD000616,-1911.1,-1192.2,pincode
AD000617,-2561.2,-231.9,locality
AD000619,-1224.7,235.7,locality
AD000620,680.3,969.2,street
AD000621,599.8,1168.5,street
AD000622,2476.3,-2339.9,locality
AD000623,2258.0,952.6,locality
AD000624,-405.7,-1643.0,pincode
AD000625,2228.6,1618.5,pincode
AD000626,-1822.7,-2849.8,locality
AD000627,-308.6,-3459.3,locality
AD000628,-774.7,3249.2,street
AD000629,-2339.5,1477.5,locality
AD000630,2996.7,-2094.0,locality
AD000631,-2592.2,-243.1,locality
AD000632,-322.3,-3710.2,locality
AD000633,2632.1,-1183.3,locality
AD000634,1494.4,-2158.9,locality
AD000635,1175.4,-149.5,locality
AD000636,-1179.0,-2013.5,pincode
AD000637,1825.8,-1078.6,pincode
AD000638,2046.9,-820.2,locality
AD000639,1000.8,-960.8,street
AD000641,2719.4,-2067.4,locality
AD000642,1178.0,52.7,locality
AD000644,-2581.5,-203.9,locality
AD000645,3703.3,395.7,locality
AD000646,2776.8,-2430.8,locality
AD000647,-659.4,-3431.5,locality
AD000648,-1833.1,-1089.9,pincode
AD000649,-2689.4,959.2,street
AD000650,3673.5,373.4,locality
AD000651,3817.5,299.1,locality
AD000652,2694.6,-2240.5,locality
AD000653,1946.7,-906.7,locality
AD000654,-1298.3,2413.5,pincode
AD000655,-923.8,-1591.3,street
AD000656,2432.9,944.5,locality
AD000657,-2432.3,-2307.3,locality
AD000658,2950.2,-2089.5,locality
AD000660,-1647.5,-2646.1,locality
AD000662,-684.5,3165.7,locality
AD000663,2472.8,1181.6,locality
AD000664,-1260.2,450.6,locality
AD000665,-920.9,-3141.1,locality
AD000666,-2725.6,-408.2,locality
AD000667,2912.5,-2254.9,locality
AD000668,2396.9,998.2,locality
AD000669,2508.2,887.8,locality
AD000671,943.5,-858.6,locality
AD000672,1046.5,2700.5,locality
AD000673,1795.1,-1840.6,pincode
AD000674,1399.5,-1756.1,pincode
AD000675,2556.0,-1059.8,locality
AD000676,1686.0,-1575.7,pincode
AD000677,2441.6,1907.4,locality
AD000678,983.8,-373.2,locality
AD000679,813.6,-942.9,locality
AD000680,-422.3,2948.1,locality
AD000681,185.2,1825.7,rooftop
AD000682,977.8,-895.5,locality
AD000683,400.1,2181.6,locality
AD000684,2819.9,-2162.9,locality
AD000685,516.4,-2934.0,locality
AD000686,3111.8,571.1,locality
AD000687,2440.8,988.9,locality
AD000688,1037.2,-3032.6,street
AD000689,2705.9,-2209.8,locality
AD000690,-1120.3,416.8,locality
AD000692,-1435.2,-1715.2,street
AD000693,802.8,-290.4,street
AD000694,-1540.6,-2833.0,locality
AD000695,-637.0,-555.4,locality
AD000696,2408.4,1071.7,locality
AD000697,-639.1,3104.8,locality
AD000698,801.8,1246.4,locality
AD000699,1748.1,-1429.8,pincode
AD000700,53.2,2377.8,street
AD000701,1033.5,-47.2,locality
AD000702,2902.7,-2289.0,locality
AD000703,1188.3,-26.8,locality
AD000704,2488.2,-1430.6,locality
AD000705,2971.6,-1784.4,locality
AD000706,-270.5,3172.4,street
AD000707,-665.6,-572.6,locality
AD000708,2977.2,636.1,locality
AD000709,384.7,-2922.4,locality
AD000710,747.4,1022.6,locality
AD000711,668.9,2748.7,locality
AD000712,-1438.5,-2564.4,locality
AD000713,864.1,2628.1,locality
AD000715,1457.7,-1971.9,locality
AD000717,-813.3,-513.1,locality
AD000718,999.1,2588.3,locality
AD000719,2956.8,-2131.0,locality
AD000720,983.4,-70.8,locality
AD000721,-2438.4,-251.7,locality
AD000722,3681.7,404.8,locality
AD000723,-2850.0,1053.2,locality
AD000725,-926.8,2620.3,street
AD000727,-2556.4,-481.7,locality
AD000728,-657.4,-3343.2,street
AD000730,941.5,178.2,locality
AD000731,2761.5,-2520.4,locality
AD000732,-1171.3,-1668.4,locality
AD000733,2655.8,-2131.6,locality
AD000734,3880.1,627.7,street
AD000735,2950.4,-2377.2,street
AD000736,2517.8,1005.8,locality
AD000737,-1205.1,-2990.8,locality
AD000738,-549.6,-1098.7,locality
AD000739,881.8,-3113.0,locality
AD000740,1816.4,-950.4,locality
AD000741,-806.2,2894.7,street
AD000742,517.0,2442.5,locality
AD000743,-1982.6,-2304.3,locality
AD000744,1280.4,-935.8,street
AD000745,-1667.6,-2827.9,locality
AD000746,2717.5,908.5,rooftop
AD000748,1006.3,-132.4,locality
AD000749,-172.8,-3422.1,street
AD000750,-129.2,3225.2,street
AD000751,1185.1,1388.5,locality
AD000752,-523.4,3001.8,locality
AD000753,2813.9,-2211.2,locality
AD000754,1522.1,1955.0,pincode
AD000755,642.6,-2830.1,locality
AD000756,1236.5,-2006.6,street
AD000757,2708.9,-1379.3,locality
AD000758,544.9,-3023.5,locality
AD000759,3061.4,616.2,locality
AD000760,2680.7,-1810.8,locality
AD000761,2513.1,914.0,locality
AD000762,-2604.3,-560.8,street
AD000763,3136.2,-1907.2,locality
AD000764,830.4,-3154.2,locality
AD000765,-1128.8,-509.0,locality
AD000766,3017.9,-1907.6,locality
AD000767,787.1,-2816.4,street
AD000768,2564.2,-1303.9,locality
AD000769,-167.3,1243.1,locality
AD000770,2524.4,-500.7,street
AD000771,870.9,-687.5,street
AD000772,-295.6,3185.6,locality
AD000773,1480.2,-2233.8,locality
AD000774,-2538.8,1618.4,locality
AD000775,-760.6,-383.0,street
AD000776,3745.4,207.6,locality
AD000778,1918.1,-847.5,locality
AD000779,2450.7,1032.5,locality
AD000780,752.0,-3188.0,locality
AD000781,3886.7,450.9,locality
AD000782,558.7,-2985.4,locality
AD000783,812.7,-2534.0,street
AD000784,-1113.1,-1993.6,locality
AD000785,1551.1,-1726.6,pincode
AD000787,1110.7,-1182.5,rooftop
AD000788,1241.6,-165.0,locality
AD000789,-2824.0,-318.6,locality
AD000790,888.7,2612.5,locality
AD000791,3030.2,-2330.6,street
AD000792,1011.0,1102.7,locality
AD000793,-170.0,1150.6,locality
AD000794,2167.8,2230.7,street
AD000795,-2836.4,-266.7,locality
AD000797,2643.5,-1165.3,locality
AD000798,845.5,1301.3,locality
AD000799,1053.8,-63.7,locality
AD000800,641.1,-178.9,locality
AD000801,1004.1,-595.9,street
AD000802,1180.0,-164.1,locality
AD000803,-539.9,-1245.5,locality
AD000804,-2333.0,-3.2,street
AD000805,-3663.3,-1063.1,locality
AD000806,2291.9,1878.5,locality
AD000807,-1165.1,-1839.0,locality
AD000808,-357.7,3190.9,locality
AD000809,1087.4,-182.4,locality
AD000810,572.3,-2839.7,locality
AD000812,-1663.9,-2906.4,pincode
AD000813,2813.5,-2225.7,street
AD000814,-1196.1,-2249.7,pincode
AD000815,2791.7,-2240.6,street
AD000816,970.5,2646.1,locality
AD000817,1492.1,-2057.6,locality
AD000818,1136.9,-100.0,locality
AD000819,3020.4,-1138.3,street
AD000820,2418.5,-2001.4,rooftop
AD000821,1592.9,-2175.2,locality
AD000822,919.0,-2847.0,locality
AD000823,-3026.8,1223.8,locality
AD000824,1593.3,-1926.2,pincode
AD000825,-2240.4,1094.7,street
AD000826,-1048.8,-3124.8,locality
AD000827,3111.1,-2070.1,locality
AD000828,-1817.4,-1413.1,pincode
AD000829,362.5,-0.4,pincode
AD000830,2295.9,1072.0,locality
AD000831,-1522.9,552.2,street
AD000832,2597.6,-2129.2,locality
AD000833,-2713.8,-209.1,locality
AD000834,3346.5,-1801.1,locality
AD000835,983.4,37.0,locality
AD000836,1022.1,-231.2,locality
AD000837,-1934.8,-2593.9,pincode
AD000838,-2559.7,1431.3,street
AD000839,1071.1,2727.5,locality
AD000840,1254.6,-1713.4,pincode
AD000841,1612.1,-2154.8,locality
AD000842,823.9,1220.9,street
AD000843,1479.4,-1856.5,pincode
AD000844,2022.2,-982.8,locality
AD000845,1289.8,-1903.6,pincode
AD000846,-1728.0,-1985.6,pincode
AD000847,592.5,-3169.5,locality
AD000848,-419.9,-3428.7,locality
AD000849,-3746.0,-913.2,locality
AD000850,3739.5,548.0,locality
AD000851,2893.3,582.5,locality
AD000852,-3873.3,-909.4,locality
AD000853,-3688.7,-857.1,locality
AD000854,1393.4,-1858.6,locality
AD000855,859.5,2590.6,locality
AD000856,-558.0,-531.3,locality
AD000857,1206.7,19.7,locality
AD000858,-1270.3,-1990.4,street
AD000860,1504.1,-2104.5,locality
AD000861,3050.0,593.8,locality
AD000862,-2012.6,2454.5,locality
AD000863,1817.8,-1642.3,street
AD000864,-1765.0,-2809.4,locality
AD000865,-2528.7,1618.7,locality
AD000866,1587.2,-1798.6,locality
AD000867,2849.9,-2219.5,locality
AD000868,808.0,-21.2,locality
AD000869,-2341.9,1686.2,locality
AD000870,2854.8,-1936.8,locality
AD000871,2503.0,-1119.8,locality
AD000872,2110.1,2097.2,rooftop
AD000873,-2816.1,1289.1,locality
AD000874,-3748.6,-852.5,locality
AD000875,3866.0,551.9,locality
AD000876,-1367.6,-1285.1,pincode
AD000877,1222.7,-2021.7,pincode
AD000878,-1777.9,2511.4,locality
AD000879,-478.1,-3616.1,locality
AD000880,2624.5,-2105.7,locality
AD000881,553.6,2268.1,locality
AD000882,461.0,2466.8,locality
AD000883,3111.2,474.2,locality
AD000884,1060.6,2672.2,locality
AD000885,3193.1,-2188.4,locality
AD000886,470.8,237.2,street
AD000888,870.9,-2914.3,locality
AD000889,2682.0,-2208.9,locality
AD000890,-661.4,3352.0,street
AD000891,-1316.2,-1522.3,pincode
AD000892,-272.4,-3176.9,street
AD000894,1233.3,-1108.1,street
AD000895,581.6,2550.9,street
AD000897,1615.6,-1956.8,locality
AD000898,1073.2,-3394.9,street
AD000899,2155.4,-2099.7,pincode
AD000900,-2518.9,-133.6,locality
AD000901,1561.4,-2096.0,locality
AD000902,1112.4,2607.6,locality
AD000903,2937.3,-2672.3,street
AD000904,830.3,-3149.3,locality
AD000905,426.2,1688.8,street
AD000906,3489.7,434.3,locality
AD000907,3348.3,-1913.4,locality
AD000908,2324.8,2017.9,locality
AD000910,2538.0,-2371.9,street
AD000911,-619.4,-1247.1,locality
AD000912,1440.3,-2176.9,locality
AD000913,1168.6,-997.6,locality
AD000914,1353.7,-2306.1,locality
AD000915,-904.6,-1831.6,locality
AD000916,2016.2,-757.8,locality
AD000917,816.9,2793.2,locality
AD000918,2018.9,1869.0,street
AD000919,2746.7,-2245.5,locality
AD000920,-1276.9,489.1,rooftop
AD000921,1461.3,-2102.1,locality
AD000922,-1539.7,-2789.7,locality
AD000923,524.1,-3160.6,locality
AD000924,694.5,-3003.9,locality
AD000925,1210.5,-1699.2,rooftop
AD000926,1127.1,-622.5,street
AD000927,2556.1,-1174.7,locality
AD000928,2553.2,949.7,locality
AD000929,1743.6,-1726.8,pincode
AD000930,-2601.7,1522.6,rooftop
AD000932,-3669.6,-1081.6,locality
AD000933,1517.4,-2280.6,locality
AD000934,838.8,2675.1,locality
AD000935,-241.5,-3420.1,street
AD000936,775.6,-3250.5,locality
AD000937,-663.7,2826.8,locality
AD000938,2048.5,-1046.4,locality
AD000939,2364.6,1132.3,locality
AD000940,775.1,-2892.5,locality
AD000942,720.6,3251.5,street
AD000943,-2645.8,-52.1,locality
AD000944,-2491.9,1560.4,locality
AD000945,2575.4,988.4,locality
AD000946,-2856.5,1097.7,locality
AD000947,947.8,2954.3,locality
AD000948,959.8,-511.3,street
AD000949,-889.5,-566.1,locality
AD000950,-2590.8,-226.0,locality
AD000951,921.7,-30.1,locality
AD000952,-521.0,2862.9,locality
AD000953,578.9,-3170.3,locality
AD000954,-2480.0,1172.8,rooftop
AD000955,2684.3,-2233.9,locality
AD000957,2769.3,544.2,locality
AD000958,2374.2,-1074.8,street
AD000959,2857.3,-2176.5,locality
AD000961,2852.3,581.0,locality
AD000962,2381.5,1978.7,locality
AD000963,1610.8,-1555.4,pincode
AD000964,1519.6,-1871.9,locality
AD000965,-2237.6,-2477.1,locality
AD000967,-2585.3,-348.5,locality
AD000968,-2360.1,1644.4,locality
AD000969,2237.6,987.2,locality
AD000970,2483.4,932.8,locality
AD000971,590.5,-2727.6,locality
AD000972,-2202.0,-1094.0,pincode
AD000973,3789.0,285.5,locality
AD000974,1697.4,-1921.3,pincode
AD000975,-687.7,-554.9,locality
AD000976,-1114.0,-3021.9,locality
AD000978,-834.5,-548.8,locality
AD000979,834.5,2612.0,locality
AD000980,1083.4,-21.2,locality
AD000981,-2555.2,-83.5,locality
AD000982,3989.6,854.3,street
AD000984,-2324.6,-2385.7,locality
AD000985,-2633.4,-449.4,locality
AD000986,1175.9,2503.7,rooftop
AD000987,2435.7,1197.7,locality
AD000988,-2970.3,1121.1,locality
AD000989,2298.9,-1400.3,locality
AD000990,1434.6,219.8,street
AD000991,-654.8,3069.6,locality
AD000992,2570.1,-1424.4,locality
AD000993,2736.0,-2113.7,locality
AD000994,-659.1,2860.5,locality
AD000995,756.8,-2692.8,street
AD000996,1423.8,-2126.8,locality
AD000997,-1405.5,-2598.4,street
AD000998,-662.8,3160.9,locality
AD000999,-307.5,-3376.8,locality
AD001000,1924.0,-856.3,locality
AD001001,3766.7,497.3,locality
AD001002,-2596.9,1495.2,locality
AD001003,-494.5,-417.7,locality
AD001004,1222.2,-142.5,locality
AD001005,-2027.7,-2565.4,pincode
AD001006,967.5,-713.5,locality
AD001007,-2813.1,992.4,street
AD001008,-2159.4,2328.3,street
AD001009,615.4,-1134.8,pincode
AD001010,1180.4,36.7,locality
AD001011,-677.1,2838.7,locality
AD001012,904.9,-3232.2,street
AD001013,1425.2,-1889.7,street
AD001015,3288.5,210.8,street
AD001016,406.1,1611.5,locality
AD001017,-804.4,-436.2,locality
AD001018,-740.1,-361.6,locality
AD001019,3099.8,579.9,locality
AD001020,2497.3,-1687.0,street
AD001021,-686.5,-1361.0,locality
AD001022,1677.0,-916.9,locality
AD001023,-1638.2,-1514.4,pincode
AD001024,574.4,1656.1,locality
AD001025,-597.7,-690.3,locality
AD001026,652.5,2278.9,street
AD001027,1201.5,2613.3,locality
AD001028,1160.8,2302.5,pincode
AD001029,927.6,2698.7,locality
AD001031,1505.3,-2241.7,street
AD001032,-549.5,-336.6,locality
AD001033,-1205.0,-3497.9,street
AD001034,2792.4,-2050.2,locality
AD001035,1071.2,131.5,locality
AD001036,-2282.2,-224.8,locality
AD001037,-2381.5,1873.3,locality
AD001039,2973.2,-2349.5,street
AD001040,789.0,-1026.5,street
AD001041,1771.0,1594.8,pincode
AD001042,-2968.9,826.2,street
AD001043,-2815.6,1012.9,locality
AD001044,2707.3,-2312.1,locality
AD001045,2636.7,1720.9,street
AD001046,-2773.3,-44.3,locality
AD001047,2720.7,-1705.7,street
AD001048,2828.3,-2306.0,locality
AD001049,-727.8,-417.0,locality
AD001050,3014.9,580.4,locality
AD001052,2817.7,-2277.3,locality
AD001053,977.3,-645.7,street
AD001054,-367.7,3052.7,locality
AD001055,648.1,-3138.4,locality
AD001057,645.8,-3115.6,locality
AD001058,2762.2,-2150.4,locality
AD001059,996.4,-195.5,locality
AD001060,1471.6,-2305.6,locality
AD001062,3539.0,502.8,locality
AD001063,2560.8,-2062.6,locality
AD001064,-3710.1,-890.1,locality
AD001065,1621.2,-1200.0,pincode
AD001066,-3698.1,-909.9,locality
AD001067,1677.4,-1805.6,pincode
AD001068,573.8,1670.9,locality
AD001069,-21.9,-94.8,pincode
AD001070,-2255.9,-2319.7,locality
AD001071,-795.6,-623.4,locality
AD001073,914.0,-778.8,locality
AD001074,2650.1,-2242.5,locality
AD001075,-3292.4,1100.6,street
AD001076,-1219.5,-605.5,locality
AD001078,3378.9,-1984.4,locality
AD001079,-2457.8,-107.1,rooftop
AD001080,-2165.6,-214.3,street
AD001081,1086.5,-83.6,locality
AD001082,943.2,2485.2,locality
AD001083,893.3,-3317.8,street
AD001084,-1714.4,-2720.5,locality
AD001086,-778.5,-484.3,locality
AD001087,2087.3,-1960.4,pincode
AD001088,1086.4,-8.7,locality
AD001089,3707.0,228.1,locality
AD001091,-3695.7,-780.8,locality
AD001092,-938.8,-358.3,locality
AD001094,-2488.4,1782.3,locality
AD001095,1186.1,-1723.2,pincode
AD001096,2328.4,1206.5,locality
AD001097,1956.5,-971.3,locality
AD001098,2217.5,-1609.0,pincode
AD001099,-3779.9,-823.9,locality
AD001100,2755.9,-2185.0,locality
AD001101,486.3,-2813.1,locality
AD001102,1010.6,2547.2,locality
AD001103,542.9,111.2,pincode
AD001104,2105.4,1739.7,pincode
AD001105,2621.9,-2182.7,locality
AD001107,1557.9,-1653.5,pincode
AD001108,301.8,2520.8,street
AD001109,-2575.9,-346.3,locality
AD001110,-797.3,-1178.3,locality
AD001112,-1143.9,-2191.7,locality
AD001113,1135.1,-845.6,locality
AD001114,2707.2,-1445.8,locality
AD001115,-642.4,3038.9,locality
AD001116,3090.0,-1971.1,locality
AD001117,2509.2,-1235.1,locality
AD001118,-2477.7,1422.2,locality
AD001119,3820.8,341.4,locality
AD001120,-3914.3,-629.6,locality
AD001121,3709.3,754.2,street
AD001122,3749.7,406.4,locality
AD001123,-2723.5,-234.0,locality
AD001124,1587.7,-1923.8,locality
AD001125,1275.4,1129.1,street
AD001126,3094.5,622.8,locality
AD001127,516.4,-3180.2,locality
AD001128,902.4,-829.5,locality
AD001129,-707.4,3230.6,street
AD001130,-652.8,-3302.0,street
AD001131,1648.4,-2020.8,locality
AD001132,2564.4,-1844.1,street
AD001133,2550.4,-1268.5,locality
AD001134,760.8,-2998.2,locality
AD001135,-663.5,3058.4,locality
AD001136,1368.4,-111.1,locality
AD001137,295.3,1838.8,pincode
AD001138,-266.0,-3220.2,street
AD001139,1117.8,-2063.2,pincode
AD001140,-525.6,-1210.8,locality
AD001141,-622.3,-3498.9,locality
AD001142,-689.3,-604.3,locality
AD001143,3416.4,-1878.6,locality
AD001144,-613.2,-1231.1,street
AD001145,545.9,2307.6,street
AD001146,260.2,-163.8,pincode
AD001147,-1795.0,2348.4,pincode
AD001148,-1220.3,476.3,locality
AD001149,1475.6,-2112.6,locality
AD001150,1293.3,689.5,pincode
AD001151,836.3,-3077.1,locality
AD001152,1382.4,488.8,street
AD001153,-390.6,2116.3,pincode
AD001154,-3077.1,1006.3,locality
AD001155,933.7,991.6,street
AD001156,746.7,-423.6,street
AD001157,-1864.7,-2907.9,street
AD001158,899.5,2835.3,locality
AD001160,-2858.2,1221.5,locality
AD001161,3425.0,389.5,street
AD001162,-519.8,-3539.8,locality
AD001163,-1607.7,-2880.7,locality
AD001164,-658.8,-507.6,locality
AD001165,-521.0,3067.5,locality
AD001166,-2805.7,1404.6,locality
AD001167,1287.7,-1408.7,pincode
AD001168,-454.7,-639.9,locality
AD001170,3416.8,-1914.7,locality
AD001171,-2532.6,-271.3,locality
AD001172,2419.2,-2172.7,locality
AD001173,2540.5,1008.7,locality
AD001174,2595.0,-1932.5,rooftop
AD001175,1006.7,-770.0,street
AD001176,3520.3,8.7,street
AD001177,823.4,2799.6,locality
AD001178,1450.7,-1945.0,locality
AD001180,1031.2,-3518.5,locality
AD001181,-411.3,-3489.0,locality
AD001182,901.6,1379.7,locality
AD001183,3720.8,249.7,locality
AD001184,1135.1,-937.3,locality
AD001186,2455.6,-2092.4,locality
AD001187,1181.4,-220.8,locality
AD001188,3580.9,547.8,locality
AD001189,-777.2,2882.0,locality
AD001190,1036.4,-39.7,locality
AD001191,284.5,2569.3,locality
AD001192,-1133.1,-2935.9,locality
AD001193,-469.8,2866.1,locality
AD001194,2671.2,-1198.8,locality
AD001195,2533.2,-1232.9,locality
AD001196,2124.8,-1743.3,pincode
AD001197,1262.0,-631.3,locality
AD001198,1232.9,-2353.0,pincode
AD001199,990.6,-358.9,locality
AD001200,-2807.9,1237.3,locality
AD001201,545.0,-3085.2,locality
AD001202,-1406.4,-2767.0,locality
AD001203,-581.4,-3536.0,street
AD001204,1518.6,-2079.3,locality
AD001206,-2427.0,-314.2,locality
AD001207,2435.6,924.2,locality
AD001208,2038.3,-980.8,locality
AD001209,-1034.4,3134.4,street
AD001210,851.1,2856.5,locality
AD001211,1016.8,19.7,locality
AD001212,-1344.7,1507.3,pincode
AD001213,491.5,1762.5,locality
AD001214,2884.1,-1523.0,street
AD001215,2216.5,1652.3,locality
AD001216,767.6,-638.4,locality
AD001217,874.7,-764.5,locality
AD001218,-1244.1,379.8,locality
AD001219,1193.0,-3449.0,locality
AD001220,-2652.0,1610.5,locality
AD001222,3651.1,482.4,locality
AD001223,674.8,-3052.4,locality
AD001224,2816.8,-2167.8,locality
AD001225,570.2,-2816.7,locality
AD001226,1123.4,722.1,pincode
AD001227,3268.6,-2130.6,locality
AD001228,-1060.5,-3169.8,locality
AD001230,1168.9,1631.0,street
AD001231,2730.4,-2362.7,locality
AD001232,523.1,-3003.9,locality
AD001233,2946.6,-2077.0,locality
AD001234,-1280.4,-1272.2,pincode
AD001236,2795.5,-2203.6,locality
AD001237,3082.1,625.8,locality
AD001238,1486.3,-2029.8,locality
AD001239,-996.1,-3416.3,locality
AD001240,1126.1,-118.1,locality
AD001242,1576.6,-2017.7,locality
AD001243,2606.4,-2213.9,locality
AD001245,1633.5,-2108.3,street
AD001246,2832.5,-2360.1,locality
AD001247,-700.1,-309.6,street
AD001248,779.3,-842.7,locality
AD001249,788.0,-1015.8,locality
AD001250,2942.1,-2242.8,locality
AD001251,-1185.1,474.0,locality
AD001252,671.4,-3199.5,locality
AD001253,-770.6,-3236.6,street
AD001254,2702.7,88.8,street
AD001255,3482.5,429.2,street
AD001256,2821.9,-2230.6,locality
AD001257,2415.0,982.5,locality
AD001258,455.1,2585.3,locality
AD001259,-2776.2,-194.0,locality
AD001260,2582.1,-1330.1,locality
AD001261,619.5,-2985.1,locality
AD001262,-793.4,-460.3,locality
AD001263,-2563.4,-2374.3,locality
AD001264,-1281.4,-2066.2,locality
AD001265,-1022.1,-1809.8,locality
AD001266,2527.6,-2223.9,locality
AD001267,-2176.4,-2570.0,locality
AD001268,-763.3,-620.8,locality
AD001269,-2778.3,-138.9,locality
AD001270,-528.9,-1355.9,locality
AD001271,2903.8,-1704.2,street
AD001272,3299.4,-1913.1,locality
AD001273,2789.2,-2214.0,locality
AD001274,893.4,-824.3,street
AD001275,-2563.6,-363.4,locality
AD001276,1770.9,-1217.2,locality
AD001277,2409.4,-1150.0,street
AD001278,228.9,2213.6,locality
AD001279,1063.9,-194.1,street
AD001280,853.4,2676.5,locality
AD001281,1684.7,-2321.5,locality
AD001282,817.1,-636.7,locality
AD001283,3799.3,510.2,locality
AD001284,1487.9,-2023.2,locality
AD001285,-459.9,2746.1,locality
AD001286,1543.3,-4088.6,street
AD001287,-3730.3,-719.1,locality
AD001288,1109.7,-68.9,locality
AD001289,3994.3,668.4,rooftop
AD001290,1065.5,-919.8,locality
AD001291,801.0,-797.2,locality
AD001293,-968.9,-144.8,street
AD001294,1258.1,-1754.1,pincode
AD001295,483.5,-2857.5,locality
AD001296,3000.4,647.0,locality
AD001297,2303.9,1803.5,locality
AD001298,-930.8,-3001.2,locality
AD001299,-538.7,-1110.7,locality
AD001300,1569.4,-2218.7,rooftop
AD001301,-1957.2,-3046.1,street
AD001302,-3558.0,-825.4,locality
AD001303,2283.3,-1218.0,street
AD001304,-1958.0,-2771.0,street
AD001305,-2625.3,-355.2,locality
AD001306,2855.2,-2275.6,locality
AD001307,529.3,-3096.1,street
AD001308,-2814.9,1417.8,street
AD001309,-684.4,-1520.8,locality
AD001310,2354.8,1619.0,locality
AD001311,-3071.0,1210.1,locality
AD001312,-2787.5,1143.8,locality
AD001314,-2434.2,1408.9,street
AD001315,-2961.9,1328.4,locality
AD001316,-1259.0,-3144.2,locality
AD001317,1919.8,-1156.5,street
AD001318,1213.7,-55.1,street
AD001319,-421.9,3130.3,locality
AD001320,-543.2,-1029.4,street
AD001321,569.7,2284.4,street
AD001322,1751.4,1313.2,pincode
AD001323,737.1,-2894.7,locality
AD001324,2621.7,-1914.1,locality
AD001325,-1730.4,-2813.1,locality
AD001326,806.4,1175.1,locality
AD001327,1460.0,-1918.0,locality
AD001328,933.9,2624.5,locality
AD001329,701.6,-601.3,locality
AD001330,-3780.0,-960.1,locality
AD001331,-2535.9,-131.6,locality
AD001332,-1153.3,-2028.0,locality
AD001333,-2586.7,-352.4,locality
AD001335,-2179.8,-2339.4,locality
AD001336,2682.4,-2179.0,locality
AD001337,1350.2,-2179.3,locality
AD001338,3027.8,662.6,locality
AD001339,952.2,2547.0,locality
AD001340,825.1,2812.8,locality
AD001341,-980.8,-1755.2,street
AD001342,2906.1,710.1,locality
AD001343,-997.8,-315.1,street
AD001344,-1311.8,-1762.3,locality
AD001346,-713.7,-374.2,locality
AD001348,2614.3,-2334.9,locality
AD001349,2041.4,-1312.6,street
AD001350,-1748.6,-2600.8,locality
AD001351,897.5,-39.8,locality
AD001352,3764.9,358.0,locality
AD001353,3550.7,499.2,locality
AD001354,2756.1,-2255.3,locality
AD001355,763.2,-2989.0,locality
AD001356,332.4,2403.0,locality
AD001357,-330.2,3252.8,locality
AD001359,-719.2,2994.1,locality
AD001360,-2138.0,1033.2,street
AD001361,-1148.7,-3349.3,locality
AD001362,-1596.8,839.4,pincode
AD001363,2617.9,-2183.5,locality
AD001364,2765.1,-2295.0,locality
AD001365,1544.1,-1711.5,pincode
AD001366,1881.3,-984.4,locality
AD001367,285.9,2454.1,locality
AD001368,858.6,2534.8,locality
AD001369,-551.4,-542.2,street
AD001370,1371.8,1402.5,pincode
AD001371,-2450.6,-364.1,locality
AD001372,2856.8,-2140.2,locality
AD001373,2272.0,1868.7,locality
AD001374,1900.1,-859.0,locality
AD001375,-2594.2,894.9,locality
AD001376,-777.4,-578.9,locality
AD001377,1010.6,-1193.0,street
AD001378,1943.2,-842.2,locality
AD001380,1370.7,-2060.8,locality
AD001381,1017.3,-67.5,locality
AD001382,-404.6,-3295.6,locality
AD001383,1965.0,-2043.0,pincode
AD001384,-2563.4,-118.6,locality
AD001385,1141.8,-3394.7,locality
AD001386,-360.1,-3573.8,locality
AD001387,2876.1,-1977.0,locality
AD001388,2001.7,-1434.8,pincode
AD001389,725.5,2333.5,street
AD001390,-518.2,-3678.9,locality
AD001391,-2569.0,-363.1,locality
AD001392,-3663.5,-835.3,locality
AD001393,-1381.9,438.1,locality
AD001394,3085.9,-2001.7,locality
AD001395,1161.1,-909.8,locality
AD001396,-422.3,-3659.2,locality
AD001397,1614.7,-2180.1,locality
AD001399,-2006.2,1866.7,street
AD001401,-1177.5,-3196.8,locality
AD001402,304.3,2577.8,locality
AD001403,1207.7,-44.5,locality
AD001404,-1605.8,-2971.2,street
AD001405,-3706.9,-982.2,locality
AD001406,-3793.5,-908.3,locality
AD001407,-610.8,3318.4,locality
AD001408,2207.9,1204.6,locality
AD001409,-1630.7,-3030.7,locality
AD001410,-789.1,2907.8,street
AD001411,3072.2,-2466.7,street
AD001412,-3053.6,1121.0,locality
AD001413,-2739.6,1109.5,locality
AD001414,586.3,-3021.2,locality
AD001415,2765.8,1238.8,locality
AD001416,2656.6,-1636.0,street
AD001417,1120.1,-97.1,locality
AD001419,1247.4,-1496.1,pincode
AD001420,-2176.2,-2500.9,locality
AD001421,-2652.1,-214.7,locality
AD001422,3702.0,452.5,locality
AD001424,771.7,2485.7,locality
AD001425,911.0,-3325.0,street
AD001426,-2413.6,1348.9,pincode
AD001427,1017.7,-763.9,locality
AD001428,-2924.2,1246.6,locality
AD001430,819.9,2642.9,locality
AD001431,1107.4,-41.5,locality
AD001432,-554.4,-3533.9,locality
AD001433,2688.3,-2541.7,street
AD001434,1046.5,-847.5,locality
AD001435,-429.0,3335.1,locality
AD001436,-2544.4,1425.9,locality
AD001437,-2638.9,-72.0,locality
AD001438,-2370.1,1695.4,locality
AD001439,-171.2,-3644.3,locality
AD001440,-839.6,-649.1,locality
AD001441,3786.6,683.3,locality
AD001442,2005.9,-1809.6,pincode
AD001443,-510.8,-3410.4,locality
AD001444,934.2,-33.9,locality
AD001445,1017.0,934.6,locality
AD001446,1335.7,-2267.0,pincode
AD001447,-1305.9,-3016.1,street
AD001448,-2651.8,-307.9,locality
AD001449,1375.2,-1911.3,pincode
AD001450,2478.4,-979.6,street
AD001451,-641.2,-647.3,street
AD001453,-2401.6,1615.4,locality
AD001454,-1181.6,-3341.4,locality
AD001455,1367.7,-2027.1,street
AD001456,909.1,25.0,locality
AD001457,1108.0,2494.4,locality
AD001458,-2628.5,-239.5,locality
AD001460,3246.0,-1984.0,street
AD001461,-2605.0,1009.3,locality
AD001462,718.5,-2995.4,locality
AD001463,-2652.6,1795.5,locality
AD001465,-499.6,-370.9,locality
AD001466,3639.3,439.1,locality
AD001467,3223.3,-2025.6,locality
AD001468,444.8,-2899.2,locality
AD001469,-2423.6,1533.0,locality
AD001470,293.1,2048.2,street
AD001471,2585.8,-2212.1,locality
AD001472,1181.7,-3676.3,locality
AD001473,643.6,1690.7,locality
AD001474,1313.5,-2330.0,locality
AD001475,1171.8,21.4,locality
AD001476,-394.6,3294.2,locality
AD001477,-769.1,-1345.8,locality
AD001478,-116.6,1410.3,locality
AD001479,2847.0,-2006.9,locality
AD001480,3079.9,-1720.3,locality
AD001481,3171.9,-2127.5,locality
AD001482,3361.7,-2096.2,locality
AD001483,-498.6,3142.2,locality
AD001484,2740.1,-2429.8,locality
AD001485,874.5,-3188.1,locality
AD001486,-108.9,190.6,pincode
AD001487,1782.5,-2167.1,locality
AD001488,-1680.7,-2626.8,locality
AD001489,1321.3,-1829.1,locality
AD001490,-1062.9,379.5,locality
AD001491,3703.3,-2173.9,street
AD001493,625.7,-3336.6,locality
AD001494,722.2,-3068.9,locality
AD001495,1682.2,-1640.2,pincode
AD001496,1685.7,-885.2,locality
AD001497,1543.4,-2177.2,locality
AD001498,2726.1,-2311.2,locality
AD001499,3600.0,21.3,street
AD001500,-2717.6,1319.7,street
AD001501,1607.2,-1807.7,pincode
AD001502,-2367.3,-1426.6,pincode
AD001503,2884.8,-1660.9,street
AD001504,960.4,2733.4,locality
AD001505,992.7,2723.5,locality
AD001506,-827.7,3017.0,locality
AD001507,-2586.0,1853.4,locality
AD001508,-2441.9,-2161.5,locality
AD001509,2650.3,-2207.3,locality
AD001510,989.3,-261.7,locality
AD001511,1133.5,1195.6,locality
AD001512,-889.3,-472.8,locality
AD001513,581.0,1779.9,locality
AD001514,-1707.8,-2403.1,pincode
AD001515,1409.9,-1980.9,locality
AD001516,2275.3,-1833.4,pincode
AD001517,1171.6,-2988.3,street
AD001519,1081.1,-3832.5,locality
AD001520,-778.1,-3857.4,street
AD001521,-366.7,3087.4,locality
AD001523,3099.2,582.0,locality
AD001524,3463.8,322.9,locality
AD001525,-877.2,-824.3,street
AD001526,782.7,-3098.9,locality
AD001528,1334.5,-2166.0,locality
AD001530,987.8,-287.1,locality
AD001531,-1670.5,1927.3,pincode
AD001532,-1496.3,-2003.2,pincode
AD001533,741.5,-2979.3,locality
AD001534,-1791.8,-1633.8,pincode
AD001535,-413.7,3044.8,locality
AD001536,-2447.8,1734.6,locality
AD001537,-1710.9,-2603.6,locality
AD001538,1075.2,1767.5,street
AD001539,93.5,2007.4,street
AD001540,-2344.5,1651.7,street
AD001541,-1991.5,2382.5,locality
AD001542,-821.6,-3377.5,street
AD001543,2696.1,-1008.8,locality
AD001544,-472.9,2955.5,locality
AD001545,3469.2,-1951.2,locality
AD001546,-989.9,-3011.3,locality
AD001548,1756.3,-925.5,locality
AD001549,2700.1,-1412.8,locality
AD001551,1383.1,-1912.8,locality
AD001552,2494.0,967.6,locality
AD001553,944.6,2651.5,locality
AD001554,2764.2,-2156.5,locality
AD001555,-2538.4,1477.4,locality
AD001556,974.5,2585.3,locality
AD001557,1565.9,-1851.0,locality
AD001558,1816.7,1537.4,pincode
AD001559,2796.5,-1444.2,locality
AD001560,-3736.7,-749.6,locality
AD001561,1149.5,18.8,locality
AD001563,-853.7,-459.4,locality
AD001564,-391.3,-3370.0,locality
AD001565,-368.5,3280.2,locality
AD001566,1575.7,-2215.8,locality
AD001567,2786.7,-2258.6,locality
AD001568,2578.3,-2244.7,locality
AD001569,1726.8,-3034.8,pincode
AD001570,2315.8,1071.8,locality
AD001571,2200.4,1114.7,street
AD001572,-534.4,-1699.8,street
AD001573,846.4,-791.2,locality
AD001574,3829.4,35.3,street
AD001575,386.5,-3069.5,locality
AD001576,842.8,-3221.8,street
AD001577,1382.8,-40.3,locality
AD001578,-2376.9,1711.0,locality
AD001579,2515.4,-2361.5,street
AD001581,2854.3,-1818.2,street
AD001582,1014.9,-921.0,locality
AD001583,-827.0,-420.7,locality
AD001584,1536.1,-2194.3,locality
AD001585,964.6,-733.6,locality
AD001586,1501.7,-2001.5,locality
AD001587,-487.1,3271.1,locality
AD001588,-267.6,94.2,pincode
AD001589,688.6,3094.2,street
AD001590,-335.4,-3446.9,locality
AD001591,-1691.7,-2644.4,locality
AD001592,1481.6,-2558.0,street
AD001593,-873.0,-2219.9,rooftop
AD001594,1042.3,2961.3,locality
AD001596,598.1,-3117.1,locality
AD001597,655.2,-2866.0,locality
AD001598,2497.5,-1891.1,pincode
AD001600,1571.3,-2212.4,locality
AD001601,-31.0,1658.0,locality
AD001602,1778.7,-2199.5,pincode
AD001603,828.6,-180.3,locality
AD001604,-1777.6,2338.1,locality
AD001605,3520.0,419.6,locality
AD001606,-2506.9,-383.8,street
AD001607,3278.2,-1936.8,locality
AD001608,-451.3,2598.7,locality
AD001609,2314.7,1663.6,locality
AD001610,-918.1,-3170.7,locality
AD001611,285.3,-2771.2,street
AD001612,1697.8,-1096.0,pincode
AD001613,1205.4,74.3,locality
AD001614,2582.7,-1182.3,locality
AD001615,-1850.9,2731.0,locality
AD001616,2515.6,1368.0,street
AD001617,314.8,2285.2,locality
AD001618,1041.3,-718.3,locality
AD001619,2731.2,-1157.5,locality
AD001620,-496.1,-3284.0,locality
AD001621,-519.2,3232.2,locality
AD001622,1167.2,-644.7,locality
AD001623,2840.8,-2207.2,locality
AD001624,-3042.5,1199.3,locality
AD001625,-3036.4,1249.8,locality
AD001626,-1061.2,-3007.2,locality
AD001627,1588.5,-1763.8,pincode
AD001628,712.9,2950.2,street
AD001629,592.0,-3326.9,locality
AD001630,778.0,2934.1,street
AD001631,2709.3,504.7,rooftop
AD001633,2057.1,-898.4,locality
AD001634,812.4,-3012.4,locality
AD001635,-2458.4,1536.0,locality
AD001637,444.3,-2979.3,locality
AD001638,591.6,-2996.5,locality
AD001639,415.3,2533.0,locality
AD001640,1235.1,-3752.5,locality
AD001641,3825.4,420.5,locality
AD001642,1601.5,-1577.8,pincode
AD001643,1517.5,-1967.9,locality
AD001644,626.0,2553.9,locality
AD001645,2218.1,-1962.8,street
AD001646,1238.0,225.5,rooftop
AD001647,-1698.6,-2767.5,locality
AD001649,2755.3,-1987.3,locality
AD001651,-1174.7,-3009.5,locality
AD001652,1132.2,-2385.8,street
AD001653,856.4,-98.7,locality
AD001654,1174.5,2783.4,locality
AD001655,-2274.7,-2590.7,locality
AD001656,1125.6,67.9,locality
AD001657,1951.9,1647.1,pincode
AD001658,-476.9,3033.8,locality
AD001659,-2476.5,1636.2,locality
AD001660,581.4,2631.0,street
AD001662,-756.1,2837.8,locality
AD001663,-439.0,-224.4,locality
AD001664,1578.0,-2031.6,locality
AD001665,-447.2,3069.3,locality
AD001666,3317.1,-2000.1,locality
AD001667,462.6,1759.8,locality
AD001669,2878.2,-2099.2,locality
AD001671,2513.6,1104.9,locality
AD001673,1239.2,-1812.9,street
AD001674,3176.3,-2343.0,street
AD001676,2099.5,-1824.7,pincode
AD001677,-1360.6,-2891.7,locality
AD001678,1252.7,55.6,locality
AD001679,-1699.1,-2891.2,street
AD001680,1469.0,-2457.8,street
AD001681,-1561.9,2327.4,pincode
AD001682,-807.8,-313.4,locality
AD001683,2627.7,-1154.8,locality
AD001684,1011.4,2568.5,locality
AD001685,522.1,1655.8,locality
AD001686,562.4,1636.9,locality
AD001687,-2500.7,1537.0,locality
AD001689,-386.3,-665.3,street
AD001690,409.9,-3182.5,locality
AD001691,1078.1,-3695.4,locality
AD001692,-2876.1,1499.9,street
AD001693,-554.9,3146.0,locality
AD001694,1362.1,-1929.8,locality
AD001695,3037.0,-2259.4,locality
AD001696,-2114.1,1913.9,street
AD001697,797.5,3348.6,street
AD001698,1040.2,-270.9,locality
AD001699,-1501.8,711.2,street
AD001700,2962.6,410.7,locality
AD001701,278.1,1637.8,locality
AD001702,2463.6,-2260.8,street
AD001703,-1608.1,-2813.4,street
AD001704,-347.2,-581.3,locality
AD001705,-1072.8,-1875.6,locality
AD001706,3240.9,-1906.8,locality
AD001707,-527.8,2561.9,rooftop
AD001709,-1292.5,-2969.0,locality
AD001710,-163.9,1480.6,locality
AD001711,788.6,-3052.7,locality
AD001712,3093.3,509.3,locality
AD001713,1727.7,-2056.2,rooftop
AD001714,2242.7,1695.7,locality
AD001715,-1819.7,-1206.5,pincode
AD001716,1704.3,-1882.9,locality
AD001717,2307.3,1737.2,locality
AD001718,-399.1,3022.3,locality
AD001719,-646.0,3305.4,locality
AD001720,1080.8,-133.9,locality
AD001721,695.1,-3199.6,locality
AD001722,-1834.6,2566.3,pincode
AD001723,820.1,-1302.0,street
AD001724,1991.6,-1060.8,locality
AD001725,1479.6,-1887.6,pincode
AD001726,2871.6,891.7,street
AD001727,956.8,1887.2,pincode
AD001729,-1376.9,-1789.2,street
AD001730,-3044.6,1147.2,locality
AD001731,1298.0,-1889.1,street
AD001732,-1944.5,-2637.2,street
AD001733,-1594.3,-2889.4,locality
AD001734,-2515.6,1500.5,locality
AD001735,-2843.2,1009.0,locality
AD001736,-568.3,-1403.8,locality
AD001738,-678.3,-1195.8,locality
AD001739,143.6,-32.7,pincode
AD001740,347.8,2476.6,locality
AD001741,1628.8,-2015.0,locality
AD001742,-1115.5,-3121.6,locality
AD001743,877.3,2779.7,locality
AD001744,-2461.0,1435.1,locality
AD001745,-569.5,-3510.2,street
AD001746,2746.7,-2057.3,locality
AD001747,-917.2,-1650.1,rooftop
AD001748,3680.7,474.9,locality
AD001749,2981.5,816.1,pincode
AD001750,922.4,1323.5,locality
AD001751,-249.7,-957.3,street
AD001752,1326.9,-2359.5,locality
AD001753,997.1,-2850.9,street
AD001754,-2443.8,-42.8,street
AD001755,1494.1,-1370.7,pincode
AD001756,-1125.1,-1812.3,locality
AD001757,-2329.3,-2495.7,locality
AD001758,-365.2,-1648.2,rooftop
AD001759,-2781.8,1013.7,locality
AD001760,2931.8,-2140.4,locality
AD001761,-1598.9,-2687.2,locality
AD001763,-2758.9,-293.5,locality
AD001764,-3014.2,1200.2,locality
AD001765,2346.8,-1164.4,locality
AD001766,3282.7,-1997.2,locality
AD001767,798.4,2563.0,locality
AD001768,959.3,2985.1,locality
AD001769,971.4,3.1,locality
AD001770,2900.1,-2153.7,locality
AD001771,1163.0,-187.9,locality
AD001772,2718.1,-2321.7,locality
AD001773,1836.4,-1215.6,street
AD001774,-2341.0,1181.0,street
AD001775,2636.2,-2249.2,locality
AD001776,-3551.1,-926.1,locality
AD001777,-1622.5,-2725.0,locality
AD001778,-333.6,-3560.4,locality
AD001779,3206.8,-1832.2,locality
AD001780,-3883.8,-946.9,locality
AD001781,-465.7,-3667.9,locality
AD001782,1144.6,-2628.3,street
AD001783,-265.5,-1625.3,street
AD001784,2341.2,1732.6,locality
AD001785,1198.7,-465.1,street
AD001786,-3711.8,-1040.6,locality
AD001787,-517.5,3132.3,locality
AD001788,-1221.5,386.0,locality
AD001789,-1059.2,-3032.5,locality
AD001790,-2983.1,1209.1,locality
AD001791,-2792.4,1243.7,locality
AD001792,-2713.5,-498.9,street
AD001794,627.4,-2930.5,locality
AD001795,1752.4,2164.5,pincode
AD001797,2820.5,-2237.8,locality
AD001798,-3651.8,-874.5,locality
AD001799,2817.6,-2263.5,locality
AD001800,2607.7,-2223.6,locality
AD001801,3743.3,612.7,locality
AD001802,3155.8,-1716.5,street
AD001803,-2867.5,1100.8,locality
AD001804,382.6,2362.8,locality
AD001805,2581.8,-1194.0,locality
AD001806,1006.2,140.3,locality
AD001807,1153.4,3269.2,street
AD001808,860.8,-3087.3,locality
AD001809,1313.2,320.7,rooftop
AD001810,769.5,2816.6,locality
AD001811,1085.3,2667.7,locality
AD001812,3462.2,408.5,locality
AD001813,3192.7,-1887.9,locality
AD001815,-2833.7,1114.7,locality
AD001816,-2104.6,1495.5,pincode
AD001817,-2087.6,2424.6,locality
AD001818,216.3,-270.9,pincode
AD001820,-2050.5,2320.6,locality
AD001821,2427.6,-2381.9,street
AD001822,-2633.2,-543.2,street
AD001823,2334.0,-1654.6,pincode
AD001824,-2701.4,-112.2,locality
AD001825,3171.8,572.2,locality
AD001827,1196.1,-3676.5,locality
AD001829,2195.7,2226.8,street
AD001830,1262.5,2996.8,street
AD001831,-1609.2,2422.2,street
AD001832,3977.2,139.6,street
AD001833,1813.2,-2099.8,locality
AD001834,533.8,-3112.4,locality
AD001835,859.6,2869.0,locality
AD001836,-3099.5,1072.4,locality
AD001837,-1793.2,2367.4,locality
AD001838,-477.5,-3317.9,locality
AD001839,-784.3,-476.8,locality
AD001840,907.6,-780.8,locality
AD001841,3490.0,610.0,locality
AD001842,-3869.7,-981.6,locality
AD001844,-705.9,-215.2,street
AD001845,3808.2,556.3,locality
AD001846,-3620.1,-802.0,locality
AD001847,-2377.4,1238.7,street
AD001848,-3740.2,-887.6,locality
AD001849,255.4,2264.1,locality
AD001850,-1141.0,-3103.8,locality
AD001851,2194.6,-1359.6,pincode
AD001852,704.3,-2896.8,locality
AD001853,-718.8,-527.3,locality
AD001854,1049.0,-701.5,locality
AD001855,2583.1,-1405.4,locality
AD001856,-739.9,-481.1,locality
AD001857,1584.7,-1878.6,locality
AD001858,1813.9,-1555.0,pincode
AD001859,-484.7,3203.2,locality
AD001860,-2544.4,-605.3,street
AD001861,2845.9,-1843.3,street
AD001862,-2465.1,1184.9,pincode
AD001863,-892.6,-1156.7,pincode
AD001864,-186.8,-3903.7,rooftop
AD001865,703.9,1511.1,locality
AD001866,636.4,-2868.6,locality
AD001867,2767.0,1295.3,street
AD001868,-2510.0,-387.8,locality
AD001870,1346.4,1646.2,pincode
AD001871,1150.4,-2185.3,pincode
AD001872,-2556.4,-361.6,locality
AD001873,-773.1,-2186.2,rooftop
AD001874,-465.0,-403.8,locality
AD001875,2883.9,-1878.8,street
AD001876,-452.9,1238.8,locality
AD001877,2445.4,-1146.5,locality
AD001878,-2805.8,1238.5,locality
AD001879,572.0,-3106.3,locality
AD001880,3631.8,78.0,street
AD001881,1151.4,76.9,locality
AD001882,714.4,-3133.6,locality
AD001883,2674.9,-2182.4,locality
AD001884,945.2,-3595.2,locality
AD001885,155.1,-211.5,pincode
AD001886,3273.1,-1899.4,locality
AD001888,-499.6,-1345.9,locality
AD001889,-2291.8,-2415.0,locality
AD001890,1045.0,-563.4,locality
AD001891,-2591.7,-201.0,locality
AD001892,-762.0,-321.6,locality
AD001894,2953.3,577.4,locality
AD001895,1063.7,-3644.3,locality
AD001896,-2648.2,-241.1,locality
AD001897,-254.4,-3659.9,street
AD001898,1699.7,1613.3,pincode
AD001899,2652.0,-2166.9,locality
AD001900,-1093.3,-3053.8,locality
AD001901,-3595.6,-700.2,street
AD001902,-694.8,-414.5,locality
AD001903,1655.8,1952.0,pincode
AD001904,-1070.1,-3088.1,locality
AD001905,1143.6,72.9,locality
AD001906,-1757.4,-1453.8,pincode
AD001907,2919.8,-1638.7,street
AD001908,-2501.8,-107.0,street
AD001909,-2068.5,1404.2,pincode
AD001910,-593.2,-1136.2,locality
AD001911,1949.1,-1374.0,pincode
AD001912,2965.1,705.9,locality
AD001913,-1475.0,-2762.9,street
AD001914,-402.6,1276.8,locality
AD001916,-620.8,-524.5,locality
AD001917,997.1,77.6,locality
AD001918,-899.7,2753.1,locality
AD001919,-323.1,-3267.1,locality
AD001920,3812.0,389.7,locality
AD001921,1143.0,-819.7,locality
AD001922,-602.5,-3582.9,locality
AD001923,966.1,2766.0,locality
AD001924,874.3,1482.4,locality
AD001925,-786.5,-3777.6,street
AD001926,636.4,1521.6,locality
AD001927,1330.1,1134.7,pincode
AD001928,789.2,2761.4,street
AD001929,3073.5,-32.6,street
AD001930,2716.3,-2525.7,street
AD001931,-1045.2,-1268.8,pincode
AD001932,-418.5,-3362.8,street
AD001933,3066.4,-1975.5,locality
AD001934,-2601.2,-294.2,locality
AD001935,-2902.4,1246.9,locality
AD001937,710.6,3109.0,street
AD001938,-654.4,-509.2,locality
AD001939,-3738.3,-933.1,locality
AD001940,2336.2,1203.8,locality
AD001941,138.1,2504.1,locality
AD001942,-805.3,-601.1,locality
AD001943,3174.8,-1939.4,locality
AD001944,2596.3,-1611.1,locality
AD001945,-2863.4,1048.9,locality
AD001946,-611.7,-568.1,locality
AD001947,-315.1,-3592.1,locality
AD001948,-598.8,-473.6,locality
AD001949,2656.3,-2082.9,locality
AD001950,1509.4,-1920.4,locality
AD001951,-316.8,1507.7,locality
AD001952,934.1,2693.9,locality
AD001953,-328.4,-17.3,street
AD001954,1592.2,-2039.4,locality
AD001955,2816.1,540.8,locality
AD001956,598.9,-3866.6,street
AD001957,879.4,-879.4,locality
AD001958,3635.9,503.5,locality
AD001959,2107.2,-1380.9,street
AD001960,2839.3,-2122.9,locality
AD001961,-2980.7,1212.5,locality
AD001962,1419.9,-2046.5,locality
AD001963,-481.9,-311.2,locality
AD001964,3261.6,-2003.7,locality
AD001965,864.1,1170.7,locality
AD001966,2575.0,-1393.3,locality
AD001967,-1769.9,2444.6,locality
AD001968,2791.8,641.8,locality
AD001969,-1299.1,-3207.5,street
AD001970,-2791.3,1217.1,locality
AD001971,2560.3,-1548.2,locality
AD001972,634.7,-2867.4,street
AD001973,1841.2,-1563.4,pincode
AD001974,875.6,1283.5,street
AD001976,3416.0,-1822.6,street
AD001977,3746.3,312.6,locality
AD001978,3070.8,-2540.0,rooftop
AD001980,613.4,-3008.5,locality
AD001982,-2627.5,-260.8,locality
AD001983,3757.9,440.4,locality
AD001984,-1057.8,-1949.1,locality
AD001985,-545.1,-3456.5,locality
AD001986,1349.5,-1917.2,pincode
AD001987,1517.4,-1353.2,pincode
AD001988,-1968.0,1774.7,street
AD001989,3364.7,-1833.8,locality
AD001990,-2481.1,1432.3,locality
AD001991,777.8,-2969.0,locality
AD001992,2767.7,-2173.1,locality
AD001993,926.0,-3062.3,locality
AD001994,3264.6,-2505.3,street
AD001995,795.6,-602.0,locality
AD001996,1710.7,-1949.3,pincode
AD001998,2722.3,1738.9,rooftop
AD001999,-2221.9,1115.3,pincode
AD002000,-2680.5,-155.5,locality
AD002001,-1168.1,-1848.2,locality
AD002002,518.0,-2991.0,locality
AD002003,-1447.2,-2485.2,street
AD002004,3226.7,271.9,street
AD002005,-744.1,2931.1,locality
AD002007,1629.0,-1916.1,locality
AD002008,605.6,1594.9,locality
AD002009,-862.7,-537.9,locality
AD002011,-1026.9,-2116.1,pincode
AD002013,2475.8,874.1,locality
AD002014,-2558.5,-2177.8,street
AD002015,-895.5,-3135.4,locality
AD002016,2651.5,-2203.4,locality
AD002018,834.5,1445.3,locality
AD002019,1406.9,-1940.0,locality
AD002021,2912.2,-2130.1,locality
AD002022,-806.5,-237.5,locality
AD002023,-2447.9,1745.5,locality
AD002024,1676.3,-977.3,locality
AD002025,-2418.2,1573.6,locality
AD002026,-1756.9,-2671.6,locality
AD002027,-587.7,-485.8,locality
AD002028,-137.3,1302.9,locality
AD002029,2404.4,1005.0,locality
AD002030,2346.7,1756.7,locality
AD002031,4043.4,873.3,street
AD002033,-2586.4,-20.9,locality
AD002034,1701.6,-2518.7,pincode
AD002035,-857.8,-485.7,locality
AD002036,-1126.1,-1825.6,locality
AD002037,1226.7,-3860.1,locality
AD002038,2559.2,-2245.9,locality
AD002039,2762.4,-2184.1,locality
AD002040,-3774.3,-749.5,locality
AD002042,-2402.2,-340.0,locality
AD002043,2935.9,675.0,locality
AD002044,3245.6,-2036.8,locality
AD002045,-858.4,-525.9,locality
AD002046,-915.5,-3290.1,locality
AD002047,-2733.3,-348.6,locality
AD002048,845.6,-775.5,locality
AD002049,3726.8,385.8,locality
AD002050,-586.3,2764.2,locality
AD002051,-422.4,-3513.5,locality
AD002052,2.3,1337.9,locality
AD002053,-206.5,1462.1,locality
AD002054,1317.3,21.4,locality
AD002055,3047.1,722.5,locality
AD002056,3033.4,411.0,locality
AD002057,1467.1,1916.4,pincode
AD002059,1460.0,-1987.4,locality
AD002060,597.4,-350.4,street
AD002061,693.7,-3107.2,street
AD002062,2112.1,-1117.3,locality
AD002063,938.7,69.2,locality
AD002064,679.7,-2954.3,locality
AD002065,2763.3,856.4,street
AD002066,1467.8,-1921.0,locality
AD002067,1143.0,-221.8,locality
AD002068,-2408.7,1503.1,locality
AD002069,3724.5,435.0,locality
AD002070,-255.7,-3615.4,locality
AD002071,3708.7,-2280.2,rooftop
AD002072,-639.9,-3430.4,locality
AD002073,-2333.0,-2349.6,street
AD002074,1727.8,-1687.5,street
AD002075,1545.6,-1946.4,locality
AD002077,1656.2,-2345.5,pincode
AD002078,1224.3,-745.5,locality
AD002079,-2324.0,-2521.2,locality
AD002080,819.1,-2905.5,locality
AD002081,866.2,-787.5,locality
AD002082,2953.8,-2431.3,street
AD002083,-476.1,-3775.2,locality
AD002085,3397.4,488.8,street
AD002086,1580.7,-2179.5,pincode
AD002087,-662.0,-3420.5,locality
AD002088,2703.5,-2314.8,locality
AD002089,819.3,71.8,locality
AD002090,747.6,-3187.8,locality
AD002091,1545.7,-2083.9,locality
AD002092,3814.2,505.5,locality
AD002094,-2392.6,1619.0,locality
AD002095,-3980.3,-682.1,street
AD002096,3481.6,794.5,street
AD002097,1038.1,-258.6,locality
AD002098,-3644.5,-898.1,locality
AD002099,-1020.8,-1844.2,locality
AD002100,-1710.1,-907.3,pincode
AD002101,-546.4,3243.0,street
AD002102,3280.7,-1854.9,locality
AD002103,784.4,-2952.8,locality
AD002104,2318.2,876.1,locality
AD002105,3043.6,573.3,locality
AD002106,2827.9,-1173.7,locality
AD002107,-659.3,-1178.2,locality
AD002108,2765.3,-2325.1,locality
AD002110,1959.1,-1129.0,locality
AD002111,1732.3,-1195.9,pincode
AD002112,-351.7,3213.6,street
AD002113,704.2,-2978.3,locality
AD002114,-661.9,-476.9,locality
AD002115,-476.3,-3580.6,locality
AD002116,712.7,-3077.5,locality
AD002117,2205.1,1970.9,locality
AD002118,1437.4,-2135.7,locality
AD002119,-1182.3,-1061.7,pincode
AD002120,764.7,2750.3,locality
AD002121,2706.6,-2248.4,locality
AD002122,1034.1,-864.9,locality
AD002123,1151.9,-87.6,locality
AD002124,2631.2,-2194.7,locality
AD002125,927.5,-438.7,street
AD002126,2581.6,-1321.9,locality
AD002127,2466.5,1873.8,locality
AD002128,-2660.8,1186.8,street
AD002129,1019.7,-194.9,locality
AD002130,-181.6,3389.2,street
AD002131,-1699.1,-2572.2,locality
AD002132,2279.7,1890.4,locality
AD002133,-1348.5,407.7,street
AD002134,3058.3,-1965.9,locality
AD002135,1141.2,-782.1,locality
AD002136,1760.4,-2305.3,street
AD002138,4030.3,494.6,street
AD002139,-3583.8,-753.8,locality
AD002140,898.7,-34.3,locality
AD002141,-1617.7,-2932.7,locality
AD002142,-976.3,-2946.0,locality
AD002143,-2453.6,1698.4,locality
AD002145,-331.9,3321.1,locality
AD002146,1495.7,1391.6,pincode
AD002147,-1437.6,13.0,street
AD002148,-1237.6,387.9,locality
AD002149,1112.0,1330.1,street
AD002150,3658.6,286.3,locality
AD002151,1245.7,-3063.9,street
AD002152,-606.0,-1186.7,locality
AD002153,3420.2,-2004.4,street
AD002154,622.5,-2979.5,locality
AD002155,-2493.2,1524.6,locality
AD002157,939.9,-1043.6,locality
AD002158,1625.8,-1191.2,pincode
AD002159,-688.6,3019.2,locality
AD002160,-143.9,1249.8,locality
AD002161,1876.9,-1084.9,locality
AD002162,1460.3,-1988.1,locality
AD002163,1540.4,-1495.6,pincode
AD002164,-186.4,-3406.6,locality
AD002165,-2906.8,-274.5,locality
AD002166,-626.8,3048.5,locality
AD002167,-826.3,2784.6,locality
AD002169,1039.7,-165.6,street
AD002170,2587.6,-2042.3,locality
AD002171,602.6,-2924.5,locality
AD002172,1104.8,2779.0,locality
AD002173,3412.5,-1986.9,locality
AD002174,-699.0,-572.8,locality
AD002175,971.9,-924.3,locality
AD002176,830.9,2909.3,locality
AD002177,-1625.4,-2933.7,locality
AD002178,2972.9,-2406.0,street
AD002179,1308.7,-1638.6,pincode
AD002180,701.0,-2922.7,locality
AD002181,-2450.7,34.2,rooftop
AD002182,2834.8,-2238.3,locality
AD002183,-2232.7,-2593.2,locality
AD002184,-2160.6,-2450.2,locality
AD002185,-2566.2,1751.2,locality
AD002186,918.8,30.8,locality
AD002187,-4061.5,-883.0,street
AD002188,-197.4,-3282.0,street
AD002189,644.2,-2815.2,locality
AD002190,-1142.7,310.5,locality
AD002191,2911.9,-2206.9,locality
AD002192,-777.6,2805.7,locality
AD002193,1276.2,-1897.2,locality
AD002194,1415.6,-1880.8,locality
AD002195,-1441.7,-2192.3,pincode
AD002196,386.4,2374.8,locality
AD002197,851.0,-262.6,street
AD002198,2749.9,-2528.7,street
AD002199,1984.1,-966.8,pincode
AD002200,2825.4,497.5,street
AD002201,-256.6,1351.8,locality
AD002202,-2125.1,-2347.5,locality
AD002204,744.9,-704.8,locality
AD002205,-778.5,-471.9,locality
AD002206,919.8,2726.1,locality
AD002207,-1260.9,-2214.6,pincode
AD002209,-464.3,-3338.7,locality
AD002210,1403.2,-2105.7,locality
AD002211,1978.1,1115.8,pincode
AD002212,-1028.4,673.0,locality
AD002213,2942.7,739.4,street
AD002214,1205.4,-3636.3,locality
AD002215,667.3,-3157.9,locality
AD002216,2823.6,124.9,street
AD002217,-1147.1,-3287.8,locality
AD002218,974.0,2529.8,locality
AD002220,-856.0,2896.4,locality
AD002221,2407.7,948.7,locality
AD002222,-1826.1,1487.7,pincode
AD002223,912.8,-233.2,locality
AD002224,1800.9,-1365.3,pincode
AD002225,-485.6,-459.3,locality
AD002226,-664.3,2902.8,locality
AD002227,-767.6,-523.6,locality
AD002228,-421.3,3147.4,locality
AD002229,-2261.1,1177.5,street
AD002230,3164.1,-2209.9,locality
AD002231,2499.3,1088.6,locality
AD002232,-680.3,-3144.9,street
AD002233,-2643.2,-491.6,street
AD002234,-502.7,-3376.4,locality
AD002235,3288.7,1083.5,street
AD002236,-478.2,-453.3,locality
AD002237,1811.0,-932.1,pincode
AD002238,-2888.8,1204.5,locality
AD002239,1894.6,1498.2,pincode
AD002240,838.6,-3043.8,locality
AD002241,-144.9,-1105.9,street
AD002242,-438.5,-465.6,locality
AD002243,-1602.6,-2638.4,locality
AD002244,783.6,-2868.8,locality
AD002245,2800.4,-2026.2,street
AD002246,2435.3,-2340.8,rooftop
AD002247,1801.1,-753.6,locality
AD002248,-238.8,-59.2,pincode
AD002249,603.8,1864.0,locality
AD002250,-2217.8,-2420.9,locality
AD002251,-3783.0,-765.0,locality
AD002252,-2602.5,-159.8,locality
AD002253,-2636.6,-222.5,locality
AD002254,-537.2,-379.5,street
AD002255,754.7,2781.3,locality
AD002256,-985.0,568.8,locality
AD002257,242.8,2433.0,locality
AD002258,1102.4,-945.3,street
AD002259,3410.9,-2029.6,locality
AD002260,2146.7,-918.2,locality
AD002261,2891.7,579.1,locality
AD002262,2553.3,-1239.4,locality
AD002263,1496.1,-1915.3,locality
AD002264,931.8,2395.6,street
AD002265,-1090.1,-3089.5,locality
AD002266,-1905.9,2508.4,locality
AD002267,767.4,2788.3,locality
AD002269,1147.8,-53.4,locality
AD002270,820.4,-2785.2,locality
AD002271,1344.0,-2078.0,locality
AD002272,2987.9,566.3,locality
AD002273,2409.4,-1272.3,locality
AD002274,637.8,-2832.5,street
AD002275,841.7,2725.2,locality
AD002276,-2947.5,1325.8,locality
AD002277,1438.2,-2188.6,locality
AD002278,836.5,1382.5,locality
AD002279,-649.6,-1534.5,street
AD002280,812.5,-3281.5,locality
AD002281,-2738.7,891.1,street
AD002282,-999.7,-557.3,locality
AD002283,-443.2,-3363.8,locality
AD002284,604.3,-13.4,street
AD002286,2514.3,1849.5,locality
AD002287,1604.4,-1942.2,locality
AD002288,1629.6,-1241.3,pincode
AD002289,2718.7,-2300.6,locality
AD002291,-1732.7,-3234.4,street
AD002292,-3455.1,-861.2,rooftop
AD002293,-863.3,-955.5,street
AD002294,1599.0,-1990.1,locality
AD002295,-1260.2,-1505.9,pincode
AD002296,3317.5,-1924.0,locality
AD002297,2030.8,-928.6,locality
AD002298,3035.6,-2161.0,street
AD002299,909.2,2663.3,locality
AD002300,2997.2,497.5,locality
AD002301,1282.7,-2128.4,locality
AD002302,751.0,2607.3,locality
AD002303,-1241.8,-2716.3,pincode
AD002304,2724.7,-2170.3,locality
AD002305,2539.3,988.5,locality
AD002306,2801.3,-2204.8,locality
AD002307,2597.9,-2082.0,locality
AD002308,2593.2,-2062.8,locality
AD002309,2700.1,716.1,pincode
AD002310,2467.9,1195.7,locality
AD002311,3065.5,-1761.0,locality
AD002312,963.9,-86.4,locality
AD002314,-870.5,-2963.3,locality
AD002315,339.7,2378.9,locality
AD002316,1902.2,-954.2,locality
AD002317,-2125.7,-2459.3,locality
AD002318,-73.6,894.1,street
AD002319,2834.0,-2145.4,locality
AD002321,3008.9,-1857.4,locality
AD002322,783.7,2554.3,locality
AD002323,-347.1,1800.6,pincode
AD002324,-1585.9,-2919.6,locality
AD002325,2975.9,428.7,locality
AD002327,1425.0,1283.9,pincode
AD002328,-409.2,-3546.6,locality
AD002330,1660.8,-2181.3,locality
AD002332,1647.5,-1677.3,pincode
AD002333,-2732.9,-101.2,locality
AD002334,-2464.3,1549.7,locality
AD002335,3162.3,-2245.3,locality
AD002336,4053.1,817.8,street
AD002337,1972.0,1560.0,rooftop
AD002339,695.6,2723.1,locality
AD002340,2711.6,1801.6,pincode
AD002341,899.8,2724.6,locality
AD002342,-79.4,1267.4,locality
AD002343,-1250.8,2119.2,pincode
AD002344,2054.9,1624.7,pincode
AD002345,1165.2,1227.4,locality
AD002346,780.1,-779.4,locality
AD002347,-322.9,-3515.1,locality
AD002348,1058.3,-2743.0,street
AD002349,-565.3,-847.2,street
AD002350,-3867.6,-917.6,locality
AD002351,3135.4,-1991.9,locality
AD002352,296.6,2439.3,locality
AD002353,-1268.1,501.3,locality
AD002354,-2879.2,1001.8,locality
AD002355,2880.3,-2280.9,locality
AD002356,-2191.2,975.9,pincode
AD002357,1123.6,115.1,locality
AD002358,2274.6,1095.5,pincode
AD002359,1543.9,-1501.2,street
AD002360,-541.5,2979.8,locality
AD002361,628.0,-3030.2,locality
AD002362,2553.7,-2096.5,locality
AD002363,3183.8,-2047.9,locality
AD002364,2356.0,1781.7,locality
AD002365,938.1,-632.6,street
AD002366,1344.7,-3566.1,locality
AD002367,2329.2,916.2,locality
AD002368,1251.7,-476.9,street
AD002369,-1672.1,-2840.5,locality
AD002370,-2124.1,1805.2,street
AD002371,835.1,-129.4,locality
AD002372,3164.0,-2080.8,locality
AD002373,-1385.6,-2547.2,street
AD002374,2678.6,1602.1,street
AD002375,1394.6,-3569.6,street
AD002376,-1209.2,478.4,locality
AD002377,1390.2,-3335.9,locality
AD002378,-2690.3,971.5,locality
AD002380,2973.8,-2417.8,street
AD002381,891.3,-339.7,street
AD002382,1241.3,-275.5,street
AD002383,-399.6,-3606.8,locality
AD002384,-517.2,-739.0,locality
AD002385,-609.3,-752.7,locality
AD002387,-1753.9,-2764.6,locality
AD002388,1829.7,-1850.6,pincode
AD002389,42.5,2414.6,pincode
AD002391,-485.3,3194.2,locality
AD002392,2162.7,1118.7,locality
AD002393,647.5,-3250.1,locality
AD002394,-1860.8,2569.0,locality
AD002395,-296.8,-992.8,street
AD002396,2769.0,-1241.2,locality
AD002397,-3652.1,-901.0,locality
AD002398,800.7,-945.2,locality
AD002399,1167.8,-3506.3,street
AD002400,-2541.2,1706.8,locality
AD002401,623.2,-3036.2,locality
AD002402,1164.8,-3657.0,locality
AD002403,2383.6,1063.5,street
AD002404,2805.1,-2118.8,locality
AD002405,-957.2,-951.0,street
AD002407,3748.5,474.4,locality
AD002408,-1224.0,26.9,street
AD002410,805.6,-676.1,locality
AD002411,801.4,-869.3,locality
AD002412,-2656.6,-471.7,locality
AD002413,2684.7,-2126.1,locality
AD002414,2896.4,-1840.5,street
AD002415,-2802.8,50.4,street
AD002416,-236.8,-3219.2,locality
AD002417,-524.0,-1289.1,locality
AD002418,1080.6,-1354.2,pincode
AD002419,2671.6,-2548.6,street
AD002421,508.0,-2950.9,locality
AD002422,1365.9,-3537.5,locality
AD002423,-2842.7,1474.8,street
AD002424,-488.6,-3292.9,locality
AD002425,-3787.3,-505.2,street
AD002427,-309.2,-3515.3,locality
AD002428,1083.7,-55.1,locality
AD002429,2322.2,1169.7,locality
AD002430,2808.9,-1919.1,street
AD002431,2942.3,-1382.6,street
AD002432,797.1,2497.7,street
AD002433,456.0,-3097.7,locality
AD002434,-2750.1,1316.1,locality
AD002435,2076.0,-964.7,locality
AD002436,574.4,2932.1,street
AD002437,1303.4,-2199.0,locality
AD002438,2330.1,1252.4,locality
AD002439,2588.5,955.2,locality
AD002440,1798.9,-1510.7,pincode
AD002441,-501.5,-626.5,street
AD002442,-2687.3,1245.5,locality
AD002444,-2923.1,1147.1,locality
AD002445,926.9,-812.3,locality
AD002447,699.4,-912.4,locality
AD002448,3841.4,584.1,locality
AD002449,2343.1,1744.5,locality
AD002450,1124.4,-231.7,street
AD002451,-1298.8,259.0,locality
AD002452,-1278.7,-3243.6,locality
AD002453,1650.1,-2143.0,locality
AD002454,-2431.1,1469.1,locality
AD002456,2355.2,-1204.1,street
AD002457,2786.7,-2270.7,locality
AD002458,659.3,-3105.2,locality
AD002459,1739.4,-2013.0,street
AD002461,2058.5,-2086.6,pincode
AD002462,2773.0,-2078.2,locality
AD002463,811.6,-3179.1,locality
AD002464,3192.8,669.8,locality
AD002465,2086.3,2116.8,pincode
AD002466,1570.3,-2122.4,locality
AD002467,3356.2,-2014.3,locality
AD002468,-3060.1,1146.2,locality
AD002469,-801.3,3037.7,locality
AD002470,2799.5,-1166.1,locality
AD002471,3426.1,-1748.8,locality
AD002472,-3355.4,-1017.5,street
AD002473,1673.9,-2049.5,locality
AD002474,3050.3,689.6,locality
AD002475,1053.7,1235.7,locality
AD002476,770.2,1311.6,locality
AD002477,-2418.0,1582.2,locality
AD002478,-877.9,-530.2,street
AD002479,2709.1,-2156.4,locality
AD002480,1666.7,-2191.5,street
AD002481,968.5,-854.7,locality
AD002482,5.2,-306.6,pincode
AD002483,390.4,-3085.1,locality
AD002484,2869.9,-2197.6,locality
AD002485,-2016.3,-1454.4,pincode
AD002486,3395.3,-1949.4,locality
AD002487,1272.1,2739.3,street
AD002488,1188.5,73.0,locality
AD002489,-763.7,-432.0,locality
AD002490,-491.2,-1176.1,locality
AD002491,-113.2,2612.6,street
AD002492,-488.1,-335.4,locality
AD002493,-2842.7,-237.7,locality
AD002494,-657.7,-1265.1,locality
AD002495,-1911.2,-2128.2,pincode
AD002496,-1112.5,-3023.5,locality
AD002497,-759.0,-371.2,locality
AD002498,1205.6,-3827.8,locality
AD002499,884.1,2963.0,locality
AD002500,1024.9,1623.8,street
AD002501,761.5,2657.9,locality
AD002502,945.1,-3384.4,street
AD002504,-2358.3,1470.0,locality
AD002505,2775.0,-2182.1,locality
AD002506,789.3,-872.9,locality
AD002508,271.0,2306.3,locality
AD002509,-2504.9,-727.9,street
AD002510,-1833.9,2444.1,locality
AD002511,1950.8,-2070.4,pincode
AD002512,3742.2,532.5,locality
AD002513,-692.9,-282.1,street
AD002514,744.3,-3283.6,rooftop
AD002515,2075.7,-900.4,locality
AD002516,1059.7,2927.7,locality
AD002517,984.3,1423.0,locality
AD002518,-279.3,-3229.4,locality
AD002519,-518.6,3253.9,locality
AD002520,918.7,-888.7,locality
AD002521,1405.5,-1967.6,locality
AD002522,-2587.6,-123.6,locality
AD002523,3101.5,-2232.5,locality
AD002524,626.7,1703.2,locality
AD002525,873.1,2887.9,locality
AD002526,1465.2,-2192.7,locality
AD002527,943.4,2702.4,locality
AD002528,-2508.6,-179.9,locality
AD002529,2028.4,933.3,pincode
AD002530,1236.6,-2316.9,pincode
AD002531,965.5,1256.4,locality
AD002532,-2345.8,1798.7,locality
AD002533,923.2,2845.6,street
AD002534,902.8,-40.9,locality
AD002535,3114.7,637.6,locality
AD002536,2843.3,705.2,street
AD002537,1819.4,-2126.8,pincode
AD002539,-2849.1,1001.2,locality
AD002540,2693.7,-1290.7,locality
AD002541,942.3,105.0,locality
AD002542,3462.6,-1901.7,locality
AD002543,-672.6,-1185.8,locality
AD002544,737.5,-2845.9,locality
AD002545,-1284.4,816.9,pincode
AD002546,-2758.1,-222.3,locality
AD002547,553.8,1629.5,locality
AD002548,603.3,-2810.8,street
AD002549,1089.5,-977.7,locality
AD002550,2996.8,493.6,locality
AD002551,3091.3,-1939.7,locality
AD002552,-2398.9,-329.5,locality
AD002553,3202.3,-2117.0,locality
AD002555,2516.2,-1226.7,locality
AD002556,-676.7,-1235.3,locality
AD002557,1068.2,-3691.3,locality
AD002558,1813.7,-854.1,locality
AD002559,-1827.1,2485.6,locality
AD002560,2899.1,502.1,locality
AD002561,-508.0,1565.4,street
AD002562,975.1,-648.2,locality
AD002563,-224.8,-3537.3,street
AD002564,-431.3,3271.2,locality
AD002565,2639.4,1394.4,street
AD002566,-2641.1,-276.8,locality
AD002567,-757.6,-506.3,locality
AD002568,2849.6,642.3,locality
AD002569,278.1,2579.8,locality
AD002570,2314.5,1671.1,locality
AD002571,-2063.9,-2380.8,rooftop
AD002572,1214.5,910.9,locality
AD002573,-2766.1,1133.6,locality
AD002574,1661.3,-2234.3,locality
AD002575,2650.1,-1322.7,locality
AD002576,1707.3,-1869.6,locality
AD002577,-689.8,2867.3,locality
AD002578,-2447.4,1640.8,locality
AD002579,-2233.4,-2411.5,locality
AD002580,-1562.1,-2731.0,locality
AD002581,-472.3,3397.3,locality
AD002582,-2426.2,1592.7,locality
AD002583,3091.0,536.0,locality
AD002584,1445.9,2074.3,pincode
AD002585,2453.4,1323.8,street
AD002586,949.6,-740.0,locality
AD002587,3237.3,-1897.0,locality
AD002588,553.7,-3140.9,locality
AD002590,-2540.5,-373.6,locality
AD002591,-946.0,2804.1,street
AD002592,3851.8,152.7,locality
AD002593,2504.2,978.5,locality
AD002594,-1102.5,-1913.9,locality
AD002595,-478.1,-544.6,locality
AD002596,-735.1,2698.8,street
AD002598,1249.7,-2368.4,locality
AD002599,984.1,-977.3,locality
AD002600,-2721.4,-383.7,locality
AD002601,1172.7,-79.9,locality
AD002602,-919.9,-745.9,street
AD002603,2287.4,665.1,pincode
AD002605,-3554.4,-943.4,locality
AD002606,1276.2,-65.6,locality
AD002607,-1916.0,1020.5,pincode
AD002608,-493.4,-1259.8,locality
AD002609,2113.4,-2163.2,pincode
AD002610,3399.1,-2220.0,street
AD002611,3116.3,716.0,locality
AD002612,-1082.4,-3038.7,locality
AD002613,686.7,-3122.4,locality
AD002614,1047.8,-830.9,locality
AD002615,1133.3,-3768.1,locality
AD002616,-753.4,-1149.8,locality
AD002617,-2470.0,1492.3,locality
AD002618,2555.1,-1287.0,locality
AD002619,1031.9,1274.6,locality
AD002620,-705.3,-705.6,locality
AD002621,811.2,-3155.1,street
AD002622,-437.3,-290.4,locality
AD002623,1653.1,-1438.3,pincode
AD002624,699.1,-2768.7,locality
AD002626,3098.5,528.1,locality
AD002627,395.1,-103.4,pincode
AD002628,729.5,-2968.7,locality
AD002629,1225.1,-3495.3,locality
AD002631,425.3,-3107.3,street
AD002632,738.8,-879.1,locality
AD002633,3207.1,831.0,street
AD002634,555.5,-3029.5,locality
AD002635,3428.7,-1787.7,locality
AD002636,-2384.0,1572.4,street
AD002637,-1043.4,-3138.6,street
AD002638,2460.1,-1195.4,locality
AD002639,1007.7,2661.1,locality
AD002640,566.8,-2961.3,street
AD002641,-3132.1,860.2,locality
AD002642,2744.1,-1552.3,street
AD002643,-1250.1,-1907.3,locality
AD002645,2747.7,1179.6,locality
AD002647,1650.6,-2080.7,pincode
AD002648,3208.9,-1986.1,locality
AD002649,-443.7,3167.1,locality
AD002650,1629.1,-1791.2,locality
AD002651,-674.2,3210.5,locality
AD002652,-1003.0,-930.5,street
AD002653,527.6,1498.2,street
AD002654,3738.5,629.6,locality
AD002655,-2872.2,-103.7,street
AD002656,-2485.8,1795.9,locality
AD002657,1421.0,-2053.7,locality
AD002658,-1156.0,-798.4,street
AD002659,-813.6,-745.8,locality
AD002660,-2227.1,-2292.9,locality
AD002661,1702.3,-1422.6,pincode
AD002662,-3880.3,-979.9,locality
AD002663,866.7,-2995.2,locality
AD002664,1269.4,-2524.4,street
AD002665,-189.1,1309.2,locality
AD002666,-1384.9,-1815.1,pincode
AD002667,-712.6,-467.2,locality
AD002668,-1505.5,387.7,locality
AD002669,-644.7,237.6,pincode
AD002670,2333.0,1574.9,locality
AD002671,-300.2,1173.6,street
AD002672,2314.7,1011.9,locality
AD002673,2778.0,-2164.2,locality
AD002674,-1639.8,-541.6,pincode
AD002675,-530.8,3336.5,locality
AD002676,3852.9,417.2,locality
AD002678,-3729.3,-765.3,locality
AD002680,-2011.6,-1639.1,pincode
AD002681,2971.3,-2135.6,locality
AD002682,628.8,2447.7,street
AD002683,1245.4,-2638.1,street
AD002684,-2640.1,-224.6,locality
AD002685,3770.2,527.7,locality
AD002687,119.1,2325.9,locality
AD002688,1684.2,-2222.0,locality
AD002689,-1503.8,-2731.9,locality
AD002690,1586.3,-2035.8,locality
AD002691,1530.8,-2072.1,pincode
AD002692,-449.5,-3593.8,locality
AD002693,-709.9,-605.1,locality
AD002694,2034.3,-1244.0,pincode
AD002695,2913.7,798.0,street
AD002696,-2450.9,1695.3,locality
AD002697,329.7,1956.8,locality
AD002698,-1811.8,1977.4,street
AD002699,1179.7,-109.2,locality
AD002700,-1507.7,-2069.7,street
AD002701,1561.1,1421.1,pincode
AD002702,969.8,-3309.1,locality
AD002703,326.1,-3245.2,street
AD002704,1104.7,-145.2,locality
AD002705,-517.6,2993.4,locality
AD002706,1110.7,-504.3,locality
AD002707,1828.4,-1468.4,pincode
AD002708,-729.0,-449.6,locality
AD002709,2384.7,-2311.3,street
AD002710,-1244.3,-1839.3,locality
AD002711,671.8,-3065.4,locality
AD002712,-281.3,-3399.6,locality
AD002713,-2522.1,-154.3,locality
AD002714,3095.0,-1966.2,locality
AD002715,587.3,-3000.1,locality
AD002716,-1166.5,-2153.3,pincode
AD002717,2512.3,-1035.3,locality
AD002718,-335.5,3119.5,locality
AD002719,-730.6,-469.9,locality
AD002720,-212.0,-3435.4,locality
AD002721,-1990.6,2387.0,locality
AD002722,-1648.5,-1277.0,pincode
AD002723,-1645.4,-2714.3,locality
AD002724,-2026.5,-3186.5,street
AD002725,748.1,2560.2,locality
AD002726,987.2,1171.2,locality
AD002727,1099.0,-358.9,locality
AD002728,703.2,2447.5,locality
AD002729,277.1,2254.7,locality
AD002730,2532.8,-1783.0,pincode
AD002731,936.4,1635.1,street
AD002732,-155.0,1510.3,locality
AD002733,790.6,2881.0,locality
AD002734,1033.1,2638.9,locality
AD002735,3846.1,241.0,locality
AD002736,1105.5,-3758.9,locality
AD002737,3779.9,229.8,locality
AD002738,-1224.4,581.1,locality
AD002739,1011.9,-773.8,locality
AD002740,-3082.3,1063.6,locality
AD002741,876.4,-75.0,locality
AD002742,484.3,-3012.0,locality
AD002743,-1090.1,-1796.0,locality
AD002744,2546.4,1235.3,locality
AD002746,2786.2,-2291.9,locality
AD002748,1010.4,-1816.5,street
AD002749,-601.3,-307.1,locality
AD002750,1145.3,2709.8,locality
AD002751,2934.1,548.7,locality
AD002752,1102.7,1334.6,locality
AD002753,3726.0,305.7,locality
AD002754,-580.1,3135.0,locality
AD002755,-3892.4,-810.0,locality
AD002756,-1965.9,1961.8,pincode
AD002757,2574.4,-2155.1,street
AD002758,-2657.2,-346.2,locality
AD002759,1162.0,-3599.7,locality
AD002760,-484.4,-3624.6,locality
AD002761,-3570.0,-723.9,locality
AD002762,-1264.9,230.8,locality
AD002763,1676.1,-2086.9,locality
AD002764,494.1,-3311.7,rooftop
AD002765,993.5,23.2,locality
AD002766,2532.9,-2151.6,locality
AD002767,-2341.5,1549.1,pincode
AD002768,46.1,-3341.5,street
AD002769,487.1,1792.8,locality
AD002770,-1750.0,-2878.3,locality
AD002771,1692.3,-1760.7,pincode
AD002772,2396.7,-1277.7,locality
AD002773,-978.5,-3155.4,locality
AD002774,1155.3,-34.8,locality
AD002775,693.3,-2951.2,locality
AD002776,-902.0,-1869.6,locality
AD002777,982.9,751.3,street
AD002778,-519.0,3143.3,locality
AD002779,-2117.2,-2481.4,locality
AD002781,2689.0,-2009.5,locality
AD002782,1293.0,-3742.6,locality
AD002783,2603.1,-2247.7,locality
AD002784,-520.8,-321.8,locality
AD002785,3262.4,-1994.0,locality
AD002786,-2584.8,1428.0,locality
AD002787,557.0,-3284.0,locality
AD002788,1111.5,2673.3,locality
AD002789,-2448.2,1701.0,locality
AD002791,138.9,145.8,pincode
AD002792,-1201.6,373.3,locality
AD002793,-2184.3,1193.8,pincode
AD002794,1491.6,-2024.0,locality
AD002795,289.0,2439.4,locality
AD002796,643.0,204.9,pincode
AD002798,957.6,2534.6,locality
AD002799,3445.0,-27.3,street
AD002800,-3996.9,-1034.7,street
AD002801,-481.6,-1058.8,locality
AD002802,723.6,-3024.8,locality
AD002803,-810.7,-1246.5,locality
AD002804,-572.1,3027.8,locality
AD002806,2934.2,-2395.7,locality
AD002807,1474.1,-1119.0,street
AD002808,2836.0,-1863.9,locality
AD002809,2006.2,-823.2,locality
AD002811,-505.4,2956.1,locality
AD002812,-548.9,-1395.4,locality
AD002813,-1181.8,416.6,locality
AD002814,-888.5,-3561.2,rooftop
AD002815,1681.8,-2023.3,pincode
AD002816,-1400.0,2521.1,pincode
AD002817,871.8,-795.5,locality
AD002818,425.4,2348.2,locality
AD002819,1711.1,-1938.1,pincode
AD002820,1365.1,-2037.0,locality
AD002821,1493.1,-2120.0,locality
AD002822,958.5,-475.7,street
AD002823,-1505.6,-2989.9,locality
AD002824,882.0,2729.9,locality
AD002825,672.8,-2970.1,locality
AD002826,33.6,1599.8,locality
AD002827,-980.0,311.6,locality
AD002828,-1187.7,1245.6,pincode
AD002829,-2482.1,42.4,locality
AD002830,3287.7,-2198.5,locality
AD002831,919.6,2584.5,locality
AD002832,2515.9,-1026.7,locality
AD002833,-308.2,1324.3,locality
AD002834,1504.4,1737.4,pincode
AD002835,2757.5,-2266.5,locality
AD002836,1514.7,-1545.0,pincode
AD002837,590.4,-3213.1,locality
AD002838,2783.3,-1094.2,street
AD002839,-353.8,-431.3,locality
AD002840,1037.0,-227.0,locality
AD002841,2019.3,-1038.5,locality
AD002842,-663.7,-213.6,locality
AD002843,-125.2,-570.8,street
AD002844,675.0,-3131.9,locality
AD002845,-2278.0,-2775.7,street
AD002846,2543.2,1074.8,locality
AD002847,918.5,-634.9,locality
AD002848,944.4,-744.1,locality
AD002849,1341.5,-2040.7,locality
AD002850,665.4,2976.9,street
AD002851,-569.8,-390.2,street
AD002852,-342.3,2735.4,street
AD002853,-72.9,1583.9,locality
AD002854,1466.7,-2055.2,locality
AD002855,2515.1,1203.1,locality
AD002856,1713.9,-1796.4,pincode
AD002857,1010.0,-874.3,locality
AD002858,688.1,-3098.8,locality
AD002859,947.7,2897.3,locality
AD002860,3771.7,597.6,locality
AD002861,268.8,2361.5,locality
AD002862,3238.0,-1882.5,street
AD002863,-409.1,-3408.0,locality
AD002864,-1634.0,-1898.8,pincode
AD002865,-2959.4,-248.8,street
AD002866,3586.9,478.6,locality
AD002867,-2760.5,1514.0,locality
AD002868,-640.3,-1408.3,locality
AD002869,-840.4,-398.7,locality
AD002870,1650.9,-2047.4,locality
AD002871,913.8,-1116.8,street
AD002872,2914.3,633.3,locality
AD002873,-2558.1,-248.5,locality
AD002874,3716.2,548.1,locality
AD002875,1486.4,308.1,street
AD002876,423.4,-2920.7,locality
AD002877,-553.9,-765.2,locality
AD002878,2804.6,-1429.0,locality
AD002879,2512.4,-1304.3,locality
AD002880,-492.3,3164.6,locality
AD002881,1983.5,1458.4,pincode
AD002882,1501.5,-1933.2,pincode
AD002883,686.8,-2860.7,locality
AD002884,-377.3,-3300.4,rooftop
AD002886,508.5,-3008.0,locality
AD002887,2449.0,1054.7,locality
AD002888,3003.7,432.1,locality
AD002889,3679.3,284.6,locality
AD002890,-1467.5,2822.8,pincode
AD002891,502.5,-927.0,street
AD002892,-2359.3,1492.0,locality
AD002893,1658.7,-2263.3,locality
AD002894,532.1,1543.0,locality
AD002896,829.6,-766.5,locality
AD002898,-408.9,-3529.5,locality
AD002899,3064.9,575.3,locality
AD002900,3238.8,-2095.0,locality
AD002901,870.3,-1304.3,street
AD002902,-283.8,3266.7,locality
AD002903,-2286.2,1608.0,street
AD002904,2840.0,-2034.1,locality
AD002905,802.7,-800.0,locality
AD002906,-546.7,-562.8,locality
AD002907,979.7,2696.2,locality
AD002908,2637.8,-2240.0,street
AD002910,-622.1,-1083.7,locality
AD002911,3116.5,-2190.1,locality
AD002912,1990.5,1558.6,pincode
AD002913,-326.2,1122.0,locality
AD002914,-1367.7,338.6,locality
AD002915,-516.0,-363.8,locality
AD002916,-268.9,-3469.0,locality
AD002917,-811.2,-3096.7,locality
AD002918,2611.1,-2304.1,locality
AD002920,2742.9,-2030.6,locality
AD002921,-2569.0,1614.1,locality
AD002922,776.5,-2994.2,locality
AD002923,2742.8,-2135.6,locality
AD002924,1722.7,-1104.1,locality
AD002925,2697.3,-2314.2,locality
AD002926,-3529.2,-882.9,locality
AD002927,-2185.5,-662.3,pincode
AD002928,797.4,-3142.7,locality
AD002929,911.3,-5.3,locality
AD002930,-570.9,3061.4,locality
AD002931,2587.3,-1334.5,locality
AD002932,-234.8,-3530.5,locality
AD002933,854.9,-1009.1,locality
AD002934,1516.3,-2047.5,pincode
AD002935,-268.3,-3571.6,locality
AD002936,828.3,2849.6,locality
AD002938,2530.7,940.4,locality
AD002939,-2240.9,1633.7,locality
AD002940,-519.4,-1252.3,locality
AD002941,560.3,-2950.9,locality
AD002942,1273.7,1633.5,street
AD002943,-2569.3,-263.9,locality
AD002944,-2429.0,-265.2,locality
AD002945,2989.3,539.5,locality
AD002947,1096.1,137.7,locality
AD002948,2430.7,-1073.0,locality
AD002949,1126.2,-65.1,locality
AD002950,-1008.5,-3226.7,locality
AD002952,1861.3,-1157.4,locality
AD002953,772.0,-1622.7,pincode
AD002954,-1121.2,-3036.6,locality
AD002955,1954.8,-1804.7,pincode
AD002956,-2565.6,-256.4,locality
AD002957,528.6,-2959.5,locality
AD002958,1758.6,1911.0,pincode
AD002959,-2503.7,-530.5,street
AD002960,-432.7,-3506.1,street
AD002961,1002.9,2713.9,locality
AD002962,828.4,2678.3,locality
AD002964,-2447.8,1636.6,locality
AD002965,-700.0,-1242.5,locality
AD002966,614.3,3084.0,locality
AD002967,-1311.9,391.9,locality
AD002968,3615.6,468.1,locality
AD002969,1007.5,-3914.8,locality
AD002970,-1060.6,-1950.8,locality
AD002971,2600.3,-1336.5,locality
AD002972,2214.9,1608.4,locality
AD002973,1722.2,-1241.4,pincode
AD002974,1595.0,-2359.2,locality
AD002975,2343.2,1984.5,locality
AD002976,1581.0,-2043.5,locality
AD002977,-3706.2,-832.2,locality
AD002978,2745.1,-2121.1,locality
AD002979,86.2,-53.7,pincode
AD002980,671.1,-3184.1,locality
AD002981,3698.2,601.8,locality
AD002982,3035.1,-2447.9,street
AD002983,-1735.0,838.8,pincode
AD002984,823.3,2671.5,locality
AD002986,3847.3,389.8,locality
AD002987,563.6,-3058.8,locality
AD002988,3246.0,-1798.0,locality
AD002989,-2612.2,1855.5,street
AD002990,-820.7,-470.4,locality
AD002991,2729.8,-2063.7,locality
AD002992,-575.7,-361.1,locality
AD002993,544.4,-3164.7,locality
AD002994,-2085.5,-2388.9,locality
AD002995,939.6,-140.4,locality
AD002996,-662.8,-1366.2,locality
AD002997,3309.2,-2090.0,locality
AD002999,-1168.0,3189.9,street
AD003000,1089.4,-153.9,locality
AD003002,1639.3,-2157.1,locality
AD003003,1508.7,-1034.7,pincode
AD003004,2831.6,-2228.5,locality
AD003005,-1401.7,-2364.6,pincode
AD003006,490.6,-3208.3,locality
AD003007,809.9,2607.6,locality
AD003008,1129.9,27.1,locality
AD003009,-261.0,3381.3,street
AD003010,-1121.4,-2998.6,locality
AD003011,2199.1,-1029.2,locality
AD003012,-200.7,-3580.2,locality
AD003013,1374.4,-2105.0,locality
AD003014,3436.2,645.8,street
AD003015,1015.8,2859.6,locality
AD003016,2576.5,1243.7,locality
AD003017,2578.6,-1291.4,locality
AD003018,715.7,2487.0,locality
AD003019,780.0,2752.6,locality
AD003020,-269.4,-1500.9,locality
AD003022,1060.1,-1007.5,locality
AD003024,815.7,2749.5,locality
AD003025,1252.3,-2490.2,street
AD003026,2644.5,-2157.5,locality
AD003027,2363.1,1191.9,locality
AD003028,-1273.9,334.2,locality
AD003029,-467.1,-3563.6,locality
AD003030,2714.7,-2146.8,locality
AD003031,-523.1,-1063.1,rooftop
AD003032,2514.5,-1277.5,locality
AD003034,919.4,-866.2,locality
AD003035,2574.0,1046.5,locality
AD003036,2467.9,1182.6,street
AD003037,2529.2,509.4,street
AD003038,3357.4,902.1,street
AD003039,-2676.5,1609.6,locality
AD003040,-1740.4,-2787.2,locality
AD003041,788.4,-125.1,street
AD003042,990.6,19.4,locality
AD003043,428.7,2225.7,locality
AD003044,1224.8,-2554.8,rooftop
AD003045,2619.2,-1278.3,locality
AD003046,-3593.9,-849.1,locality
AD003047,-3974.0,-1113.7,locality
AD003048,-2418.9,-2368.6,locality
AD003049,-2508.2,-2473.3,street
AD003050,976.6,2707.4,locality
AD003051,2689.6,-2270.1,locality
AD003052,611.9,-2869.8,locality
AD003053,3309.7,-2356.8,street
AD003054,-2784.3,1198.3,locality
AD003055,3659.2,480.8,locality
AD003056,-2496.9,-2499.0,pincode
AD003057,-52.1,1434.1,locality
AD003058,-11.9,1292.8,locality
AD003059,2707.6,-2262.6,locality
AD003060,924.7,2574.4,locality
AD003062,1219.0,-157.6,street
AD003063,748.3,-746.9,street
AD003064,3212.6,-1932.2,locality
AD003065,1021.7,2567.7,locality
AD003066,2587.2,-1162.9,locality
AD003067,1666.4,-1939.4,locality
AD003068,-618.6,-758.5,locality
AD003069,1072.8,1320.5,locality
AD003070,2262.5,1762.7,locality
AD003071,-668.5,-3901.1,street
AD003072,-871.8,-783.0,street
AD003073,1137.8,-1134.5,pincode
AD003074,2182.0,-1667.7,pincode
AD003075,-629.8,-575.4,locality
AD003076,-815.5,-589.5,locality
AD003077,2657.9,-1353.5,locality
AD003078,3029.8,683.6,locality
AD003080,766.3,-646.2,locality
AD003081,624.1,-2928.1,locality
AD003082,3071.4,663.7,locality
AD003083,-1113.7,-3050.9,locality
AD003084,-2950.8,1344.1,locality
AD003085,3342.7,-2080.8,rooftop
AD003086,946.4,-900.0,locality
AD003087,2465.9,-1212.3,locality
AD003088,3327.9,-2012.0,locality
AD003090,843.7,-2989.9,locality
AD003092,2129.1,1820.0,locality
AD003094,959.6,-108.5,locality
AD003096,-1724.4,2563.0,locality
AD003098,885.9,2515.0,locality
AD003099,2861.1,-2160.1,locality
AD003100,1064.0,-5.7,locality
AD003102,898.1,-3139.9,locality
AD003104,-237.2,1390.2,locality
AD003105,-575.4,3247.6,locality
AD003106,1313.0,111.7,street
AD003107,1029.2,-1109.4,pincode
AD003110,-533.9,-1247.6,locality
AD003111,-384.0,3088.1,locality
AD003113,-1092.0,280.9,locality
AD003115,723.9,-3348.4,locality
AD003117,566.7,-1323.1,pincode
