address_id,surveyed_x,surveyed_y
AD000527,940.8,2638.2
AD000251,-1229.0,597.8
AD002159,-651.1,3429.9
AD002501,703.1,3037.1
AD001340,1260.7,2467.7
AD003071,-591.3,-3802.2
AD000322,3226.0,-2120.9
AD001909,-648.2,-3188.9
AD001987,1286.7,-2535.1
AD002707,2471.7,-2354.3
AD000831,-1552.5,525.3
AD002740,-2625.4,1530.8
AD000683,273.6,2603.1
AD003078,2823.2,688.9
AD002284,674.4,-22.1
AD000141,401.6,-3284.6
AD002889,4095.3,99.1
AD001784,2292.5,2015.1
AD002279,-699.5,-1601.7
AD000962,2685.7,251.0
AD002422,630.6,-3879.1
AD002555,2275.0,-1196.4
AD001311,-3187.6,827.2
AD000236,2609.7,-1997.1
AD002262,2619.3,-1662.6
AD000627,-709.4,-3776.2
AD000170,-2223.9,2.4
AD001478,-270.7,945.2
AD002868,-283.3,-985.9
AD001963,-314.4,-735.7
AD002693,-333.3,-106.5
AD000071,718.3,-3855.2
AD001711,348.5,-3265.6
AD001315,-3190.2,809.4
AD003113,-958.2,224.0
AD001802,3264.2,-1718.8
AD001734,-2897.8,1422.1
AD001799,3194.3,-2186.3
AD002230,3401.3,-1815.1
AD000830,2500.0,624.1
AD001146,3555.7,-1868.6
AD001586,1572.2,-1864.5
AD002440,1127.1,-1809.1
AD000217,1234.1,2804.7
AD001971,2815.9,-1271.1
AD002536,2929.2,795.7
AD000525,-890.3,-385.8
AD001128,856.0,-1369.2
AD002920,2743.8,-2547.6
AD000875,4177.6,284.6
AD001999,-2946.0,897.7
AD000815,2947.6,-2309.6
AD000572,-942.4,-1643.5
AD002260,1606.6,-1238.6
AD001811,883.1,3103.7
AD000574,-67.5,-3838.1
AD000804,-2363.9,-49.2
AD001900,710.8,-2701.6
AD001786,-4039.0,-1078.3
AD000681,198.2,1803.6
AD002660,-2536.2,-2094.5
AD001129,-664.9,3273.5
AD000605,-2634.2,-488.4
AD002300,3197.0,569.2
AD003034,1253.5,-488.2
AD002994,-1920.6,-1876.1
AD001695,2392.4,-2066.6
AD002721,-1569.9,1922.2
AD002143,-2602.4,1353.3
AD001574,3970.6,50.0
AD002295,-1307.5,-2201.6
AD000561,-632.6,-3113.0
AD002854,1477.0,-2181.2
AD000774,-2675.0,1718.7
AD000291,3354.6,445.8
AD003096,-2036.7,2692.7
AD001526,979.6,-2827.3
AD002068,-2060.0,1520.6
AD002410,1178.8,-1172.7
AD001832,4017.4,132.0
AD001533,735.7,-3000.4
AD000800,1055.1,-441.8
AD000224,1458.4,288.8
AD001469,-2627.0,1440.7
AD000267,2462.2,-1140.1
AD002739,573.3,-881.0
AD001743,1262.4,2804.5
AD001078,2949.0,-2033.8
AD000328,312.3,-2885.5
AD001536,-2291.2,1148.0
AD000656,2420.1,1146.3
AD001512,-780.5,-363.4
AD001009,1622.7,-2309.5
AD002826,155.5,1497.3
AD001519,1258.3,-4013.1
AD001164,-878.2,-334.1
AD001791,-2792.2,1088.6
AD001249,873.3,-1368.5
AD001382,-403.6,-3399.9
AD001012,809.0,-3283.5
