address_id,n_candidates,n_neighbours,n_neighbours_lbo,baseline_err_m,knob_err_m,knob_err_lbo_m
AD000527,3,70,70,141.892952608648,70.55076186689975,70.55076186689975
AD000251,3,23,23,190.02157772211027,108.02298655841733,108.02298655841733
AD002159,3,30,30,412.408462570787,50.961259796045155,50.961259796045155
AD002501,3,69,69,383.67069213063417,65.24983237526351,65.24983237526351
AD001340,3,70,70,410.1943076153058,54.78499389025787,54.78499389025787
AD003071,2,95,95,125.46334125950905,36.76003264416386,36.76003264416386
AD000322,3,172,172,170.89160307048428,60.3059905813678,60.3059905813678
AD001909,2,117,117,2754.469359072532,1808.0606544029436,1808.0606544029436
AD001987,2,176,176,1204.205173548096,239.50667643211,239.50667643211
AD002707,2,210,210,1094.8304434934205,112.27114500173218,112.27114500173218
AD000831,2,84,84,39.997124896672254,39.997124896672254,39.997124896672254
AD002740,2,117,117,653.4779644333848,89.03310869808188,89.03310869808188
AD000683,3,70,70,268.44518993641896,137.24037306856906,137.24037306856906
AD003078,3,88,88,206.6679704259955,61.67774675232907,61.67774675232907
AD002284,3,76,76,70.6378085730298,70.6378085730298,70.6378085730298
AD000141,2,180,180,2201.7186309789904,1221.4655480200825,1221.4655480200825
AD002889,3,69,69,455.4846320129802,34.574878484561715,34.574878484561715
AD001784,3,24,24,166.41009584757762,166.41009584757762,166.41009584757762
AD002279,3,34,34,83.70095578904701,82.60196728892114,82.60196728892114
AD000962,3,24,24,1642.309498846061,652.707043013939,652.707043013939
AD002422,3,70,70,588.3190460965885,246.98892687729932,246.98892687729932
AD002555,3,118,118,243.09572188749004,82.94630123693815,82.94630123693815
AD001311,3,58,58,400.25987807922974,157.5031745711811,157.5031745711811
AD000236,3,172,172,181.7069343751086,52.424087974899386,52.424087974899386
AD002262,3,118,118,390.66131111232403,10.54825222489489,10.54825222489489
AD000627,3,55,55,414.09932383427025,78.0354566847661,78.0354566847661
AD000170,3,20,20,1778.8246063060851,826.7481110955134,826.7481110955134
AD001478,3,10,10,489.9641007257572,283.18054311693083,283.18054311693083
AD002868,3,34,34,466.56328616812533,147.7280985835501,147.7280985835501
AD001963,3,48,48,333.30690061863413,49.314793813711624,49.314793813711624
AD002693,3,49,49,428.01331754981646,61.453300358890395,61.453300358890395
AD000071,3,70,70,162.09531146828414,162.09531146828414,162.09531146828414
AD001711,3,96,96,360.10672029274883,4.609772228646449,4.609772228646449
AD001315,3,58,58,434.6240904505868,173.56569361483835,173.56569361483835
AD003113,3,24,24,145.3961828934996,145.3961828934996,145.3961828934996
AD001802,3,155,155,108.42439762341279,108.42439762341279,108.42439762341279
AD001734,3,58,58,390.1581730529302,120.21796870684524,120.21796870684524
AD001799,2,217,217,384.529231658661,72.34286419544067,72.34286419544067
AD002230,3,155,155,257.595826829551,61.89042736966656,61.89042736966656
AD000830,3,54,54,370.0008648638541,60.488808882304824,60.488808882304824
AD001146,2,93,93,3710.345440791194,2741.476580441845,2741.476580441845
AD001586,2,187,187,154.07546852111145,12.9155375850607,12.9155375850607
AD002440,2,211,211,735.0903345848047,57.47184093101585,57.47184093101585
AD000217,3,70,70,249.87046644211472,28.08148856453294,28.08148856453294
AD001971,3,118,118,226.70882206036916,33.75645308678024,33.75645308678024
AD002536,3,55,55,124.77603936653838,81.89128464006397,81.89128464006397
AD000525,3,50,50,193.62554067064596,66.42808141140311,66.42808141140311
AD001128,3,82,82,541.6909174058579,105.10110608361832,105.10110608361832
AD002920,3,172,172,419.09031246260037,73.13330294742579,73.13330294742579
AD000875,3,69,69,410.5409236604802,150.52169211086635,150.52169211086635
AD001999,2,121,121,756.0889960844555,73.5450353336118,73.5450353336118
AD000815,3,155,153,170.48697897493528,69.78287755603088,69.78287755603088
AD000572,2,73,73,428.6112107726536,238.2099179295438,238.2099179295438
AD002260,2,140,140,627.9842115849727,195.1110566945001,195.1110566945001
AD001811,3,69,69,346.8103948845823,28.99585121625376,28.99585121625376
AD000574,3,55,55,116.07243428135735,26.454158463273814,26.454158463273814
AD000804,3,50,50,55.414889695820975,55.414889695820975,55.414889695820975
AD001900,3,46,46,1823.4414632776122,1125.51366051239,1125.51366051239
AD001786,3,20,20,329.3647370317592,143.14814878300052,143.14814878300052
AD000681,3,32,32,25.640007800310944,25.640007800310944,25.640007800310944
AD002660,3,21,21,367.29466372382814,161.25213176885427,161.25213176885427
AD001129,3,30,30,60.387581504809475,60.387581504809475,60.387581504809475
AD000605,3,49,48,228.10008768082483,15.19568652246043,15.19568652246043
AD002300,2,150,150,212.2755991629751,54.27282929790914,54.27282929790914
AD003034,2,121,121,504.4866797052228,79.6609063468399,79.6609063468399
AD002994,3,21,21,538.6611643695879,231.59224943853366,231.59224943853366
AD001695,3,172,172,348.263248132788,86.20013051034228,86.20013051034228
AD002721,3,12,12,607.2869667628311,169.74899770609002,169.74899770609002
AD002143,3,57,57,303.2267303520587,70.78107876481631,70.78107876481631
AD001574,3,69,69,141.9631290159524,55.92790001421488,55.92790001421488
AD002295,2,69,69,697.3060877405271,331.0498451895123,331.0498451895123
AD000561,2,182,182,2676.994898215057,1730.63366429756,1730.63366429756
AD002854,3,123,123,126.42029109284633,62.493699682447975,62.493699682447975
AD000774,3,57,55,169.1464749854396,42.821489932042454,42.821489932042454
AD000291,3,69,69,309.229785111331,5.692648768368061,5.692648768368061
AD003096,3,12,12,293.58857266589916,293.58857266589916,293.58857266589916
AD001526,2,166,166,335.46411134426876,90.33017214640967,90.33017214640967
AD002068,2,113,113,349.1388548987349,86.95599346796067,86.95599346796067
AD002410,2,121,121,621.2002897616838,70.93243263839179,70.93243263839179
AD001832,3,68,68,40.91210089936744,11.660569835513886,11.660569835513886
AD001533,3,96,96,21.882641522448694,16.098835361603,16.098835361603
AD000800,3,87,87,251.80011914214816,20.76698769147262,20.76698769147262
AD000224,3,77,77,24.583734460004106,24.583734460004106,24.583734460004106
AD001469,2,113,113,223.36259758518216,65.75165397159206,65.75165397159206
AD000267,3,118,118,183.89671013914307,88.92969132972408,88.92969132972408
AD002739,3,83,83,360.921944469992,19.90383128947789,19.90383128947789
AD001743,3,69,69,277.9367194164889,81.38808266570732,81.38808266570732
AD001078,3,155,154,250.69433579560604,25.598828098176874,25.598828098176874
AD000328,3,96,96,204.5921797136929,44.878617155364545,44.878617155364545
AD001536,3,58,58,490.3427780644883,70.48134504959462,70.48134504959462
AD000656,3,55,55,171.52740305851998,171.52740305851998,171.52740305851998
AD001512,3,50,50,154.29128296828696,57.53477209479497,57.53477209479497
AD001009,2,104,104,1547.440913250002,579.247743006201,579.247743006201
AD002826,3,10,10,159.26663178456434,159.26663178456434,159.26663178456434
AD001519,2,110,110,253.01422884889297,253.01422884889297,253.01422884889297
AD001164,3,50,50,244.5793327327556,84.1164074363617,84.1164074363617
AD001791,3,58,58,72.13390326330637,72.13390326330637,72.13390326330637
AD001249,2,116,116,362.86826810841427,28.56260181114837,28.56260181114837
AD001382,3,54,54,73.82587622236528,38.064189207180085,38.064189207180085
AD001012,3,96,96,108.75890768116427,62.005342511754435,62.005342511754435
