address_id,town_id,address_type,source,account_id
AD000527,T2,residence,kyc_origination,AC000411
AD000251,T1,residence,kyc_origination,AC000200
AD002159,T2,residence,kyc_origination,AC001671
AD002501,T2,residence,kyc_origination,AC001935
AD001340,T2,residence,kyc_origination,AC001037
AD003071,T3,residence,kyc_origination,AC002385
AD000322,T1,residence,kyc_origination,AC000255
AD001909,T1,residence,kyc_origination,AC001481
AD001987,T2,residence,kyc_origination,AC001542
AD002707,T1,residence,kyc_origination,AC002098
AD000831,T1,residence,kyc_origination,AC000644
AD002740,T1,residence,kyc_origination,AC002126
AD000683,T1,residence,kyc_origination,AC000529
AD003078,T2,residence,kyc_origination,AC002390
AD002284,T2,residence,kyc_origination,AC001768
AD000141,T2,residence,kyc_origination,AC000112
AD002889,T3,residence,kyc_origination,AC002243
AD001784,T2,residence,kyc_origination,AC001379
AD002279,T1,residence,kyc_origination,AC001765
AD000962,T2,residence,kyc_origination,AC000745
AD002422,T3,residence,kyc_origination,AC001877
AD002555,T2,residence,kyc_origination,AC001977
AD001311,T1,residence,kyc_origination,AC001015
AD000236,T1,residence,kyc_origination,AC000189
AD002262,T2,residence,kyc_origination,AC001753
AD000627,T3,residence,kyc_origination,AC000487
AD000170,T3,residence,kyc_origination,AC000135
AD001478,T2,residence,kyc_origination,AC001138
AD002868,T1,residence,kyc_origination,AC002225
AD001963,T2,residence,kyc_origination,AC001524
AD002693,T2,residence,kyc_origination,AC002088
AD000071,T3,residence,kyc_origination,AC000057
AD001711,T1,residence,kyc_origination,AC001318
AD001315,T1,residence,kyc_origination,AC001018
AD003113,T1,residence,skip_trace,AC002368
AD001802,T3,residence,kyc_origination,AC001395
AD001734,T3,residence,kyc_origination,AC001338
AD001799,T1,residence,kyc_origination,AC001392
AD002230,T3,residence,kyc_origination,AC001725
AD000830,T1,residence,kyc_origination,AC000643
AD001146,T3,residence,kyc_origination,AC000887
AD001586,T2,residence,kyc_origination,AC001223
AD002440,T2,residence,kyc_origination,AC001890
AD000217,T2,residence,kyc_origination,AC000174
AD001971,T2,residence,kyc_origination,AC001531
AD002536,T1,residence,kyc_origination,AC001962
AD000525,T3,residence,kyc_origination,AC000409
AD001128,T3,residence,kyc_origination,AC000874
AD002920,T1,residence,kyc_origination,AC002267
AD000875,T3,residence,kyc_origination,AC000680
AD001999,T1,residence,kyc_origination,AC001551
AD000815,T3,residence,kyc_origination,AC000631
AD000572,T3,residence,kyc_origination,AC000444
AD002260,T1,residence,kyc_origination,AC001751
AD001811,T2,residence,kyc_origination,AC001403
AD000574,T3,residence,kyc_origination,AC000446
AD000804,T3,residence,kyc_origination,AC000622
AD001900,T1,residence,kyc_origination,AC001473
AD001786,T3,residence,kyc_origination,AC001381
AD000681,T3,residence,kyc_origination,AC000528
AD002660,T1,residence,kyc_origination,AC002061
AD001129,T2,residence,kyc_origination,AC000875
AD000605,T3,residence,kyc_origination,AC000472
AD002300,T2,residence,kyc_origination,AC001781
AD003034,T3,residence,kyc_origination,AC002356
AD002994,T1,residence,kyc_origination,AC002328
AD001695,T1,residence,kyc_origination,AC001305
AD002721,T1,residence,kyc_origination,AC002110
AD002143,T3,residence,kyc_origination,AC001659
AD001574,T3,residence,kyc_origination,AC001212
AD002295,T3,residence,kyc_origination,AC001776
AD000561,T1,residence,kyc_origination,AC000436
AD002854,T2,residence,kyc_origination,AC002212
AD000774,T3,residence,kyc_origination,AC000600
AD000291,T3,residence,kyc_origination,AC000230
AD003096,T1,residence,skip_trace,AC001013
AD001526,T2,residence,kyc_origination,AC001176
AD002068,T3,residence,kyc_origination,AC001606
AD002410,T3,residence,kyc_origination,AC001869
AD001832,T3,residence,kyc_origination,AC001420
AD001533,T1,residence,kyc_origination,AC001180
AD000800,T1,residence,kyc_origination,AC000619
AD000224,T2,residence,kyc_origination,AC000180
AD001469,T3,residence,kyc_origination,AC001132
AD000267,T2,residence,kyc_origination,AC000212
AD002739,T3,residence,kyc_origination,AC002125
AD001743,T2,residence,kyc_origination,AC001345
AD001078,T3,residence,kyc_origination,AC000837
AD000328,T1,residence,kyc_origination,AC000260
AD001536,T3,residence,kyc_origination,AC001182
AD000656,T1,residence,kyc_origination,AC000510
AD001512,T3,residence,kyc_origination,AC001166
AD001009,T2,residence,kyc_origination,AC000783
AD002826,T2,residence,kyc_origination,AC002189
AD001519,T3,residence,kyc_origination,AC001171
AD001164,T3,residence,kyc_origination,AC000901
AD001791,T1,residence,kyc_origination,AC001386
AD001249,T3,residence,kyc_origination,AC000965
AD001382,T3,residence,kyc_origination,AC001069
AD001012,T1,residence,kyc_origination,AC000786
