table,column,null_pct,distinct
accounts,account_id,0.0,2400
accounts,lender_id,0.0,6
accounts,portfolio,0.0,6
accounts,income_type,0.0,3
accounts,town_id,0.0,3
accounts,preferred_language,0.0,3
accounts,bucket_start,0.0,5
accounts,dpd_start,0.0,323
accounts,emi_amount,0.0,473
accounts,overdue_start,0.0,790
accounts,outstanding,0.0,1665
accounts,salary_credit_day,68.25,8
accounts,bureau_score_band,0.0,5
accounts,other_active_loans,0.0,9
accounts,paid_other_lenders_30d,0.0,2
accounts,last_bounce_reason,0.0,4
accounts,ability_to_pay_estimate,30.292,101
accounts,prev_ptp_count,0.0,10
accounts,prev_ptp_broken,0.0,8
accounts,dialling_arm,0.0,2
addresses,address_id,0.0,3117
addresses,account_id,0.0,2400
addresses,address_type,0.0,3
addresses,source,0.0,2
addresses,added_date,0.0,24
addresses,town_id,0.0,4
addresses,address_text,0.0,3114
agents,agent_id,0.0,30
agents,channel,0.0,3
agents,language_team,0.0,4
agents,town_id,70.0,3
agents,tenure_months,3.333,25
agents,shift,0.0,2
baseline_geocodes,address_id,0.0,2880
baseline_geocodes,geocoder_x,0.0,2806
baseline_geocodes,geocoder_y,0.0,2814
baseline_geocodes,precision,0.0,4
field_visits,visit_id,0.0,5578
field_visits,account_id,0.0,1339
field_visits,address_id,0.0,1477
field_visits,agent_id,0.0,9
field_visits,visit_date,0.0,77
field_visits,start_ts,0.0,5564
field_visits,checkin_ts,0.0,5569
field_visits,checkin_x,0.0,5263
field_visits,checkin_y,0.0,5253
field_visits,gps_accuracy_m,0.0,324
field_visits,dwell_s,0.0,1129
field_visits,outcome,0.0,7
field_visits,ptp_id,89.154,605
field_visits,remark,0.0,762
field_visits,photo_hash,0.0,5417
landmarks_poi,poi_id,0.0,240
landmarks_poi,town_id,0.0,3
landmarks_poi,landmark_type,0.0,14
landmarks_poi,name,0.0,14
landmarks_poi,x,0.0,238
landmarks_poi,y,0.0,239
localities,locality_id,0.0,36
localities,town_id,0.0,3
localities,locality_name,0.0,35
localities,pincode,0.0,12
localities,centroid_x,0.0,36
localities,centroid_y,0.0,36
splits,account_id,0.0,2400
splits,split,0.0,3
surveyed_addresses,address_id,0.0,100
surveyed_addresses,surveyed_x,0.0,100
surveyed_addresses,surveyed_y,0.0,100
towns,town_id,0.0,3
towns,town_name,0.0,3
towns,address_style,0.0,3
towns,approx_radius_m,0.0,3
visit_gps_points,visit_id,0.0,5578
visit_gps_points,seq,0.0,80
visit_gps_points,point_ts,0.0,146732
visit_gps_points,x,0.0,8200
visit_gps_points,y,0.0,7407
visit_gps_points,accuracy_m,0.0,98
