address_a,address_b,jaccard,same_town,same_template
AD000006,AD000496,0.923,True,True
AD000006,AD001429,0.852,True,True
AD000415,AD000714,0.852,True,True
AD000415,AD000977,0.852,True,True
AD000496,AD001429,0.852,True,True
AD000714,AD000977,0.852,True,True
AD000859,AD001347,0.846,True,True
AD000859,AD001975,0.846,True,True
AD000859,AD002144,0.846,True,True
AD000983,AD002156,0.849,True,True
AD000983,AD002745,0.849,True,True
AD000983,AD002919,0.849,True,True
AD001030,AD001547,0.852,True,True
AD001030,AD003116,0.852,True,True
AD001077,AD001997,0.849,True,True
AD001077,AD002032,0.849,True,True
AD001077,AD003001,0.849,True,True
AD001221,AD003114,0.849,True,True
AD001347,AD001975,0.846,True,True
AD001347,AD002144,0.882,True,True
AD001492,AD002285,0.849,True,True
AD001492,AD003091,0.815,True,False
AD001547,AD003116,0.852,True,True
AD001975,AD002144,0.846,True,True
AD001997,AD002032,0.849,True,True
AD001997,AD003001,0.849,True,True
AD002032,AD003001,0.849,True,True
AD002156,AD002745,0.849,True,True
AD002156,AD002919,0.849,True,True
AD002745,AD002919,0.849,True,True
AD000120,AD002380,0.878,True,True
AD000120,AD002988,0.824,True,False
AD002380,AD002988,0.824,True,False
AD000024,AD000184,0.854,True,False
AD000534,AD001749,0.814,True,False
AD001170,AD002900,0.878,True,True
AD001399,AD001696,0.824,True,False
AD000131,AD000494,0.837,True,True
AD000131,AD000571,0.837,True,True
AD000131,AD001205,0.837,True,True
AD000131,AD001936,0.837,True,True
AD000131,AD002895,0.837,True,True
AD000454,AD001828,0.84,True,True
AD000454,AD002538,0.84,True,True
AD000494,AD000571,0.837,True,True
AD000494,AD001205,0.837,True,True
AD000494,AD001936,0.837,True,True
AD000494,AD002895,0.837,True,True
AD000571,AD001205,0.837,True,True
AD000571,AD001936,0.837,True,True
AD000571,AD002895,0.837,True,True
AD000931,AD001072,0.854,True,True
AD000931,AD001334,0.854,True,True
AD001072,AD001334,0.837,True,True
AD001205,AD001936,0.837,True,True
AD001205,AD002895,0.837,True,True
AD001418,AD001887,0.84,True,True
AD001418,AD002507,0.84,True,True
AD001418,AD003112,0.84,True,True
AD001828,AD002538,0.84,True,True
AD001887,AD002507,0.84,True,True
AD001887,AD003112,0.84,True,True
AD001936,AD002895,0.837,True,True
AD002208,AD002790,0.837,True,True
AD002208,AD003095,0.875,True,True
AD002507,AD003112,0.84,True,True
AD002790,AD003095,0.837,True,True
AD000044,AD001345,0.833,True,True
AD000044,AD001562,0.872,True,True
AD000044,AD002093,0.833,True,True
AD000095,AD000373,0.83,True,True
AD000095,AD000909,0.83,True,True
AD000095,AD001728,0.83,True,True
AD000373,AD000909,0.83,True,True
AD000373,AD001728,0.83,True,True
AD000909,AD001728,0.87,True,True
AD001345,AD001562,0.833,True,True
AD001345,AD002093,0.872,True,True
AD001562,AD002093,0.833,True,True
AD001595,AD001599,0.833,True,True
AD002058,AD002329,0.87,True,True
AD002058,AD003101,0.83,True,True
AD002329,AD003101,0.83,True,True
AD000051,AD001090,0.833,True,True
AD000051,AD001292,0.833,True,True
AD000051,AD001869,0.833,True,True
AD000777,AD001038,0.837,True,True
AD000777,AD002985,0.837,True,True
AD000796,AD001051,0.875,True,True
AD000796,AD002630,0.837,True,True
AD000796,AD003023,0.837,True,True
AD001038,AD002985,0.837,True,True
AD001051,AD002630,0.837,True,True
AD001051,AD003023,0.837,True,True
AD001090,AD001292,0.833,True,True
AD001090,AD001869,0.872,True,True
AD001292,AD001869,0.833,True,True
AD001398,AD001423,0.833,True,True
AD002630,AD003023,0.837,True,True
AD000070,AD001464,0.837,True,True
AD000070,AD002320,0.837,True,True
AD001464,AD002320,0.837,True,True
AD001688,AD003089,0.84,True,True
AD001688,AD003108,0.84,True,True
AD002020,AD002597,0.837,True,True
AD003089,AD003108,0.878,True,True
AD001407,AD001544,0.885,True,True
AD000250,AD001280,0.816,True,False
AD001280,AD001830,0.816,True,False
AD000643,AD002379,0.818,True,True
AD000659,AD001672,0.822,True,True
AD000659,AD002010,0.822,True,True
AD000659,AD002338,0.822,True,True
AD000661,AD001169,0.86,True,True
AD000661,AD002885,0.818,True,True
AD001169,AD002885,0.818,True,True
AD001672,AD002010,0.864,True,True
AD001672,AD002338,0.822,True,True
AD001793,AD002805,0.822,True,True
AD002010,AD002338,0.822,True,True
AD002076,AD002409,0.822,True,True
AD000291,AD001122,0.922,True,True
AD000914,AD002763,0.892,True,False
AD000143,AD000514,0.837,True,True
AD000143,AD002554,0.837,True,True
AD000476,AD000520,0.872,True,True
AD000476,AD001185,0.833,True,True
AD000476,AD002589,0.833,True,True
AD000476,AD002937,0.833,True,True
AD000514,AD002554,0.837,True,True
AD000520,AD001185,0.833,True,True
AD000520,AD002589,0.833,True,True
AD000520,AD002937,0.833,True,True
AD001185,AD002589,0.833,True,True
AD001185,AD002937,0.833,True,True
AD001650,AD001826,0.872,True,True
AD001650,AD002426,0.833,True,True
AD001650,AD002810,0.872,True,True
AD001826,AD002426,0.833,True,True
AD001826,AD002810,0.872,True,True
AD002426,AD002810,0.833,True,True
AD002589,AD002937,0.833,True,True
AD000158,AD002747,0.83,True,True
AD000215,AD000329,0.83,True,True
AD000215,AD001979,0.83,True,True
AD000215,AD002386,0.83,True,True
AD000329,AD001979,0.83,True,True
AD000329,AD002386,0.83,True,True
AD000564,AD000691,0.909,True,True
AD001675,AD003021,0.83,True,True
AD001737,AD002460,0.826,True,True
AD001979,AD002386,0.83,True,True
AD000183,AD002646,0.837,True,True
AD000183,AD002963,0.875,True,True
AD000218,AD003103,0.833,True,True
AD000289,AD000463,0.833,True,True
AD000289,AD000966,0.872,True,True
AD000289,AD002084,0.833,True,True
AD000289,AD002644,0.833,True,True
AD000463,AD000966,0.833,True,True
AD000463,AD002084,0.833,True,True
AD000463,AD002644,0.833,True,True
AD000724,AD002290,0.87,True,True
AD000724,AD002686,0.833,True,True
AD000811,AD003079,0.915,True,True
AD000966,AD002084,0.833,True,True
AD000966,AD002644,0.833,True,True
AD002084,AD002644,0.872,True,True
AD002109,AD002625,0.837,True,True
AD002290,AD002686,0.87,True,True
AD002646,AD002963,0.837,True,True
AD002447,AD003063,0.878,True,True
AD000271,AD001708,0.833,True,False
AD000271,AD002137,0.833,True,True
AD000271,AD003061,0.833,True,True
AD000640,AD000887,0.83,True,True
AD000640,AD002780,0.83,True,True
AD000887,AD002780,0.87,True,True
AD001106,AD001708,0.833,True,True
AD001518,AD002503,0.833,True,True
AD002137,AD003061,0.833,True,True
AD000490,AD000956,0.837,True,True
AD001061,AD001093,0.872,True,True
AD001159,AD001229,0.837,True,True
AD001527,AD002604,0.837,True,True
AD001719,AD001859,0.885,True,True
AD000413,AD002446,0.84,True,True
AD001085,AD001235,0.843,True,True
AD001085,AD001796,0.843,True,True
AD001235,AD001796,0.843,True,True
AD001550,AD002897,0.843,True,True
AD000425,AD001111,0.84,True,True
AD000425,AD002203,0.84,True,True
AD000582,AD000941,0.837,True,True
AD000716,AD001244,0.837,True,True
AD000716,AD001762,0.837,True,True
AD000716,AD002406,0.837,True,True
AD001111,AD002203,0.84,True,True
AD001244,AD001762,0.837,True,True
AD001244,AD002406,0.837,True,True
AD001762,AD002406,0.837,True,True
AD001814,AD002168,0.917,True,True
AD001814,AD002313,0.84,True,True
AD002168,AD002313,0.84,True,True
AD000474,AD000546,0.826,True,True
AD000474,AD001179,0.826,True,True
AD000474,AD001819,0.826,True,True
AD000474,AD002006,0.826,True,True
AD000546,AD001179,0.826,True,True
AD000546,AD001819,0.826,True,True
AD000546,AD002006,0.867,True,True
AD000618,AD001459,0.822,True,True
AD000618,AD001661,0.822,True,True
AD000618,AD002797,0.822,True,True
AD001014,AD002041,0.907,True,True
AD001014,AD002219,0.822,True,True
AD001014,AD002443,0.864,True,True
AD001014,AD003033,0.822,True,True
AD001179,AD001819,0.826,True,True
AD001179,AD002006,0.826,True,True
AD001313,AD001580,0.826,True,True
AD001459,AD001661,0.822,True,True
AD001459,AD002797,0.822,True,True
AD001661,AD002797,0.864,True,True
AD001819,AD002006,0.826,True,True
AD002041,AD002219,0.822,True,True
AD002041,AD002443,0.864,True,True
AD002041,AD003033,0.822,True,True
AD002219,AD002443,0.822,True,True
AD002219,AD003033,0.822,True,True
AD002443,AD003033,0.822,True,True
AD000559,AD001056,0.837,True,True
AD000559,AD001452,0.837,True,True
AD000747,AD001358,0.837,True,True
AD000747,AD001670,0.837,True,True
AD001056,AD001452,0.875,True,True
AD001358,AD001670,0.837,True,True
AD002366,AD002969,0.931,True,True
