population,address_id,cold_candidate,cold_err_m,memory_candidate,memory_err_m,memory_evidence_derived,fe_single_candidate,fe_single_err_m,fe_single_n,fe_median_candidate,fe_median_err_m,selected_candidate,selected_arm,selected_err_m,obs_count,independent_collectors,evidence_weight,newest_obs,age_days,contradiction_state,prior_tier,prior_status,reasons,policy_verdict
pool(proxy label),AD000001,c-5ac5fe37399d,90.4,c-ea466d83bec6,0.0,True,c-975b03b610f5,0.0,3,,,c-fb56bae9f539,field_evidence,0.0,3,1,2.386015,2026-05-15T04:45:28Z,16.8,STABLE,CONFIRMED,STABLE,field_confirmed_x3;promotion:ok,memory_emitted
pool(proxy label),AD000012,c-429d2b128670,121.3,c-d0f1c92b1458,0.0,True,c-ec1d9d43b00a,1.8,3,,,c-c0e08fa2e68a,field_evidence,0.0,5,3,1.948401,2026-05-19T06:50:45Z,12.7,STABLE,CONFIRMED,STABLE,field_confirmed_x2;promotion:ok,memory_emitted
pool(proxy label),AD000023,c-d321b219361d,381.2,c-524354b86e2e,0.0,True,c-5811ee7c1a17,1.0,3,,,c-79353108bc67,field_evidence,0.0,5,2,2.665399,2026-05-27T05:19:41Z,4.8,STABLE,CONFIRMED,STABLE,field_confirmed_x3;negatives_independent=1;promotion:ok,memory_emitted
pool(proxy label),AD000027,c-52586fad0630,164.5,c-0be2de338dd4,0.0,True,c-d4bcfce1bd1e,1.8,3,,,c-09844b74249c,field_evidence,0.0,6,2,2.128646,2026-05-15T06:06:48Z,16.7,STABLE,CONFIRMED,STABLE,field_confirmed_x2;promotion:ok,memory_emitted
pool(proxy label),AD000032,c-6889b6c97c95,416.0,c-c081a06efee6,466.5,False,c-7d9b1c4da337,110.9,3,,,c-c081a06efee6,memory,466.5,6,2,3.671858,2026-05-25T08:13:21Z,6.7,STABLE,CONFIRMED,STABLE,field_confirmed_x4;negatives_independent=1;promotion:ok,memory_emitted
pool(proxy label),AD000037,c-d96226649d4b,161.0,c-576a613ee4ed,1302.4,False,c-bcc2f0876775,152.9,2,,,c-576a613ee4ed,memory,1302.4,4,2,1.080959,2026-05-05T07:56:02Z,26.7,STABLE,CONFIRMED,STABLE,field_confirmed_x2;negatives_independent=1;promotion:ok,memory_emitted
pool(proxy label),AD000047,c-9b9d6d54f792,431.5,c-49a0534dc319,560.2,False,c-1d003b6aa7cb,40.5,2,,,c-1d003b6aa7cb,field_evidence,40.5,5,2,1.04236,2026-05-13T06:50:28Z,18.7,STABLE,CONFIRMED,STABLE,field_confirmed_x2;promotion:ok,memory_emitted
pool(proxy label),AD000049,c-9d4812c6f827,348.5,c-b624042140ae,0.0,True,c-e5fd319ce5aa,6.2,3,,,c-74e8b1d8380c,field_evidence,0.0,6,3,1.587933,2026-05-25T08:29:08Z,6.6,STABLE,CONFIRMED,STABLE,field_confirmed_x2;negatives_independent=1;promotion:ok,memory_emitted
pool(proxy label),AD000062,c-b9d17720ea5d,65.2,c-a9760e7a71a6,0.0,True,c-ff0ab4ea8ade,1.6,3,,,c-672ebc2d10a1,field_evidence,0.0,5,2,2.30898,2026-05-19T07:27:05Z,12.7,STABLE,CONFIRMED,STABLE,field_confirmed_x2;promotion:ok,memory_emitted
pool(proxy label),AD000066,c-8535c357743e,40.6,c-b409baabcabc,0.0,True,c-6bdf7656c7c8,1.4,2,,,c-85147dd92446,field_evidence,0.0,6,1,1.589706,2026-05-30T04:28:11Z,1.8,MOVED_SUSPECTED,APPROXIMATE,MOVED_SUSPECTED,field_confirmed_x2;negative_accumulation_cap;negatives_independent=2;promotion:ok,memory_emitted
pool(proxy label),AD000068,c-95bca365e830,187.6,c-1655567255f8,0.0,True,c-51af057998ca,4.1,2,,,c-726537b2846d,field_evidence,0.0,2,1,1.693606,2026-05-09T06:27:22Z,22.7,STABLE,CONFIRMED,STABLE,field_confirmed_x2;promotion:ok,memory_emitted
pool(proxy label),AD000069,c-669a749c4b47,630.3,c-d00079bae3c2,764.1,False,c-d1ca05468503,0.0,3,,,c-d1ca05468503,field_evidence,0.0,5,2,3.197698,2026-05-21T07:03:04Z,10.7,STABLE,CONFIRMED,STABLE,field_confirmed_x3;promotion:ok,memory_emitted
pool(proxy label),AD000079,c-ae0df4b0f001,165.4,c-9861198d2089,165.4,False,c-7083f1df8b8a,2.0,3,,,c-7083f1df8b8a,field_evidence,2.0,5,2,2.370238,2026-05-15T05:01:48Z,16.8,CONTESTED,APPROXIMATE,CONTESTED,contested_separation_m=4750.0;contested_supports;negatives_independent=1;promotion:ok,memory_emitted
pool(proxy label),AD000088,c-345f8546a131,56.4,c-c47d69ade5f1,0.0,True,c-8491e9a6bc3c,7.0,2,,,c-d7f7f516f1be,field_evidence,0.0,4,2,1.25632,2026-04-21T04:44:56Z,40.8,STABLE,CONFIRMED,STABLE,field_confirmed_x2;promotion:ok,memory_emitted
pool(proxy label),AD000094,c-143d2ca8dc08,75.7,c-6ac01f65ca1b,0.0,True,c-381e947c41b4,4.7,2,,,c-a2dc242770e5,field_evidence,0.0,5,1,1.104561,2026-05-04T05:07:46Z,27.8,MOVED_SUSPECTED,APPROXIMATE,MOVED_SUSPECTED,field_confirmed_x2;negative_accumulation_cap;negatives_independent=2;promotion:ok,memory_emitted
pool(proxy label),AD000096,c-9e9edd80c259,338.2,c-51c1a2f0d46b,0.0,True,c-3be0d82e15d1,1.0,3,,,c-c01564d08478,field_evidence,0.0,5,1,2.597203,2026-05-29T04:42:06Z,2.8,STABLE,CONFIRMED,STABLE,field_confirmed_x3;promotion:ok,memory_emitted
pool(proxy label),AD000105,c-404cf1be6544,447.6,c-3fca55f9b55c,0.0,True,c-fb0099b7755e,2.2,2,,,c-09b79b18a896,field_evidence,0.0,5,2,1.113575,2026-05-19T04:45:23Z,12.8,MOVED_SUSPECTED,APPROXIMATE,MOVED_SUSPECTED,field_confirmed_x2;negative_accumulation_cap;negatives_independent=2;promotion:ok,memory_emitted
pool(proxy label),AD000114,c-074f1b857776,74.2,c-94bcf072b4e1,0.0,True,c-98df3146174d,2.0,3,,,c-97f6b5719b66,field_evidence,0.0,4,1,2.556623,2026-05-22T06:05:35Z,9.7,STABLE,CONFIRMED,STABLE,field_confirmed_x3;promotion:ok,memory_emitted
pool(proxy label),AD000129,c-e1cc6b879874,523.5,c-69b4f4ee4551,0.0,True,c-6eed993077f5,2.0,3,,,c-0d135bf28db1,field_evidence,0.0,6,2,3.106517,2026-05-26T04:51:40Z,5.8,STABLE,CONFIRMED,STABLE,field_confirmed_x3;negatives_independent=1;promotion:ok,memory_emitted
pool(proxy label),AD000138,c-49c09c475389,48.5,c-6965dbb34d52,0.0,True,c-1ff9632553cb,3.5,2,,,c-47449b772492,field_evidence,0.0,6,2,1.104904,2026-05-25T05:02:07Z,6.8,STABLE,CONFIRMED,STABLE,field_confirmed_x2;negatives_independent=1;promotion:ok,memory_emitted
pool(proxy label),AD000142,c-238e88406aca,145.5,c-731ce099408f,0.0,True,c-0669d3a5b878,2.8,3,,,c-cc22847873b1,field_evidence,0.0,5,2,2.238098,2026-05-21T06:03:48Z,10.7,STABLE,CONFIRMED,STABLE,field_confirmed_x3;negatives_independent=1;promotion:ok,memory_emitted
pool(proxy label),AD000155,c-fa9904fa56ac,44.6,c-4deef74fc7dd,0.0,True,c-9c09972ca6e9,0.0,3,,,c-d8a584cbd4ad,field_evidence,0.0,6,3,2.74065,2026-05-25T08:46:32Z,6.6,STABLE,CONFIRMED,STABLE,field_confirmed_x3;negatives_independent=1;promotion:ok,memory_emitted
pool(proxy label),AD000172,c-fc3196a3da6e,304.1,c-d594ceca7de1,0.0,True,c-7728ad1c9c12,3.4,2,,,c-3bbf2a4cec55,field_evidence,0.0,4,2,1.492065,2026-05-22T05:14:43Z,9.8,STABLE,CONFIRMED,STABLE,field_confirmed_x2;promotion:ok,memory_emitted
pool(proxy label),AD000173,c-9c808fe86d9f,242.7,c-ae751edd366f,0.0,True,c-c1a05cca73b9,0.7,3,,,c-8ad5420435ab,field_evidence,0.0,6,3,3.432794,2026-05-25T05:15:19Z,6.8,STABLE,CONFIRMED,STABLE,field_confirmed_x4;promotion:ok,memory_emitted
pool(proxy label),AD000176,c-c80dc417f6f2,343.2,c-f2f2434018b5,0.0,True,c-79a68cb719c4,2.5,2,,,c-114f0cc492f0,field_evidence,0.0,3,2,1.160995,2026-04-18T06:42:32Z,43.7,STABLE,CONFIRMED,STABLE,field_confirmed_x2;negatives_independent=1;promotion:ok,memory_emitted
pool(proxy label),AD000197,c-217800022b59,150.7,c-df959f0ac073,0.0,True,c-f2ef2c552f59,12.0,3,,,c-d718c97d8748,field_evidence,0.0,6,3,1.940579,2026-05-22T04:47:58Z,9.8,STABLE,CONFIRMED,STABLE,field_confirmed_x2;promotion:ok,memory_emitted
pool(proxy label),AD000198,c-1f135650226e,204.4,c-43c759c6584b,0.0,True,c-265e2a1286bf,0.0,3,,,c-786d05a88d6b,field_evidence,0.0,5,2,2.761195,2026-05-23T04:59:46Z,8.8,STABLE,CONFIRMED,STABLE,field_confirmed_x3;promotion:ok,memory_emitted
pool(proxy label),AD000204,c-1a1fceb65b3d,131.0,c-9b3c84c90b92,0.0,True,c-3309ea744e3d,1.0,3,,,c-9cfc43d1d575,field_evidence,0.0,3,2,2.484636,2026-05-23T07:09:53Z,8.7,STABLE,CONFIRMED,STABLE,field_confirmed_x3;promotion:ok,memory_emitted
pool(proxy label),AD000223,c-18914c87a682,297.4,c-68ef71befbf8,297.4,False,c-9f7f32e00530,3.0,3,,,c-03bdc2dba305,field_evidence,8.1,6,2,3.56149,2026-05-26T05:43:16Z,5.8,STABLE,CONFIRMED,STABLE,field_confirmed_x5;promotion:ok,memory_emitted
pool(proxy label),AD000238,c-328cc8f87f80,33.8,c-93dfaed39d05,0.0,True,c-29df8ccddaa1,1.0,3,,,c-9fca55acfac5,field_evidence,0.0,5,2,3.393119,2026-05-30T04:30:51Z,1.8,STABLE,CONFIRMED,STABLE,field_confirmed_x4;promotion:ok,memory_emitted
pool(proxy label),AD000253,c-0defd99fa667,166.8,c-1403f182acce,0.0,True,c-17d08209e2a3,2.5,2,,,c-d9f871a9e337,field_evidence,0.0,2,1,1.435444,2026-05-05T06:30:53Z,26.7,STABLE,CONFIRMED,STABLE,field_confirmed_x2;promotion:ok,memory_emitted
pool(proxy label),AD000258,c-a433ba6d536e,251.0,c-c4722ad5fb19,0.0,True,c-6ba4e7a114ee,4.5,2,,,c-637c0e1713d8,field_evidence,0.0,3,1,1.030257,2026-04-28T08:14:48Z,33.7,STABLE,CONFIRMED,STABLE,field_confirmed_x2;negatives_independent=1;promotion:ok,memory_emitted
pool(proxy label),AD000260,c-4d360ddf2597,244.7,c-f6bbbd95e5aa,0.0,True,c-6f1c66fa3712,0.0,3,,,c-dbbb016a6b6d,field_evidence,0.0,3,1,2.61344,2026-05-30T05:28:51Z,1.8,STABLE,CONFIRMED,STABLE,field_confirmed_x3;promotion:ok,memory_emitted
pool(proxy label),AD000309,c-0f764d86bc36,254.3,c-2a910fb42f0b,0.0,True,c-4baacdb26369,4.0,3,,,c-237dd474e8bf,field_evidence,0.0,6,1,2.209219,2026-05-25T05:46:02Z,6.8,STABLE,CONFIRMED,STABLE,field_confirmed_x2;negatives_independent=1;promotion:ok,memory_emitted
pool(proxy label),AD000316,c-2cf70202afc2,57.1,c-353965bee6ff,0.0,True,c-556f814d797e,0.0,3,,,c-cb466b423c03,field_evidence,0.0,5,3,2.374009,2026-05-29T07:27:09Z,2.7,STABLE,CONFIRMED,STABLE,field_confirmed_x3;promotion:ok,memory_emitted
pool(proxy label),AD000323,c-944417b004da,79.7,c-fcb65f0e5b7b,79.7,False,c-17ed1883d267,2.0,3,,,c-fcb65f0e5b7b,memory,79.7,4,2,2.375413,2026-05-13T05:30:36Z,18.8,STABLE,CONFIRMED,STABLE,field_confirmed_x3;promotion:ok,memory_emitted
pool(proxy label),AD000337,c-0c12f0281a80,30.6,c-a48d6fafebc7,0.0,True,c-ed120fc18c7d,1.8,2,,,c-71827d5d4205,field_evidence,0.0,2,1,1.727046,2026-05-22T05:09:16Z,9.8,STABLE,CONFIRMED,STABLE,field_confirmed_x2;promotion:ok,memory_emitted
pool(proxy label),AD000338,c-4e3dc1dcb85c,338.9,c-64e678a7fdbe,0.0,True,c-a9bca79ecf05,5.0,2,,,c-e956861d6337,field_evidence,0.0,3,1,1.62813,2026-05-26T06:14:06Z,5.7,STABLE,CONFIRMED,STABLE,field_confirmed_x2;promotion:ok,memory_emitted
pool(proxy label),AD000354,c-3fd0d2257418,138.7,c-4339cbdb9f99,138.7,False,c-7d8f07f9302e,174.1,3,,,c-4339cbdb9f99,memory,138.7,3,2,1.889131,2026-04-25T04:59:43Z,36.8,STABLE,CONFIRMED,STABLE,field_confirmed_x2;promotion:ok,memory_emitted
pool(proxy label),AD000355,c-9a50fa2802cc,272.9,c-55d7d42bfb2b,272.9,False,c-775ee0457789,5.0,3,,,c-12977b63d033,field_evidence,38.3,5,2,2.201728,2026-05-21T04:32:25Z,10.8,STABLE,CONFIRMED,STABLE,field_confirmed_x3;promotion:ok,memory_emitted
pool(proxy label),AD000360,c-76c9e7b5f6db,364.1,c-7bfc68280b03,364.1,False,c-21b7049b4753,0.0,3,,,c-7bfc68280b03,memory,364.1,4,3,2.046288,2026-05-26T07:07:16Z,5.7,STABLE,CONFIRMED,STABLE,field_confirmed_x3;promotion:ok,memory_emitted
pool(proxy label),AD000369,c-6e24eadd9c1b,121.1,c-3df272d34a01,0.0,True,c-69e7820eab55,8.1,3,,,c-6c746ff31525,field_evidence,0.0,4,2,1.935981,2026-05-23T04:44:02Z,8.8,STABLE,CONFIRMED,STABLE,field_confirmed_x2;promotion:ok,memory_emitted
pool(proxy label),AD000379,c-31d4cdffd21d,540.3,c-c76a85f9e933,728.9,False,c-397787fc71ab,0.0,3,,,c-397787fc71ab,field_evidence,0.0,5,2,2.389536,2026-05-25T07:29:01Z,6.7,STABLE,CONFIRMED,STABLE,field_confirmed_x3;negatives_independent=1;promotion:ok,memory_emitted
pool(proxy label),AD000387,c-1d69a158f692,278.7,c-4c19371056d5,0.0,True,c-7a4236df361e,1.6,2,,,c-bd0bb2e46086,field_evidence,0.0,3,1,1.256417,2026-05-16T04:10:54Z,15.8,STABLE,CONFIRMED,STABLE,field_confirmed_x2;promotion:ok,memory_emitted
pool(proxy label),AD000397,c-56589a6adae2,81.3,c-dab1fa7088ef,0.0,True,c-1bd3343723e5,3.0,2,,,c-beff2f564373,field_evidence,0.0,5,2,1.205059,2026-05-28T05:35:47Z,3.8,STABLE,CONFIRMED,STABLE,field_confirmed_x2;negatives_independent=1;promotion:ok,memory_emitted
pool(proxy label),AD000412,c-1ee919614754,226.2,c-0ecf0f0d91e5,226.2,False,c-26eb5f8cd6ea,0.0,3,,,c-26eb5f8cd6ea,field_evidence,0.0,6,2,2.208442,2026-05-02T04:39:34Z,29.8,STABLE,CONFIRMED,STABLE,field_confirmed_x3;negatives_independent=1;promotion:ok,memory_emitted
pool(proxy label),AD000424,c-7ecbcd4630d7,146.9,c-8aa97aa26473,146.9,False,c-9f7427056e74,1.8,3,,,c-160b757e5003,field_evidence,8.5,6,2,4.938146,2026-05-26T04:44:03Z,5.8,STABLE,CONFIRMED,STABLE,field_confirmed_x6;promotion:ok,memory_emitted
pool(proxy label),AD000430,c-4f221b6b944e,147.5,c-a3bfc69bd32a,0.0,True,c-fe4d0e286c3a,6.1,2,,,c-f85a886f85ed,field_evidence,0.0,2,2,1.346429,2026-05-27T05:40:27Z,4.8,STABLE,CONFIRMED,STABLE,field_confirmed_x2;promotion:ok,memory_emitted
pool(proxy label),AD000433,c-1e8cef6de5fc,523.2,c-fda066474e88,0.0,True,c-a0853641118f,3.0,2,,,c-b5d875c7d94c,field_evidence,0.0,4,1,1.283943,2026-05-16T05:05:54Z,15.8,STABLE,CONFIRMED,STABLE,field_confirmed_x2;negatives_independent=1;promotion:ok,memory_emitted
pool(proxy label),AD000451,c-dc56bfa3a3e7,340.5,c-b41d6779afd0,0.0,True,c-d579cd1b90f0,1.5,3,,,c-e4635cf32174,field_evidence,0.0,5,3,1.614184,2026-05-25T09:09:58Z,6.6,STABLE,CONFIRMED,STABLE,field_confirmed_x2;negatives_independent=1;promotion:ok,memory_emitted
pool(proxy label),AD000460,c-911fae1f414f,240.5,c-a2594de424bb,0.0,True,c-7c8e75cacd2e,1.6,2,,,c-d19801cd79be,field_evidence,0.0,4,1,1.565118,2026-05-27T04:21:41Z,4.8,STABLE,CONFIRMED,STABLE,field_confirmed_x2;negatives_independent=1;promotion:ok,memory_emitted
pool(proxy label),AD000475,c-bc94d840edfd,184.6,c-2bed03a92381,0.0,True,c-695256c6006e,3.4,3,,,c-267feb9cface,field_evidence,0.0,4,3,2.367019,2026-05-21T04:32:42Z,10.8,STABLE,CONFIRMED,STABLE,field_confirmed_x2;promotion:ok,memory_emitted
pool(proxy label),AD000517,c-04723172b14d,93.4,c-9e1a55f7261a,0.0,True,c-1c786d79b3b2,0.0,3,,,c-fe8dac3e9134,field_evidence,0.0,3,3,2.628179,2026-05-11T06:56:55Z,20.7,STABLE,CONFIRMED,STABLE,field_confirmed_x3;promotion:ok,memory_emitted
pool(proxy label),AD000524,c-51eb1955cce9,150.0,c-19153643f256,0.0,True,c-83804884d786,0.0,3,,,c-79750a6be570,field_evidence,0.0,6,2,2.804984,2026-05-25T06:59:10Z,6.7,STABLE,CONFIRMED,STABLE,field_confirmed_x3;negatives_independent=1;promotion:ok,memory_emitted
pool(proxy label),AD000526,c-ddecc0fc683a,832.5,c-84a7a0588cf8,852.1,False,c-4e3595e0619c,588.2,3,,,c-84a7a0588cf8,memory,852.1,4,2,2.500772,2026-05-30T05:29:21Z,1.8,STABLE,CONFIRMED,STABLE,field_confirmed_x2;promotion:ok,memory_emitted
pool(proxy label),AD000529,c-7e9ff0efbf11,88.2,c-86e1a4f0e83a,0.0,True,c-8484a3648bed,4.5,3,,,c-47e4758b4f09,field_evidence,0.0,4,2,1.811633,2026-05-22T05:03:59Z,9.8,STABLE,CONFIRMED,STABLE,field_confirmed_x2;promotion:ok,memory_emitted
pool(proxy label),AD000541,c-df1fd383d099,274.5,c-7854e7395ffb,0.0,True,c-100184e3c1e6,0.0,3,,,c-d745d04d219b,field_evidence,0.0,5,3,2.064796,2026-05-14T06:25:15Z,17.7,STABLE,CONFIRMED,STABLE,field_confirmed_x3;negatives_independent=1;promotion:ok,memory_emitted
pool(proxy label),AD000560,c-54f0561b99c1,412.7,c-4dc3b9dec652,0.0,True,c-808a89539b23,2.0,3,,,c-e8649ac993a3,field_evidence,0.0,4,2,2.109343,2026-05-25T07:23:21Z,6.7,STABLE,CONFIRMED,STABLE,field_confirmed_x3;negatives_independent=1;promotion:ok,memory_emitted
pool(proxy label),AD000589,c-02beb05177cb,276.6,c-b7d3fd52846a,337.9,False,c-fc4a364b69a4,5.7,3,,,c-b7d3fd52846a,memory,337.9,6,3,4.118253,2026-05-28T05:20:24Z,3.8,STABLE,CONFIRMED,STABLE,field_confirmed_x4;promotion:ok,memory_emitted
pool(proxy label),AD000602,c-31b0c46adba7,317.3,c-db116d9b2d88,0.0,True,c-6ad3bf6e3d85,3.0,3,,,c-4229cae8bc83,field_evidence,0.0,6,3,3.925495,2026-05-28T07:00:50Z,3.7,STABLE,CONFIRMED,STABLE,field_confirmed_x4;promotion:ok,memory_emitted
pool(proxy label),AD000608,c-10cdecd02c55,297.7,c-b26c249950d9,0.0,True,c-1172dfc0d58b,1.6,3,,,c-69bdd2f8b54b,field_evidence,0.0,6,3,2.389374,2026-05-25T05:35:28Z,6.8,STABLE,CONFIRMED,STABLE,field_confirmed_x4;promotion:ok,memory_emitted
pool(proxy label),AD000613,c-d4fa38d1d8bd,324.2,c-20e86ebbf1ef,0.0,True,c-b873e6d62e52,0.0,3,,,c-6eb422140848,field_evidence,0.0,5,2,2.765722,2026-05-16T05:37:13Z,15.8,STABLE,CONFIRMED,STABLE,field_confirmed_x3;negatives_independent=1;promotion:ok,memory_emitted
pool(proxy label),AD000624,c-6019dcc179d2,576.4,c-5069366f0a5e,1392.8,False,c-0b35b928c039,148.7,2,,,c-5069366f0a5e,memory,1392.8,2,1,1.331892,2026-05-19T06:16:45Z,12.7,STABLE,CONFIRMED,STABLE,field_confirmed_x2;promotion:ok,memory_emitted
pool(proxy label),AD000630,c-845f5fcd7899,212.9,c-b6bc376306b1,0.0,True,c-932fc2c6dd95,7.1,2,,,c-a290a04cd99b,field_evidence,0.0,2,1,1.671637,2026-04-14T06:12:15Z,47.7,STABLE,CONFIRMED,STABLE,field_confirmed_x2;promotion:ok,memory_emitted
pool(proxy label),AD000631,c-292ab4c24b45,273.5,c-46a9d465704c,278.2,False,c-9f50421ea25f,1.1,3,,,c-401accaaedaf,field_evidence,2.7,5,2,2.725679,2026-05-28T04:35:49Z,3.8,STABLE,CONFIRMED,STABLE,field_confirmed_x4;promotion:ok,memory_emitted
pool(proxy label),AD000634,c-1bffbc0de744,544.1,c-326669085d9c,0.0,True,c-48d1e06b71bc,7.3,2,,,c-e71df2a88f25,field_evidence,0.0,3,1,1.2585,2026-05-05T06:43:20Z,26.7,STABLE,CONFIRMED,STABLE,field_confirmed_x2;promotion:ok,memory_emitted
pool(proxy label),AD000639,c-9d23a00d1e47,68.9,c-3e5a87f7590a,126.4,False,c-437049d60eec,183.7,2,,,c-3e5a87f7590a,memory,126.4,6,3,1.455594,2026-05-05T05:52:26Z,26.8,STABLE,CONFIRMED,STABLE,field_confirmed_x2;negatives_independent=1;promotion:ok,memory_emitted
pool(proxy label),AD000652,c-606cec4e071b,166.5,c-cd2e82982f5b,0.0,True,c-3db7a631fce2,1.8,3,,,c-8502f175579a,field_evidence,0.0,6,2,1.953843,2026-05-25T04:52:35Z,6.8,STABLE,CONFIRMED,STABLE,field_confirmed_x2;promotion:ok,memory_emitted
pool(proxy label),AD000658,c-a5fa5fb86c87,319.6,c-87818d215c0f,535.3,False,c-c5a971950d47,5.6,3,,,c-03edf2f67e62,field_evidence,46.4,6,3,4.209892,2026-05-29T05:18:39Z,2.8,STABLE,CONFIRMED,STABLE,field_confirmed_x5;promotion:ok,memory_emitted
pool(proxy label),AD000667,c-049ffed789a8,486.4,c-76dba39ec6e5,0.0,True,c-9b7dfb2231d2,5.1,3,,,c-4d0429eb7845,field_evidence,0.0,6,2,1.501792,2026-04-23T04:55:12Z,38.8,MOVED_SUSPECTED,APPROXIMATE,MOVED_SUSPECTED,field_confirmed_x2;negative_accumulation_cap;negatives_independent=2;promotion:ok,memory_emitted
pool(proxy label),AD000668,c-dd152ab98076,110.4,c-72a5da917bac,0.0,True,c-08ca4ae34449,0.0,3,,,c-d4e634e2c687,field_evidence,0.0,5,2,2.446664,2026-05-19T05:02:42Z,12.8,STABLE,CONFIRMED,STABLE,field_confirmed_x3;negatives_independent=1;promotion:ok,memory_emitted
pool(proxy label),AD000672,c-6379b3939c21,127.9,c-72d3c0c0a7d3,127.9,False,c-de361182bd3e,88.6,2,,,c-de361182bd3e,field_evidence,88.6,5,2,1.164958,2026-05-26T04:51:26Z,5.8,STABLE,CONFIRMED,STABLE,field_confirmed_x2;promotion:ok,memory_emitted
pool(proxy label),AD000710,c-7b57eaf16bfc,315.1,c-738db847bef7,0.0,True,c-9363a6c71098,2.7,2,,,c-d2b11f09911e,field_evidence,0.0,2,1,1.486068,2026-04-22T05:39:09Z,39.8,STABLE,CONFIRMED,STABLE,field_confirmed_x2;promotion:ok,memory_emitted
pool(proxy label),AD000711,c-b84bd48af0d6,300.1,c-c4c714172276,300.1,False,c-dfbcb96bc0ea,6.1,3,,,c-b95a8de62ae6,field_evidence,8.0,6,2,3.388728,2026-05-30T06:40:19Z,1.7,STABLE,CONFIRMED,STABLE,field_confirmed_x4;negatives_independent=1;promotion:ok,memory_emitted
pool(proxy label),AD000722,c-3cc08375521d,360.1,c-5bf96e860385,360.1,False,c-c77f296a8884,4.5,3,,,c-5bf96e860385,memory,360.1,6,1,3.838933,2026-05-29T05:31:10Z,2.8,STABLE,CONFIRMED,STABLE,field_confirmed_x4;negatives_independent=1;promotion:ok,memory_emitted
pool(proxy label),AD000727,c-d35a62e7eb53,131.8,c-672578e9f013,131.8,False,c-eae1c9b18026,0.0,3,,,c-7ec169ff5b82,field_evidence,1.0,6,2,4.472982,2026-05-27T05:46:48Z,4.8,STABLE,CONFIRMED,STABLE,field_confirmed_x5;promotion:ok,memory_emitted
pool(proxy label),AD000733,c-60f05cca2eed,188.1,c-851eed02ae17,0.0,True,c-b62d7a91306a,0.0,3,,,c-511472b95ab0,field_evidence,0.0,6,3,2.556745,2026-05-28T06:33:18Z,3.7,STABLE,CONFIRMED,STABLE,field_confirmed_x3;promotion:ok,memory_emitted
pool(proxy label),AD000735,c-50d0177680e1,244.4,c-fc46319762be,0.0,True,c-f10c602dd7bb,3.0,3,,,c-f18c5c395f73,field_evidence,0.0,6,2,2.598153,2026-05-18T05:09:36Z,13.8,STABLE,CONFIRMED,STABLE,field_confirmed_x3;negatives_independent=1;promotion:ok,memory_emitted
pool(proxy label),AD000741,c-01b56191251c,122.8,c-48c1c8dd11c3,122.8,False,c-00d33e223861,123.9,3,,,c-48c1c8dd11c3,memory,122.8,4,2,1.999586,2026-05-16T05:56:31Z,15.8,STABLE,CONFIRMED,STABLE,field_confirmed_x2;promotion:ok,memory_emitted
pool(proxy label),AD000753,c-3eda72ceb28a,374.9,c-dd33edf1089c,374.9,False,c-fe168185a7f7,30.6,3,,,c-4180f43983bc,field_evidence,30.6,5,2,1.943248,2026-05-19T04:45:41Z,12.8,MOVED_SUSPECTED,APPROXIMATE,MOVED_SUSPECTED,field_confirmed_x2;negative_accumulation_cap;negatives_independent=2;promotion:ok,memory_emitted
pool(proxy label),AD000756,c-1b666e410d63,194.3,c-2c4a2c9df947,221.6,False,c-418b5a1759d9,95.7,3,,,c-2c4a2c9df947,memory,221.6,5,2,3.01061,2026-05-27T04:52:01Z,4.8,STABLE,CONFIRMED,STABLE,field_confirmed_x4;negatives_independent=1;promotion:ok,memory_emitted
pool(proxy label),AD000759,c-af26dcf9f2fe,93.3,c-cc2fbfcec424,0.0,True,c-3cb7f7f0df52,6.5,2,,,c-efaa68cb9a59,field_evidence,0.0,2,1,1.319428,2026-05-09T04:18:55Z,22.8,STABLE,CONFIRMED,STABLE,field_confirmed_x2;promotion:ok,memory_emitted
pool(proxy label),AD000779,c-a6ed458caa13,1270.5,c-bae169413649,1270.5,False,c-6236ba362f9b,1159.3,2,,,c-bae169413649,memory,1270.5,5,2,1.274155,2026-05-09T05:00:40Z,22.8,STABLE,CONFIRMED,STABLE,field_confirmed_x2;negatives_independent=1;promotion:ok,memory_emitted
pool(proxy label),AD000781,c-26be0c5d670b,100.8,c-b89f9b542796,0.0,True,c-81233d4d2265,3.0,3,,,c-a3eeb6306d1f,field_evidence,0.0,6,2,2.77544,2026-05-27T04:41:32Z,4.8,STABLE,CONFIRMED,STABLE,field_confirmed_x3;promotion:ok,memory_emitted
pool(proxy label),AD000782,c-8b309665419b,374.8,c-84646b081849,0.0,True,c-00cab7de8afb,2.1,2,,,c-b09178a3905c,field_evidence,0.0,2,1,1.34826,2026-05-26T06:13:51Z,5.7,STABLE,CONFIRMED,STABLE,field_confirmed_x2;promotion:ok,memory_emitted
pool(proxy label),AD000785,c-f9737c3a3f9b,323.6,c-2f889ca087a3,0.0,True,c-dff292567e00,5.1,2,,,c-ac6dd3951e6b,field_evidence,0.0,6,1,1.332691,2026-05-01T06:30:25Z,30.7,MOVED_SUSPECTED,APPROXIMATE,MOVED_SUSPECTED,field_confirmed_x2;negative_accumulation_cap;negatives_independent=4;promotion:ok,memory_emitted
pool(proxy label),AD000787,c-2bb3f2fd30b6,16.8,c-92ac4d4bc4ba,0.0,True,c-fcfed9fded5c,3.6,3,,,c-4a36c3f3e4b0,field_evidence,0.0,4,2,2.106948,2026-05-11T06:14:07Z,20.7,STABLE,CONFIRMED,STABLE,field_confirmed_x2;promotion:ok,memory_emitted
pool(proxy label),AD000808,c-96d849ae4f11,114.7,c-589f75a4f67b,0.0,True,c-dc84bfd36d44,4.3,3,,,c-691ba92e8acb,field_evidence,0.0,4,1,2.581618,2026-05-16T04:32:29Z,15.8,STABLE,CONFIRMED,STABLE,field_confirmed_x2;promotion:ok,memory_emitted
pool(proxy label),AD000809,c-edb886a96eb6,496.1,c-30816d0fe7b3,0.0,True,c-977c13096b6c,0.0,3,,,c-55ec4be13054,field_evidence,0.0,5,2,2.233173,2026-05-20T04:39:30Z,11.8,STABLE,CONFIRMED,STABLE,field_confirmed_x3;promotion:ok,memory_emitted
pool(proxy label),AD000810,c-76436ef14a70,490.8,c-a095888dcde3,0.0,True,c-297485255be5,2.5,3,,,c-b55f747cfe92,field_evidence,0.0,4,2,1.922369,2026-05-14T05:53:47Z,17.8,STABLE,CONFIRMED,STABLE,field_confirmed_x2;negatives_independent=1;promotion:ok,memory_emitted
pool(proxy label),AD000817,c-d032d5eb1026,233.9,c-438904a2b3b4,0.0,True,c-32f542b0a34e,2.0,3,,,c-18202d453ed5,field_evidence,0.0,6,2,2.378857,2026-05-28T05:38:38Z,3.8,MOVED_SUSPECTED,APPROXIMATE,MOVED_SUSPECTED,field_confirmed_x3;negative_accumulation_cap;negatives_independent=3;promotion:ok,memory_emitted
pool(proxy label),AD000825,c-c789f6dfc7fe,55.1,c-ae018592fcd0,0.0,True,c-dc37b21a8805,10.5,2,,,c-3dcbd2d867d4,field_evidence,0.0,2,1,1.744081,2026-05-29T07:31:36Z,2.7,STABLE,CONFIRMED,STABLE,field_confirmed_x2;promotion:ok,memory_emitted
pool(proxy label),AD000836,c-8efde65002a1,306.6,c-c23146389813,0.0,True,c-cc1ba4f8b20f,12.4,2,,,c-c7bc35e2ada5,field_evidence,0.0,6,2,1.627523,2026-05-30T05:08:12Z,1.8,MOVED_SUSPECTED,APPROXIMATE,MOVED_SUSPECTED,field_confirmed_x2;negative_accumulation_cap;negatives_independent=2;promotion:ok,memory_emitted
pool(proxy label),AD000841,c-f49d65544a0a,292.8,c-8672da7becee,0.0,True,c-ee3f8045a918,11.5,2,,,c-cb376fd9d244,field_evidence,0.0,4,1,1.450251,2026-05-15T05:27:43Z,16.8,MOVED_SUSPECTED,APPROXIMATE,MOVED_SUSPECTED,field_confirmed_x2;negative_accumulation_cap;negatives_independent=2;promotion:ok,memory_emitted
pool(proxy label),AD000850,c-4e001a1f4be5,168.4,c-c49be7349a3e,0.0,True,c-dec0093f5108,5.0,2,,,c-78116931095d,field_evidence,0.0,3,1,1.372031,2026-05-11T06:36:02Z,20.7,STABLE,CONFIRMED,STABLE,field_confirmed_x2;promotion:ok,memory_emitted
pool(proxy label),AD000854,c-8df6091688e1,490.7,c-3a21b9f66c22,0.0,True,c-0a1ce394acd1,4.0,3,,,c-603869306be9,field_evidence,0.0,4,1,1.850235,2026-05-15T04:56:29Z,16.8,STABLE,CONFIRMED,STABLE,field_confirmed_x2;negatives_independent=1;promotion:ok,memory_emitted
pool(proxy label),AD000869,c-7d7ba8d33c22,58.7,c-3877450c5772,58.7,False,c-c3bceaa92192,4.0,3,,,c-808a1226ca81,field_evidence,5.0,6,2,2.41686,2026-05-27T05:13:51Z,4.8,STABLE,CONFIRMED,STABLE,field_confirmed_x3;negatives_independent=1;promotion:ok,memory_emitted
pool(proxy label),AD000904,c-23f31edf56e5,265.4,c-5f56fb3be53a,0.0,True,c-18c5401bfe04,0.5,2,,,c-e4490c458602,field_evidence,0.0,2,2,1.681188,2026-05-01T06:37:45Z,30.7,STABLE,CONFIRMED,STABLE,field_confirmed_x2;promotion:ok,memory_emitted
pool(proxy label),AD000924,c-d4a6f6a553cc,343.0,c-a31d9f57aeae,0.0,True,c-a3bff8a6f1bd,1.5,3,,,c-a757001dc603,field_evidence,0.0,5,2,1.805964,2026-05-21T06:38:32Z,10.7,STABLE,CONFIRMED,STABLE,field_confirmed_x2;promotion:ok,memory_emitted
pool(proxy label),AD000936,c-4f9dea101c51,364.7,c-f6bb29695c42,0.0,True,c-16bc83e53677,2.1,3,,,c-419f855486cf,field_evidence,0.0,6,3,1.93779,2026-05-25T06:16:39Z,6.7,MOVED_SUSPECTED,APPROXIMATE,MOVED_SUSPECTED,field_confirmed_x2;negative_accumulation_cap;negatives_independent=2;promotion:ok,memory_emitted
pool(proxy label),AD000942,c-c9b6f20a0cf3,72.6,c-4aacf1056de6,0.0,True,c-60829a73394f,3.4,2,,,c-2cb6573e9eae,field_evidence,0.0,2,1,1.445673,2026-04-13T07:14:02Z,48.7,STABLE,CONFIRMED,STABLE,field_confirmed_x2;promotion:ok,memory_emitted
pool(proxy label),AD000948,c-746d9149bf07,142.0,c-8c3ef8620e51,196.0,False,c-3399d5a38bc6,1.0,3,,,c-039d73cc1ee2,field_evidence,2.0,3,2,2.142288,2026-05-06T05:11:17Z,25.8,STABLE,CONFIRMED,STABLE,field_confirmed_x3;promotion:ok,memory_emitted
pool(proxy label),AD000950,c-e13dd2a69aa7,415.0,c-29caafc7f075,0.0,True,c-3bc2d92095ec,4.3,3,,,c-b98689533047,field_evidence,0.0,4,2,2.103312,2026-05-23T04:32:42Z,8.8,STABLE,CONFIRMED,STABLE,field_confirmed_x2;promotion:ok,memory_emitted
pool(proxy label),AD000969,c-6691ff6634d6,73.8,c-e269587e599c,0.0,True,c-d0715527fd62,5.4,2,,,c-06a15f554016,field_evidence,0.0,4,2,1.468262,2026-04-30T05:35:40Z,31.8,STABLE,CONFIRMED,STABLE,field_confirmed_x2;promotion:ok,memory_emitted
pool(proxy label),AD000986,c-4346d04cd9ad,22.0,c-728c37aee77d,0.0,True,c-8fbf63e51e53,3.0,3,,,c-13c837751f04,field_evidence,0.0,5,2,2.362494,2026-05-15T04:48:10Z,16.8,STABLE,CONFIRMED,STABLE,field_confirmed_x3;negatives_independent=1;promotion:ok,memory_emitted
pool(proxy label),AD001031,c-16688f9d1aa9,139.0,c-c5589a019bef,0.0,True,c-1043805c4837,8.6,3,,,c-165f56e160e8,field_evidence,0.0,6,2,1.959,2026-05-04T06:03:48Z,27.7,STABLE,CONFIRMED,STABLE,field_confirmed_x2;promotion:ok,memory_emitted
pool(proxy label),AD001035,c-a41ac9c06dfa,614.3,c-ee78e715f578,0.0,True,c-2045bbee4416,25.7,3,,,c-4ee02733007e,field_evidence,0.0,5,2,1.608855,2026-05-22T05:56:31Z,9.8,STABLE,CONFIRMED,STABLE,field_confirmed_x2;negatives_independent=1;promotion:ok,memory_emitted
pool(proxy label),AD001040,c-afedec59423f,110.5,c-ff07aba7c805,0.0,True,c-b6cb4a2c57d6,1.6,3,,,c-81301ac1e5e8,field_evidence,0.0,5,2,3.050523,2026-05-21T05:03:13Z,10.8,STABLE,CONFIRMED,STABLE,field_confirmed_x4;promotion:ok,memory_emitted
pool(proxy label),AD001042,c-b9a3d1a48554,27.2,c-d32610c190e2,0.0,True,c-9bec7985007b,1.0,3,,,c-fb0ebaac0050,field_evidence,0.0,5,2,2.186031,2026-04-28T05:44:05Z,33.8,STABLE,CONFIRMED,STABLE,field_confirmed_x3;promotion:ok,memory_emitted
pool(proxy label),AD001045,c-fa84ce6deabf,260.8,c-59216e487308,0.0,True,c-aeed697fcaf8,2.9,3,,,c-975190e93702,field_evidence,0.0,3,2,1.972966,2026-05-27T04:46:48Z,4.8,STABLE,CONFIRMED,STABLE,field_confirmed_x2;promotion:ok,memory_emitted
pool(proxy label),AD001053,c-725bd2b3622d,104.8,c-3cee80b772ec,0.0,True,c-5065c45baadd,2.5,2,,,c-b9cd455b1ac3,field_evidence,0.0,5,2,1.40902,2026-04-15T04:48:07Z,46.8,STABLE,CONFIRMED,STABLE,field_confirmed_x2;promotion:ok,memory_emitted
pool(proxy label),AD001080,c-b0058383ed67,190.4,c-c9d4018d86c5,0.0,True,c-72f3cc5a6156,4.0,2,,,c-af19fff4d202,field_evidence,0.0,2,2,1.316373,2026-05-02T05:21:24Z,29.8,STABLE,CONFIRMED,STABLE,field_confirmed_x2;promotion:ok,memory_emitted
pool(proxy label),AD001091,c-424dc0edcb98,67.3,c-ea4dcea55273,0.0,True,c-a9ed1b9a169a,5.6,2,,,c-578b1e3e9ba3,field_evidence,0.0,2,2,1.783765,2026-04-25T09:09:41Z,36.6,STABLE,CONFIRMED,STABLE,field_confirmed_x2;promotion:ok,memory_emitted
pool(proxy label),AD001105,c-d75b9650b88e,444.3,c-7864d02b01d9,459.3,False,c-952afd560f38,2.0,3,,,c-7864d02b01d9,memory,459.3,4,2,2.324854,2026-05-16T07:02:51Z,15.7,STABLE,CONFIRMED,STABLE,field_confirmed_x3;promotion:ok,memory_emitted
pool(proxy label),AD001116,c-7dfb26fa886b,28.8,c-36b80f01c6a8,0.0,True,c-e5b5aeb15a92,14.0,2,,,c-641e521b8ec2,field_evidence,0.0,2,2,1.393417,2026-05-22T09:29:54Z,9.6,STABLE,CONFIRMED,STABLE,field_confirmed_x2;promotion:ok,memory_emitted
pool(proxy label),AD001121,c-de2e446d6fab,115.3,c-5401776a90c0,0.0,True,c-deec8ae1a381,3.0,3,,,c-e676a8358377,field_evidence,0.0,5,2,2.69136,2026-05-19T04:48:33Z,12.8,STABLE,CONFIRMED,STABLE,field_confirmed_x3;negatives_independent=1;promotion:ok,memory_emitted
pool(proxy label),AD001122,c-f8e686089bda,304.0,c-bd8ccbf85ee9,0.0,True,c-e36ccd61b673,4.9,2,,,c-d48c42a115bc,field_evidence,0.0,4,2,1.16379,2026-05-26T04:49:06Z,5.8,MOVED_SUSPECTED,APPROXIMATE,MOVED_SUSPECTED,field_confirmed_x2;negative_accumulation_cap;negatives_independent=2;promotion:ok,memory_emitted
pool(proxy label),AD001127,c-30adb166a95d,229.5,c-a255f59c5c87,229.5,False,c-3d88f23ec41d,15.7,3,,,c-3d88f23ec41d,field_evidence,15.7,5,2,2.196968,2026-05-16T04:28:38Z,15.8,MOVED_SUSPECTED,APPROXIMATE,MOVED_SUSPECTED,field_confirmed_x2;negative_accumulation_cap;negatives_independent=2;promotion:ok,memory_emitted
pool(proxy label),AD001130,c-5f5db73caab6,118.2,c-5ffccfc179f3,0.0,True,c-f8587247c4ad,4.0,2,,,c-1427c8758530,field_evidence,0.0,4,2,1.713359,2026-05-28T04:51:08Z,3.8,STABLE,CONFIRMED,STABLE,field_confirmed_x2;promotion:ok,memory_emitted
pool(proxy label),AD001133,c-f92a9fdf5b5c,169.0,c-1a854dbc9d72,0.0,True,c-af4ad2f152ea,5.5,2,,,c-513bf2f455f5,field_evidence,0.0,4,2,1.543914,2026-05-11T05:11:19Z,20.8,STABLE,CONFIRMED,STABLE,field_confirmed_x2;negatives_independent=1;promotion:ok,memory_emitted
pool(proxy label),AD001135,c-0f91fd861277,184.7,c-a749f65e5cbd,184.7,False,c-89656821b246,79.1,3,,,c-a749f65e5cbd,memory,184.7,4,3,2.696019,2026-05-13T06:25:07Z,18.7,STABLE,CONFIRMED,STABLE,field_confirmed_x4;promotion:ok,memory_emitted
pool(proxy label),AD001145,c-9c1823aaa237,47.4,c-9fb250c63363,0.0,True,c-cf0f63944d32,1.0,3,,,c-cc18316a719b,field_evidence,0.0,4,3,2.309894,2026-05-06T05:02:34Z,25.8,STABLE,CONFIRMED,STABLE,field_confirmed_x3;promotion:ok,memory_emitted
pool(proxy label),AD001152,c-e8b82d34bff1,164.7,c-de8222ef7247,0.0,True,c-74e84d17d8e8,0.0,3,,,c-e1a591f7d040,field_evidence,0.0,4,3,2.492666,2026-05-20T05:18:03Z,11.8,STABLE,CONFIRMED,STABLE,field_confirmed_x3;promotion:ok,memory_emitted
pool(proxy label),AD001156,c-79a727ca56bd,140.1,c-ddc82d2b6619,0.0,True,c-f4a02379ab29,2.1,3,,,c-c65e03272934,field_evidence,0.0,4,2,2.037046,2026-05-30T05:23:52Z,1.8,STABLE,CONFIRMED,STABLE,field_confirmed_x2;promotion:ok,memory_emitted
pool(proxy label),AD001170,c-e416effe2010,165.9,c-31e78c173ec0,0.0,True,c-e59abc46ac7d,2.0,3,,,c-f56a853cd41d,field_evidence,0.0,6,2,2.235803,2026-05-16T04:57:19Z,15.8,MOVED_SUSPECTED,APPROXIMATE,MOVED_SUSPECTED,field_confirmed_x2;negative_accumulation_cap;negatives_independent=2;promotion:ok,memory_emitted
pool(proxy label),AD001178,c-039246ddbbba,266.7,c-1b3796423993,0.0,True,c-3107272309f3,2.9,2,,,c-1e958ede0c0a,field_evidence,0.0,2,1,1.361412,2026-05-28T05:49:55Z,3.8,STABLE,CONFIRMED,STABLE,field_confirmed_x2;promotion:ok,memory_emitted
pool(proxy label),AD001186,c-ca652a67711a,155.6,c-790563714eb6,0.0,True,c-1b14ad04436b,2.5,3,,,c-981e70f560a6,field_evidence,0.0,6,3,3.260231,2026-05-21T08:38:54Z,10.6,STABLE,CONFIRMED,STABLE,field_confirmed_x4;negatives_independent=1;promotion:ok,memory_emitted
pool(proxy label),AD001200,c-31e5396c266d,259.1,c-95ca9a20ea96,0.0,True,c-65aa8f2a7e26,9.6,2,,,c-314d753011be,field_evidence,0.0,4,2,1.391859,2026-05-20T06:13:03Z,11.7,STABLE,CONFIRMED,STABLE,field_confirmed_x2;promotion:ok,memory_emitted
pool(proxy label),AD001212,c-742db3019921,586.0,c-6afd42ae9139,0.0,True,c-50c7a4559e05,0.5,2,,,c-84f357926694,field_evidence,0.0,4,1,1.099979,2026-05-02T06:15:42Z,29.7,STABLE,CONFIRMED,STABLE,field_confirmed_x2;negatives_independent=1;promotion:ok,memory_emitted
pool(proxy label),AD001223,c-d40dfb29c226,68.1,c-61a7762736bf,0.0,True,c-661de13a366f,3.4,2,,,c-b5d9dcbd5c6a,field_evidence,0.0,2,2,1.731537,2026-05-26T07:16:07Z,5.7,STABLE,CONFIRMED,STABLE,field_confirmed_x2;promotion:ok,memory_emitted
pool(proxy label),AD001232,c-566558768315,139.6,c-0d4433d329b7,0.0,True,c-f41f93eeefb0,2.0,3,,,c-6b46c30b5327,field_evidence,0.0,4,2,2.181622,2026-05-21T05:34:48Z,10.8,STABLE,CONFIRMED,STABLE,field_confirmed_x3;promotion:ok,memory_emitted
pool(proxy label),AD001236,c-8577dd8f4ee9,460.2,c-2c8938ab7803,0.0,True,c-bb8cdd1146ad,2.5,2,,,c-fea44d5b7dc6,field_evidence,0.0,6,2,1.482541,2026-05-25T06:02:52Z,6.7,STABLE,CONFIRMED,STABLE,field_confirmed_x2;negatives_independent=1;promotion:ok,memory_emitted
pool(proxy label),AD001254,c-02e61b7386b5,177.5,c-e3220b4e3a7c,0.0,True,c-efe0933e3ceb,0.0,3,,,c-bd53625751da,field_evidence,0.0,5,2,1.957361,2026-05-22T05:23:22Z,9.8,STABLE,CONFIRMED,STABLE,field_confirmed_x3;negatives_independent=1;promotion:ok,memory_emitted
pool(proxy label),AD001268,c-5f5690527355,318.8,c-de764fe5a83b,452.6,False,c-9d7c69b3e84a,196.3,2,,,c-de764fe5a83b,memory,452.6,3,2,1.380951,2026-05-22T06:30:51Z,9.7,STABLE,CONFIRMED,STABLE,field_confirmed_x2;promotion:ok,memory_emitted
pool(proxy label),AD001272,c-119553da0ea3,359.7,c-347b77558f96,0.0,True,c-46bbbc99d5fb,1.1,3,,,c-5a8e7d8b234f,field_evidence,0.0,5,2,2.302153,2026-05-22T07:02:27Z,9.7,STABLE,CONFIRMED,STABLE,field_confirmed_x3;negatives_independent=1;promotion:ok,memory_emitted
pool(proxy label),AD001294,c-3c1a492fa500,340.9,c-3298cddde8cb,0.0,True,c-542bac67b5a9,1.0,3,,,c-095b358be7d1,field_evidence,0.0,3,2,1.712361,2026-04-24T05:52:33Z,37.8,STABLE,CONFIRMED,STABLE,field_confirmed_x2;promotion:ok,memory_emitted
pool(proxy label),AD001314,c-279813281660,127.3,c-941395ea80ab,0.0,True,c-cc587f8dd6c2,4.0,3,,,c-4168fc0e63c6,field_evidence,0.0,6,3,3.938336,2026-05-30T04:52:36Z,1.8,STABLE,CONFIRMED,STABLE,field_confirmed_x5;promotion:ok,memory_emitted
pool(proxy label),AD001324,c-eb9ed7ded294,17.1,c-ba967877a820,0.0,True,c-64fee90b9e58,0.0,3,,,c-096dfce42500,field_evidence,0.0,4,2,2.184479,2026-05-12T06:55:37Z,19.7,STABLE,CONFIRMED,STABLE,field_confirmed_x3;promotion:ok,memory_emitted
pool(proxy label),AD001339,c-05832644268a,334.8,c-e32541f6780e,356.3,False,c-ff5d632e796d,118.1,3,,,c-84a973e7c9ee,field_evidence,119.1,5,2,1.719927,2026-05-26T05:29:49Z,5.8,STABLE,CONFIRMED,STABLE,field_confirmed_x2;negatives_independent=1;promotion:ok,memory_emitted
pool(proxy label),AD001352,c-05cf0ebc67fd,194.0,c-83fedc14cb5e,194.0,False,c-9fd22b66577f,3.0,3,,,c-83fedc14cb5e,memory,194.0,6,1,1.859522,2026-05-14T06:38:49Z,17.7,STABLE,CONFIRMED,STABLE,field_confirmed_x3;negatives_independent=1;promotion:ok,memory_emitted
pool(proxy label),AD001357,c-4c816fd55eeb,214.1,c-8275e439bea0,0.0,True,c-97afcce8cab6,3.5,2,,,c-7b32cc3262f5,field_evidence,0.0,2,2,1.33491,2026-05-26T06:40:36Z,5.7,STABLE,CONFIRMED,STABLE,field_confirmed_x2;promotion:ok,memory_emitted
pool(proxy label),AD001363,c-e038a46afbde,372.3,c-33b56739c0b5,0.0,True,c-839d71e5ac16,5.3,2,,,c-7f15a4cef18c,field_evidence,0.0,3,1,1.504437,2026-05-28T05:16:03Z,3.8,STABLE,CONFIRMED,STABLE,field_confirmed_x2;promotion:ok,memory_emitted
pool(proxy label),AD001364,c-f2100197c33f,286.8,c-2c72436e5c2f,0.0,True,c-1f1e2dfed3c1,3.0,2,,,c-d8b0c6197c9a,field_evidence,0.0,2,1,1.736725,2026-05-02T06:28:06Z,29.7,STABLE,CONFIRMED,STABLE,field_confirmed_x2;promotion:ok,memory_emitted
pool(proxy label),AD001380,c-213dfb5da2fc,169.5,c-23116f7c0df8,0.0,True,c-feb9a9de5eaf,0.0,3,,,c-32b357feee76,field_evidence,0.0,5,3,2.250687,2026-05-04T06:52:56Z,27.7,STABLE,CONFIRMED,STABLE,field_confirmed_x3;promotion:ok,memory_emitted
pool(proxy label),AD001408,c-35102a52e2d9,137.2,c-370f274def92,0.0,True,c-a443397a0b1d,0.0,3,,,c-095e13935a11,field_evidence,0.0,5,1,1.874165,2026-05-09T05:45:30Z,22.8,MOVED_SUSPECTED,APPROXIMATE,MOVED_SUSPECTED,field_confirmed_x3;negative_accumulation_cap;negatives_independent=2;promotion:ok,memory_emitted
pool(proxy label),AD001416,c-4104ed807d85,60.6,c-99d4036429ff,0.0,True,c-b4ba2d96c32e,0.0,3,,,c-67379ca534a0,field_evidence,0.0,4,3,2.915123,2026-05-01T07:17:15Z,30.7,STABLE,CONFIRMED,STABLE,field_confirmed_x3;promotion:ok,memory_emitted
pool(proxy label),AD001422,c-e0b481379d78,362.9,c-54735ec4a5a7,362.9,False,c-49281f1afe5f,7.0,3,,,c-49281f1afe5f,field_evidence,7.0,6,1,2.445468,2026-05-29T05:00:56Z,2.8,STABLE,CONFIRMED,STABLE,field_confirmed_x3;negatives_independent=1;promotion:ok,memory_emitted
pool(proxy label),AD001447,c-644a54226296,151.9,c-f362af28d618,151.9,False,c-e162829f78c1,2.0,3,,,c-e162829f78c1,field_evidence,2.0,5,2,1.745228,2026-05-13T05:59:51Z,18.8,STABLE,CONFIRMED,STABLE,field_confirmed_x3;promotion:ok,memory_emitted
pool(proxy label),AD001462,c-4274829b4cea,391.7,c-638f46fb81aa,0.0,True,c-d268569dbeb6,1.8,3,,,c-06aefaa6eaeb,field_evidence,0.0,6,3,3.104783,2026-05-25T05:15:33Z,6.8,STABLE,CONFIRMED,STABLE,field_confirmed_x4;negatives_independent=1;promotion:ok,memory_emitted
pool(proxy label),AD001465,c-1ede7050e2e9,364.6,c-7d5b3f4484d5,0.0,True,c-e214db166780,1.0,3,,,c-a2c9e9f9f1c9,field_evidence,0.0,3,2,2.096461,2026-05-07T05:27:30Z,24.8,STABLE,CONFIRMED,STABLE,field_confirmed_x3;promotion:ok,memory_emitted
pool(proxy label),AD001479,c-98e3ac6a401d,579.4,c-4a9accfe52dd,669.2,False,c-50dd4ee9d00f,0.0,3,,,c-50dd4ee9d00f,field_evidence,0.0,6,2,2.442902,2026-05-26T06:11:00Z,5.7,STABLE,CONFIRMED,STABLE,field_confirmed_x2;negatives_independent=1;promotion:ok,memory_emitted
pool(proxy label),AD001495,c-769a6947b077,378.7,c-f4aa2ed1c847,472.8,False,c-330763c60e97,0.0,3,,,c-0671cc03893b,field_evidence,38.3,6,2,2.653884,2026-05-21T06:21:01Z,10.7,STABLE,CONFIRMED,STABLE,field_confirmed_x3;promotion:ok,memory_emitted
pool(proxy label),AD001499,c-99ce5fe12779,92.1,c-5449271d49d3,0.0,True,c-1a2e313b82cc,2.0,3,,,c-27c05ec0cd5f,field_evidence,0.0,6,1,2.017226,2026-05-07T05:40:18Z,24.8,STABLE,CONFIRMED,STABLE,field_confirmed_x2;promotion:ok,memory_emitted
pool(proxy label),AD001505,c-9f14585bb522,99.6,c-b13ff9b7d635,0.0,True,c-1677700f8524,0.0,3,,,c-d9616dc39adb,field_evidence,0.0,5,2,2.246379,2026-05-05T05:06:21Z,26.8,STABLE,CONFIRMED,STABLE,field_confirmed_x3;promotion:ok,memory_emitted
pool(proxy label),AD001509,c-c4dec3cc8d5d,573.7,c-05a01d85b5ec,0.0,True,c-84c791cbbc64,1.8,3,,,c-5d7f98131ac2,field_evidence,0.0,6,2,2.682472,2026-05-28T04:41:55Z,3.8,STABLE,CONFIRMED,STABLE,field_confirmed_x2;negatives_independent=1;promotion:ok,memory_emitted
pool(proxy label),AD001521,c-112d713c57a6,305.0,c-b959858ae737,0.0,True,c-4b92d32a1e82,4.6,2,,,c-b7baa9994af0,field_evidence,0.0,3,2,1.467568,2026-05-06T04:30:49Z,25.8,STABLE,CONFIRMED,STABLE,field_confirmed_x2;promotion:ok,memory_emitted
pool(proxy label),AD001523,c-2a17ae450c1a,326.6,c-017eafc67bfb,0.0,True,c-7bb4d0073142,10.6,3,,,c-3a10d71607a4,field_evidence,0.0,5,1,2.236131,2026-05-26T06:29:09Z,5.7,MOVED_SUSPECTED,APPROXIMATE,MOVED_SUSPECTED,field_confirmed_x2;negative_accumulation_cap;negatives_independent=2;promotion:ok,memory_emitted
pool(proxy label),AD001539,c-e859df492649,154.7,c-eec04c579b1e,0.0,True,c-cc9bc9b33c04,0.0,3,,,c-c5f86f5a10f2,field_evidence,0.0,3,3,2.534965,2026-05-27T04:59:45Z,4.8,STABLE,CONFIRMED,STABLE,field_confirmed_x3;promotion:ok,memory_emitted
pool(proxy label),AD001540,c-213020943b6b,170.9,c-47010d4976ab,0.0,True,c-7370d8d0e027,0.7,2,,,c-1fd841d3437f,field_evidence,0.0,2,1,1.725156,2026-05-23T07:29:40Z,8.7,STABLE,CONFIRMED,STABLE,field_confirmed_x2;promotion:ok,memory_emitted
pool(proxy label),AD001551,c-bbe5505d57f3,551.8,c-cbf54a8fc980,779.1,False,c-a140629480eb,141.9,3,,,c-4b4e65eb002c,field_evidence,141.9,3,1,1.853063,2026-05-19T04:14:43Z,12.8,STABLE,CONFIRMED,STABLE,field_confirmed_x2;promotion:ok,memory_emitted
pool(proxy label),AD001554,c-5d39e0d7f07b,122.7,c-5ae6871a0bb4,0.0,True,c-f7173df84d45,6.8,2,,,c-9530315142d9,field_evidence,0.0,2,2,1.543062,2026-05-26T06:46:47Z,5.7,STABLE,CONFIRMED,STABLE,field_confirmed_x2;promotion:ok,memory_emitted
pool(proxy label),AD001555,c-f4ea647946c0,232.8,c-10ec4c5ff899,0.0,True,c-9e7f51357b64,2.0,3,,,c-dd36555b3786,field_evidence,0.0,6,3,4.176528,2026-05-27T05:04:16Z,4.8,STABLE,CONFIRMED,STABLE,field_confirmed_x5;promotion:ok,memory_emitted
pool(proxy label),AD001578,c-c55fafefe7ee,117.9,c-8a3cf33ae8e0,117.9,False,c-3261e05413aa,0.0,3,,,c-3261e05413aa,field_evidence,0.0,5,2,2.82707,2026-05-23T04:53:38Z,8.8,STABLE,CONFIRMED,STABLE,field_confirmed_x3;promotion:ok,memory_emitted
pool(proxy label),AD001581,c-6870c665d451,121.9,c-46fc113543b6,0.0,True,c-11b44a7fbc6a,3.8,3,,,c-643f1efc722b,field_evidence,0.0,5,3,3.150415,2026-05-21T09:04:24Z,10.6,STABLE,CONFIRMED,STABLE,field_confirmed_x4;promotion:ok,memory_emitted
pool(proxy label),AD001587,c-09e94ff26410,424.6,c-077aefbd1374,0.0,True,c-b4ef06a8d9fd,5.0,2,,,c-a5b334f019ac,field_evidence,0.0,3,1,1.542191,2026-04-28T04:49:18Z,33.8,STABLE,CONFIRMED,STABLE,field_confirmed_x2;promotion:ok,memory_emitted
pool(proxy label),AD001619,c-ad7bf91fad03,104.5,c-668721bc236e,0.0,True,c-bfaaafad8689,0.7,2,,,c-e31a217742b5,field_evidence,0.0,2,2,1.735323,2026-05-27T05:04:42Z,4.8,STABLE,CONFIRMED,STABLE,field_confirmed_x2;promotion:ok,memory_emitted
pool(proxy label),AD001627,c-bc7042de6b7b,255.7,c-9686b3e43a6d,0.0,True,c-f5514491b0d8,0.5,3,,,c-4ad35ce890c2,field_evidence,0.0,4,2,1.55923,2026-05-07T04:20:30Z,24.8,STABLE,CONFIRMED,STABLE,field_confirmed_x2;promotion:ok,memory_emitted
pool(proxy label),AD001638,c-59efb045eac3,301.1,c-5c71cffde562,319.7,False,c-f17d8be6ef8f,6.0,3,,,c-5c71cffde562,memory,319.7,5,3,2.131922,2026-05-26T05:53:02Z,5.8,STABLE,CONFIRMED,STABLE,field_confirmed_x3;negatives_independent=1;promotion:ok,memory_emitted
pool(proxy label),AD001647,c-e94dabe6ab78,112.5,c-54e3498441e8,0.0,True,c-9785c182827b,3.6,3,,,c-779119c86ac9,field_evidence,0.0,5,2,1.996749,2026-04-29T04:47:06Z,32.8,STABLE,CONFIRMED,STABLE,field_confirmed_x2;promotion:ok,memory_emitted
pool(proxy label),AD001662,c-06aa5eef1d11,212.1,c-657ea4a929e4,0.0,True,c-69c613f4d32f,2.5,2,,,c-db419eae2dc3,field_evidence,0.0,4,2,1.21018,2026-05-13T05:10:51Z,18.8,STABLE,CONFIRMED,STABLE,field_confirmed_x2;negatives_independent=1;promotion:ok,memory_emitted
pool(proxy label),AD001689,c-88a65bb0a701,115.5,c-d552fc89a8c6,0.0,True,c-0398c479c931,28.2,2,,,c-0855e1015deb,field_evidence,0.0,3,2,1.727451,2026-05-19T05:17:25Z,12.8,STABLE,CONFIRMED,STABLE,field_confirmed_x2;promotion:ok,memory_emitted
pool(proxy label),AD001697,c-829d33fd1024,148.8,c-926f2fe289a4,148.8,False,c-cb1beae220f4,1.1,3,,,c-926f2fe289a4,memory,148.8,6,2,2.752792,2026-05-25T07:15:55Z,6.7,STABLE,CONFIRMED,STABLE,field_confirmed_x4;promotion:ok,memory_emitted
pool(proxy label),AD001700,c-fb22ff36521a,23.5,c-06123802b27b,0.0,True,c-f56e8bb17906,5.7,2,,,c-3ece4e264bd2,field_evidence,0.0,2,1,1.366143,2026-05-09T08:58:04Z,22.6,STABLE,CONFIRMED,STABLE,field_confirmed_x2;promotion:ok,memory_emitted
pool(proxy label),AD001713,c-5370814f1f1b,2.2,c-8e02fb706086,0.0,True,c-25e64f27d8e2,3.6,3,,,c-21dc43a92ad9,field_evidence,0.0,5,2,2.877272,2026-05-14T05:41:55Z,17.8,STABLE,CONFIRMED,STABLE,field_confirmed_x4;promotion:ok,memory_emitted
pool(proxy label),AD001722,c-e1956127c378,376.9,c-f23bc54e5f84,0.0,True,c-cba3ac257ff5,1.0,3,,,c-0bb046ad8ccd,field_evidence,0.0,6,2,2.652723,2026-05-29T05:44:58Z,2.8,STABLE,CONFIRMED,STABLE,field_confirmed_x2;negatives_independent=1;promotion:ok,memory_emitted
pool(proxy label),AD001726,c-b48df251e027,44.5,c-370c5931c015,0.0,True,c-b460bc9e3d07,3.0,2,,,c-1e8b1e9691f9,field_evidence,0.0,5,2,1.54388,2026-05-12T05:19:48Z,19.8,STABLE,CONFIRMED,STABLE,field_confirmed_x2;promotion:ok,memory_emitted
pool(proxy label),AD001731,c-133822421385,85.4,c-e6541dfbee8f,85.4,False,c-69532b442103,31.0,3,,,c-e6541dfbee8f,memory,85.4,4,3,2.104955,2026-05-28T05:32:18Z,3.8,STABLE,CONFIRMED,STABLE,field_confirmed_x3;negatives_independent=1;promotion:ok,memory_emitted
pool(proxy label),AD001738,c-3fd8ed23d8d4,250.6,c-ada4ea49e92f,0.0,True,c-3e1bf86e123f,3.6,2,,,c-a99cf106c88b,field_evidence,0.0,4,1,1.54989,2026-05-18T06:11:54Z,13.7,STABLE,CONFIRMED,STABLE,field_confirmed_x2;promotion:ok,memory_emitted
pool(proxy label),AD001741,c-1e7f41659b0d,159.2,c-96f4b3ca5218,0.0,True,c-0e4159d94728,1.1,2,,,c-9c17e627ea61,field_evidence,0.0,3,2,1.335459,2026-05-21T07:27:40Z,10.7,STABLE,CONFIRMED,STABLE,field_confirmed_x2;promotion:ok,memory_emitted
pool(proxy label),AD001742,c-44218646a849,320.6,c-04b667266098,0.0,True,c-86d8ec9e7529,4.0,2,,,c-fff4263803dd,field_evidence,0.0,2,2,1.336599,2026-05-18T08:08:15Z,13.7,STABLE,CONFIRMED,STABLE,field_confirmed_x2;promotion:ok,memory_emitted
pool(proxy label),AD001746,c-edf5b0dd3160,299.0,c-617ccb3f5813,0.0,True,c-8d9d6d4147f2,3.4,3,,,c-d59b68b29190,field_evidence,0.0,6,2,2.042532,2026-05-25T05:36:27Z,6.8,STABLE,CONFIRMED,STABLE,field_confirmed_x2;negatives_independent=1;promotion:ok,memory_emitted
pool(proxy label),AD001753,c-35b4f9711358,85.5,c-21b3990f4ff6,0.0,True,c-6abcacbed273,5.6,3,,,c-76cc6e9cf173,field_evidence,0.0,6,2,1.741013,2026-05-29T06:54:47Z,2.7,STABLE,CONFIRMED,STABLE,field_confirmed_x2;negatives_independent=1;promotion:ok,memory_emitted
pool(proxy label),AD001760,c-5930aafdd720,376.1,c-d8e8c4a24813,0.0,True,c-0622932d7f30,1.8,3,,,c-d21bdbcf7f5f,field_evidence,0.0,3,2,1.810206,2026-05-19T05:23:22Z,12.8,STABLE,CONFIRMED,STABLE,field_confirmed_x2;promotion:ok,memory_emitted
pool(proxy label),AD001767,c-7e90585ebf38,188.5,c-03ad10dc7953,188.5,False,c-004d0003d160,156.6,2,,,c-004d0003d160,field_evidence,156.6,3,1,1.664207,2026-04-24T06:38:49Z,37.7,STABLE,CONFIRMED,STABLE,field_confirmed_x2;negatives_independent=1;promotion:ok,memory_emitted
pool(proxy label),AD001779,c-b2b72e2df830,139.2,c-17e78d46de53,0.0,True,c-04bbf7095ea2,4.0,2,,,c-72ee09ba5c67,field_evidence,0.0,2,1,1.572598,2026-05-20T05:27:20Z,11.8,STABLE,CONFIRMED,STABLE,field_confirmed_x2;promotion:ok,memory_emitted
pool(proxy label),AD001788,c-5a144cb11546,185.1,c-61f22da0f557,364.0,False,c-56bc4092a596,0.0,3,,,c-61f22da0f557,memory,364.0,3,2,2.27152,2026-05-27T06:38:58Z,4.7,STABLE,CONFIRMED,STABLE,field_confirmed_x3;promotion:ok,memory_emitted
pool(proxy label),AD001792,c-0d98aba8ebeb,68.0,c-a55fc799f45d,68.0,False,c-0dfc571f68b2,8.6,3,,,c-a55fc799f45d,memory,68.0,6,2,2.798759,2026-05-27T06:52:06Z,4.7,STABLE,CONFIRMED,STABLE,field_confirmed_x4;negatives_independent=1;promotion:ok,memory_emitted
pool(proxy label),AD001794,c-75bfbbaf8da9,261.7,c-bd26acafac32,0.0,True,c-0eb53b056125,0.0,3,,,c-7ffb0a868b1b,field_evidence,0.0,5,1,2.602274,2026-05-09T07:57:42Z,22.7,MOVED_SUSPECTED,APPROXIMATE,MOVED_SUSPECTED,field_confirmed_x3;negative_accumulation_cap;negatives_independent=2;promotion:ok,memory_emitted
pool(proxy label),AD001812,c-c796309b78ee,189.7,c-1b6d55359c4e,0.0,True,c-1159133e6c79,6.4,2,,,c-6a21f81ffbd7,field_evidence,0.0,4,2,1.104645,2026-05-07T07:01:09Z,24.7,STABLE,CONFIRMED,STABLE,field_confirmed_x2;negatives_independent=1;promotion:ok,memory_emitted
pool(proxy label),AD001815,c-7b62dbe95a04,365.0,c-5dcbb0a1f2ff,0.0,True,c-1b85df46c034,4.0,3,,,c-50f8ab507e69,field_evidence,0.0,6,2,1.660726,2026-05-20T05:56:40Z,11.8,STABLE,CONFIRMED,STABLE,field_confirmed_x2;negatives_independent=1;promotion:ok,memory_emitted
pool(proxy label),AD001821,c-c05374b242e0,68.2,c-d273ce067ae1,0.0,True,c-f3cecac87af8,0.0,3,,,c-92018907b15c,field_evidence,0.0,5,2,2.313071,2026-05-18T06:48:30Z,13.7,STABLE,CONFIRMED,STABLE,field_confirmed_x3;promotion:ok,memory_emitted
pool(proxy label),AD001879,c-6ba84f45f85c,258.4,c-f1d5bc179557,0.0,True,c-1a07972555f0,10.0,2,,,c-54cee881bcb9,field_evidence,0.0,3,1,1.486055,2026-04-18T07:12:02Z,43.7,STABLE,CONFIRMED,STABLE,field_confirmed_x2;promotion:ok,memory_emitted
pool(proxy label),AD001880,c-e3e068a36676,826.7,c-6147a1b90eeb,826.7,False,c-824d18545a37,736.4,2,,,c-6147a1b90eeb,memory,826.7,3,1,1.384447,2026-04-14T05:35:11Z,47.8,STABLE,CONFIRMED,STABLE,field_confirmed_x2;promotion:ok,memory_emitted
pool(proxy label),AD001891,c-86cd61172c9e,393.6,c-474d8d54d6d2,441.5,False,c-ecbeac358058,0.0,3,,,c-474d8d54d6d2,memory,441.5,3,2,1.585094,2026-05-30T04:18:56Z,1.8,STABLE,CONFIRMED,STABLE,field_confirmed_x3;promotion:ok,memory_emitted
pool(proxy label),AD001923,c-4c076c321aba,173.9,c-fbb365ba44a5,0.0,True,c-e44766abbdad,6.5,2,,,c-23d9ff8f0c7b,field_evidence,0.0,2,1,1.467902,2026-05-05T06:07:07Z,26.7,STABLE,CONFIRMED,STABLE,field_confirmed_x2;promotion:ok,memory_emitted
pool(proxy label),AD001937,c-3497d2f337a9,40.6,c-9bf2e0fc1649,0.0,True,c-b6d7965dcb74,1.0,2,,,c-c5b83d47146e,field_evidence,0.0,5,1,1.67014,2026-04-18T06:08:19Z,43.7,STABLE,CONFIRMED,STABLE,field_confirmed_x2;promotion:ok,memory_emitted
pool(proxy label),AD001954,c-aeee23a308fd,490.3,c-6d169f4483d5,0.0,True,c-5f6448089fc1,4.5,3,,,c-95770a603889,field_evidence,0.0,6,1,2.023966,2026-05-18T04:56:25Z,13.8,STABLE,CONFIRMED,STABLE,field_confirmed_x2;promotion:ok,memory_emitted
pool(proxy label),AD001972,c-b8642be49914,64.2,c-3c95e2c8163d,0.0,True,c-0755770b2987,1.8,3,,,c-4d4db8468af3,field_evidence,0.0,4,3,2.928659,2026-05-25T06:20:45Z,6.7,STABLE,CONFIRMED,STABLE,field_confirmed_x4;promotion:ok,memory_emitted
pool(proxy label),AD001973,c-e53a7bbeb6ae,303.1,c-5756927166ad,0.0,True,c-5b7ee38450ff,6.5,3,,,c-3571ba2086a4,field_evidence,0.0,6,2,2.889925,2026-05-30T05:13:21Z,1.8,STABLE,CONFIRMED,STABLE,field_confirmed_x2;promotion:ok,memory_emitted
pool(proxy label),AD001995,c-613f08e4afb6,148.3,c-89c3f0605215,148.3,False,c-8851568b0749,190.1,2,,,c-89c3f0605215,memory,148.3,3,2,1.311215,2026-05-01T04:45:25Z,30.8,STABLE,CONFIRMED,STABLE,field_confirmed_x2;negatives_independent=1;promotion:ok,memory_emitted
pool(proxy label),AD001996,c-278ebb79e70a,200.4,c-bb451aee4343,200.4,False,c-2926e8bddad0,0.0,3,,,c-2926e8bddad0,field_evidence,0.0,3,1,2.180584,2026-05-28T04:49:47Z,3.8,STABLE,CONFIRMED,STABLE,field_confirmed_x3;promotion:ok,memory_emitted
pool(proxy label),AD002027,c-659c8cd38118,216.8,c-ffe90754e92f,0.0,True,c-8ef3e4558fa9,4.3,3,,,c-2d790069acaa,field_evidence,0.0,6,3,1.939039,2026-05-29T05:23:34Z,2.8,STABLE,CONFIRMED,STABLE,field_confirmed_x2;promotion:ok,memory_emitted
pool(proxy label),AD002045,c-b35f3c469450,176.4,c-5c0328bba716,0.0,True,c-523d67ae72a5,5.6,2,,,c-8f81fa3ec570,field_evidence,0.0,5,1,1.612953,2026-05-29T05:24:09Z,2.8,STABLE,CONFIRMED,STABLE,field_confirmed_x2;promotion:ok,memory_emitted
pool(proxy label),AD002057,c-aa0fdbd17cc7,1224.5,c-362fe2607acd,1224.5,False,c-324881fb8849,182.2,2,,,c-324881fb8849,field_evidence,182.2,5,2,0.977023,2026-04-28T07:00:35Z,33.7,MOVED_SUSPECTED,APPROXIMATE,MOVED_SUSPECTED,field_confirmed_x2;negative_accumulation_cap;negatives_independent=3;promotion:ok,memory_emitted
pool(proxy label),AD002060,c-f26b1af322e4,163.6,c-bdecadc9abd0,0.0,True,c-2b7c2ea39cad,2.2,3,,,c-2f8861567fa5,field_evidence,0.0,4,2,3.196791,2026-05-15T06:13:55Z,16.7,STABLE,CONFIRMED,STABLE,field_confirmed_x4;promotion:ok,memory_emitted
pool(proxy label),AD002061,c-a0e30dbc6ccc,148.3,c-69a9a14a39c1,0.0,True,c-f62f6041fea2,4.3,2,,,c-e97216da0495,field_evidence,0.0,6,2,1.641525,2026-05-15T07:08:34Z,16.7,MOVED_SUSPECTED,APPROXIMATE,MOVED_SUSPECTED,field_confirmed_x2;negative_accumulation_cap;negatives_independent=2;promotion:ok,memory_emitted
pool(proxy label),AD002067,c-4b0b995f94ee,181.3,c-c8ace447d8fc,181.3,False,c-b0fa66a17983,5.0,3,,,c-115eb6fedcf5,field_evidence,17.9,5,2,2.875329,2026-05-15T04:20:22Z,16.8,STABLE,CONFIRMED,STABLE,field_confirmed_x4;negatives_independent=1;promotion:ok,memory_emitted
pool(proxy label),AD002069,c-eb28d4b347a8,131.3,c-cd34475438cd,0.0,True,c-854eceb70b12,6.1,2,,,c-c7f28b64dec5,field_evidence,0.0,4,1,1.449136,2026-05-16T04:28:37Z,15.8,STABLE,CONFIRMED,STABLE,field_confirmed_x2;promotion:ok,memory_emitted
pool(proxy label),AD002070,c-a2d8e29973ea,1838.6,c-1bc312082852,1838.6,False,c-aab1bc37e94f,2011.3,2,,,c-251f372d177d,field_evidence,2011.3,2,2,1.200545,2026-04-22T04:31:45Z,39.8,CONTESTED,APPROXIMATE,CONTESTED,contested_separation_m=2011.3;contested_supports;promotion:ok,memory_emitted
pool(proxy label),AD002074,c-e09131bd1034,45.4,c-fdfd26210e81,0.0,True,c-d34207a9548f,7.0,2,,,c-463e2ae709d8,field_evidence,0.0,3,2,1.830824,2026-05-12T04:53:36Z,19.8,STABLE,CONFIRMED,STABLE,field_confirmed_x2;promotion:ok,memory_emitted
pool(proxy label),AD002089,c-16a5ce088413,222.2,c-c1bdf2148701,0.0,True,c-85294e4b177e,3.0,3,,,c-64cc312a0438,field_evidence,0.0,3,1,2.182904,2026-05-06T07:14:32Z,25.7,STABLE,CONFIRMED,STABLE,field_confirmed_x3;promotion:ok,memory_emitted
pool(proxy label),AD002096,c-e279d9e91813,196.1,c-ec2705b42df8,0.0,True,c-2681e8258a14,5.7,3,,,c-7a4f1582187f,field_evidence,0.0,6,2,3.677467,2026-05-25T04:46:17Z,6.8,STABLE,CONFIRMED,STABLE,field_confirmed_x5;negatives_independent=1;promotion:ok,memory_emitted
pool(proxy label),AD002103,c-cbec8c5b64cb,505.2,c-b8fe674dbaed,0.0,True,c-b8031864a062,0.0,3,,,c-ccd8b7a8b05a,field_evidence,0.0,6,2,2.169762,2026-05-26T06:44:45Z,5.7,MOVED_SUSPECTED,APPROXIMATE,MOVED_SUSPECTED,field_confirmed_x3;negative_accumulation_cap;negatives_independent=2;promotion:ok,memory_emitted
pool(proxy label),AD002112,c-8b19492458c6,73.2,c-86453c12efc9,0.0,True,c-05dbf8669d4c,1.4,3,,,c-5caf7fe81cd9,field_evidence,0.0,5,2,2.735205,2026-05-23T04:23:48Z,8.8,STABLE,CONFIRMED,STABLE,field_confirmed_x3;promotion:ok,memory_emitted
pool(proxy label),AD002123,c-f324b4301731,186.7,c-f3e1fda88fc5,259.8,False,c-3dc7bfbfc8e4,2.2,3,,,c-3dc7bfbfc8e4,field_evidence,2.2,5,2,3.374947,2026-05-30T06:14:28Z,1.7,STABLE,CONFIRMED,STABLE,field_confirmed_x5;promotion:ok,memory_emitted
pool(proxy label),AD002131,c-379f1ffa61e5,213.1,c-a35b069fa62a,0.0,True,c-a2dd5e51e9f4,2.1,3,,,c-da539f9f6313,field_evidence,0.0,4,2,1.880045,2026-04-29T04:33:07Z,32.8,STABLE,CONFIRMED,STABLE,field_confirmed_x2;negatives_independent=1;promotion:ok,memory_emitted
pool(proxy label),AD002134,c-3f742c5a34aa,87.3,c-3d7664ca918f,0.0,True,c-e0a88ca62efd,0.0,3,,,c-5817ad5d8a06,field_evidence,0.0,5,2,2.377059,2026-05-18T05:31:56Z,13.8,STABLE,CONFIRMED,STABLE,field_confirmed_x3;promotion:ok,memory_emitted
pool(proxy label),AD002138,c-0466d9ec2b89,186.1,c-64de1eb52cf1,0.0,True,c-f94066bfa605,3.0,3,,,c-337e5ff9df33,field_evidence,0.0,3,2,2.054737,2026-05-11T05:23:15Z,20.8,STABLE,CONFIRMED,STABLE,field_confirmed_x3;promotion:ok,memory_emitted
pool(proxy label),AD002154,c-1df58b0c2f85,318.4,c-0a0c43f7704d,0.0,True,c-50faa5c16c4c,0.0,3,,,c-cf8a1936fb84,field_evidence,0.0,5,2,2.287166,2026-05-14T05:02:47Z,17.8,STABLE,CONFIRMED,STABLE,field_confirmed_x3;promotion:ok,memory_emitted
pool(proxy label),AD002176,c-fcd8c1d5a9a6,368.0,c-f8c96e03fd3d,0.0,True,c-bf2307adafd0,3.6,2,,,c-6ea73f9bd975,field_evidence,0.0,5,1,1.239457,2026-04-24T07:13:45Z,37.7,MOVED_SUSPECTED,APPROXIMATE,MOVED_SUSPECTED,field_confirmed_x2;negative_accumulation_cap;negatives_independent=3;promotion:ok,memory_emitted
pool(proxy label),AD002181,c-3b26ddddc0ac,36.7,c-867a056fd915,36.7,False,c-f7071f033264,4.0,3,,,c-867a056fd915,memory,36.7,5,3,2.543541,2026-05-28T07:28:20Z,3.7,STABLE,CONFIRMED,STABLE,field_confirmed_x3;promotion:ok,memory_emitted
pool(proxy label),AD002194,c-3b74c64372c5,330.3,c-cd717acb5650,0.0,True,c-d31aa38c8786,1.1,3,,,c-621892b32ac5,field_evidence,0.0,4,2,1.791578,2026-05-07T04:47:52Z,24.8,STABLE,CONFIRMED,STABLE,field_confirmed_x2;promotion:ok,memory_emitted
pool(proxy label),AD002197,c-ea5aef6599b4,50.4,c-68340e8875be,0.0,True,c-5272b19d9a00,9.2,2,,,c-2563d1b9eb71,field_evidence,0.0,4,2,1.401243,2026-05-30T06:58:53Z,1.7,STABLE,CONFIRMED,STABLE,field_confirmed_x2;promotion:ok,memory_emitted
pool(proxy label),AD002244,c-7cd71204297f,1110.6,c-71fca8256cd6,0.0,True,c-530c601cc9eb,1.0,3,,,c-9e4b8284362c,field_evidence,0.0,6,2,2.464925,2026-05-18T04:40:03Z,13.8,MOVED_SUSPECTED,APPROXIMATE,MOVED_SUSPECTED,field_confirmed_x3;negative_accumulation_cap;negatives_independent=2;promotion:ok,memory_emitted
pool(proxy label),AD002245,c-5a7c7119fc75,100.2,c-6250999ad9e0,0.0,True,c-5d5e6b7f1493,6.8,2,,,c-ff8ae6f6f5de,field_evidence,0.0,2,2,1.255818,2026-05-16T07:47:09Z,15.7,STABLE,CONFIRMED,STABLE,field_confirmed_x2;promotion:ok,memory_emitted
pool(proxy label),AD002251,c-6489b50f4877,442.0,c-2f43d0446c37,0.0,True,c-bb48377e4ccb,4.5,2,,,c-e30706640ebb,field_evidence,0.0,2,2,1.037524,2026-04-25T06:56:26Z,36.7,STABLE,CONFIRMED,STABLE,field_confirmed_x2;promotion:ok,memory_emitted
pool(proxy label),AD002253,c-a66c51a95d25,329.6,c-e825c32da6ef,0.0,True,c-fe6f720a2ec8,4.5,3,,,c-5da6a94c4996,field_evidence,0.0,6,2,2.001222,2026-05-27T04:56:17Z,4.8,STABLE,CONFIRMED,STABLE,field_confirmed_x2;negatives_independent=1;promotion:ok,memory_emitted
pool(proxy label),AD002270,c-49cd150e35b7,181.4,c-b3d1fc9ff7d4,282.7,False,c-10d286fed5eb,0.0,3,,,c-10d286fed5eb,field_evidence,0.0,4,3,1.916418,2026-05-23T05:35:06Z,8.8,STABLE,CONFIRMED,STABLE,field_confirmed_x3;promotion:ok,memory_emitted
pool(proxy label),AD002299,c-b53fc1486fdc,360.8,c-2301ad554080,0.0,True,c-c7e7293da3df,2.0,3,,,c-a3530d0db334,field_evidence,0.0,5,2,2.482043,2026-05-28T05:16:51Z,3.8,STABLE,CONFIRMED,STABLE,field_confirmed_x3;promotion:ok,memory_emitted
pool(proxy label),AD002332,c-b12441c84158,392.4,c-2f82fbbcc010,0.0,True,c-41dc0da14ce4,2.9,3,,,c-c5813103e8db,field_evidence,0.0,6,1,2.024717,2026-05-25T07:07:02Z,6.7,MOVED_SUSPECTED,APPROXIMATE,MOVED_SUSPECTED,field_confirmed_x2;negative_accumulation_cap;negatives_independent=2;promotion:ok,memory_emitted
pool(proxy label),AD002333,c-6081bc48db5d,427.1,c-73bf0ce6190e,0.0,True,c-d7606ead9817,5.0,3,,,c-006065d0f12e,field_evidence,0.0,6,3,2.150047,2026-05-28T05:26:23Z,3.8,MOVED_SUSPECTED,APPROXIMATE,MOVED_SUSPECTED,field_confirmed_x2;negative_accumulation_cap;negatives_independent=2;promotion:ok,memory_emitted
pool(proxy label),AD002357,c-89c8d8b967bd,226.5,c-49954f99f951,0.0,True,c-f430ef972336,4.7,3,,,c-6061fd3c5bc7,field_evidence,0.0,6,2,2.796978,2026-05-29T05:12:52Z,2.8,STABLE,CONFIRMED,STABLE,field_confirmed_x2;promotion:ok,memory_emitted
pool(proxy label),AD002362,c-302459b74a54,45.4,c-7932863621d7,0.0,True,c-c35f4499b30b,0.0,3,,,c-e8ba231bb943,field_evidence,0.0,6,3,3.751124,2026-05-21T06:21:35Z,10.7,STABLE,CONFIRMED,STABLE,field_confirmed_x5;promotion:ok,memory_emitted
pool(proxy label),AD002412,c-9daca98f5eed,224.7,c-2c7eaffe034b,224.7,False,c-ec056d4abed0,91.1,3,,,c-405480eaf6f3,field_evidence,94.9,5,3,1.534516,2026-05-18T04:37:01Z,13.8,STABLE,CONFIRMED,STABLE,field_confirmed_x2;negatives_independent=1;promotion:ok,memory_emitted
pool(proxy label),AD002415,c-76b2434727cd,128.8,c-dc137e98dbcc,2668.1,False,c-c6c910676afc,2534.7,3,,,c-5b72106711c7,field_evidence,2540.8,3,2,1.764423,2026-05-23T04:25:17Z,8.8,CONTESTED,APPROXIMATE,CONTESTED,contested_separation_m=2534.7;contested_supports;promotion:ok,memory_emitted
pool(proxy label),AD002416,c-0ce4c224f888,1613.9,c-5d31dea03169,1613.9,False,c-3ab18981c353,1970.5,2,,,c-26c85b4eb25b,field_evidence,1970.5,2,2,1.289042,2026-04-20T04:37:26Z,41.8,CONTESTED,APPROXIMATE,CONTESTED,contested_separation_m=1970.5;contested_supports;promotion:ok,memory_emitted
pool(proxy label),AD002424,c-3fb9c7eade48,42.1,c-86fea7ef41ac,0.0,True,c-4aa9243b65c5,1.6,2,,,c-1868954741c4,field_evidence,0.0,2,2,1.505602,2026-04-24T04:44:11Z,37.8,STABLE,CONFIRMED,STABLE,field_confirmed_x2;promotion:ok,memory_emitted
pool(proxy label),AD002458,c-67c157694b92,31.4,c-0060b15be5f6,0.0,True,c-e112a08eb724,2.5,2,,,c-91d7e209daf4,field_evidence,0.0,4,2,1.114172,2026-05-16T07:50:44Z,15.7,STABLE,CONFIRMED,STABLE,field_confirmed_x2;negatives_independent=1;promotion:ok,memory_emitted
pool(proxy label),AD002466,c-e32c1735e001,284.0,c-469bc4b6a5a9,0.0,True,c-d5272f057caf,2.0,3,,,c-6437ef512ac0,field_evidence,0.0,6,1,2.494388,2026-05-23T04:36:29Z,8.8,STABLE,CONFIRMED,STABLE,field_confirmed_x3;promotion:ok,memory_emitted
pool(proxy label),AD002485,c-5145c8e66722,159.0,c-06d31ab4020f,0.0,True,c-e6502331e091,10.1,2,,,c-1cbf5a8bb2d7,field_evidence,0.0,5,1,1.035286,2026-05-18T06:29:39Z,13.7,MOVED_SUSPECTED,APPROXIMATE,MOVED_SUSPECTED,field_confirmed_x2;negative_accumulation_cap;negatives_independent=2;promotion:ok,memory_emitted
pool(proxy label),AD002490,c-9833557e11d7,253.1,c-a33777a33a2b,0.0,True,c-f3b007938e98,4.7,3,,,c-4a69f6307d81,field_evidence,0.0,4,2,1.828725,2026-05-18T06:22:57Z,13.7,STABLE,CONFIRMED,STABLE,field_confirmed_x2;promotion:ok,memory_emitted
pool(proxy label),AD002499,c-a3f7fa5522d5,133.4,c-b9d284810535,0.0,True,c-5dbf7fe0412f,5.0,2,,,c-83a5d28e43ea,field_evidence,0.0,3,2,1.814181,2026-04-18T07:17:55Z,43.7,STABLE,CONFIRMED,STABLE,field_confirmed_x2;promotion:ok,memory_emitted
pool(proxy label),AD002504,c-504e51443c86,185.5,c-f3f3b1ee84f5,0.0,True,c-cd71fd6f5927,5.0,3,,,c-b7ff4bfd985f,field_evidence,0.0,6,2,2.428328,2026-05-29T05:04:52Z,2.8,MOVED_SUSPECTED,APPROXIMATE,MOVED_SUSPECTED,field_confirmed_x3;negative_accumulation_cap;negatives_independent=2;promotion:ok,memory_emitted
pool(proxy label),AD002509,c-ede809771457,135.7,c-b6a3e57f0fe3,0.0,True,c-2d2c012ca877,2.2,3,,,c-8c3496062961,field_evidence,0.0,5,2,3.137127,2026-05-28T05:02:06Z,3.8,STABLE,CONFIRMED,STABLE,field_confirmed_x4;promotion:ok,memory_emitted
pool(proxy label),AD002535,c-81e6e5e9264a,373.5,c-a4373639f50a,0.0,True,c-713155bc5daa,1.0,3,,,c-b42f0249d75e,field_evidence,0.0,4,2,2.966074,2026-05-06T04:28:50Z,25.8,STABLE,CONFIRMED,STABLE,field_confirmed_x3;promotion:ok,memory_emitted
pool(proxy label),AD002566,c-50f5508096b9,171.1,c-210fd6dcfeb5,0.0,True,c-05f7801ea781,8.5,2,,,c-0c55d5ceb6c1,field_evidence,0.0,6,2,1.272107,2026-05-12T04:43:39Z,19.8,STABLE,CONFIRMED,STABLE,field_confirmed_x2;promotion:ok,memory_emitted
pool(proxy label),AD002579,c-d9703d060f0a,283.3,c-c9d183bd59bb,0.0,True,c-9335565f49dd,1.5,3,,,c-86bdf08908ad,field_evidence,0.0,4,2,1.947847,2026-05-22T04:46:38Z,9.8,STABLE,CONFIRMED,STABLE,field_confirmed_x2;negatives_independent=1;promotion:ok,memory_emitted
pool(proxy label),AD002583,c-be90ee8b0a7c,309.9,c-a539f0d31196,0.0,True,c-4100ac50408b,1.6,3,,,c-8adc66398edc,field_evidence,0.0,6,2,3.05812,2026-05-26T05:05:34Z,5.8,STABLE,CONFIRMED,STABLE,field_confirmed_x4;negatives_independent=1;promotion:ok,memory_emitted
pool(proxy label),AD002606,c-fee1c4c935c9,85.6,c-804207bfe9d9,85.6,False,c-7777c4c7c38f,184.4,2,,,c-7777c4c7c38f,field_evidence,184.4,2,2,1.253372,2026-05-20T07:13:40Z,11.7,STABLE,CONFIRMED,STABLE,field_confirmed_x2;promotion:ok,memory_emitted
pool(proxy label),AD002621,c-65defd37da1a,21.1,c-d5f3169266f3,0.0,True,c-e6233dc8ee0e,7.1,3,,,c-eae0b0e1520e,field_evidence,0.0,6,2,1.873304,2026-05-26T06:55:45Z,5.7,STABLE,CONFIRMED,STABLE,field_confirmed_x2;promotion:ok,memory_emitted
pool(proxy label),AD002633,c-0d4ba48ae039,106.3,c-3a043a8ebecc,0.0,True,c-5d2b9b58650d,3.2,2,,,c-d6aa6cb2a2de,field_evidence,0.0,4,2,1.782628,2026-05-26T06:48:42Z,5.7,STABLE,CONFIRMED,STABLE,field_confirmed_x2;promotion:ok,memory_emitted
pool(proxy label),AD002637,c-09a63fd6b3ce,91.8,c-29bd219a5298,0.0,True,c-8175d7ea91b2,5.1,3,,,c-5f71ec6e2c22,field_evidence,0.0,3,2,1.769091,2026-05-07T04:59:35Z,24.8,STABLE,CONFIRMED,STABLE,field_confirmed_x2;promotion:ok,memory_emitted
pool(proxy label),AD002661,c-c8a6906c000c,316.7,c-478d72628991,0.0,True,c-960822af391b,1.0,3,,,c-3e84cec08133,field_evidence,0.0,6,2,2.769305,2026-05-25T05:44:39Z,6.8,STABLE,CONFIRMED,STABLE,field_confirmed_x3;promotion:ok,memory_emitted
pool(proxy label),AD002663,c-d13b4546fbfc,1280.6,c-9eaf672c4c8a,1280.6,False,c-68408c6c2327,0.0,3,,,c-03b3839392a2,field_evidence,12.0,3,1,2.359917,2026-05-07T05:19:05Z,24.8,STABLE,CONFIRMED,STABLE,field_confirmed_x3;promotion:ok,memory_emitted
pool(proxy label),AD002664,c-031e238699a4,133.8,c-c2454934bc35,0.0,True,c-a890236c8384,1.1,2,,,c-676e11d50c1f,field_evidence,0.0,4,1,1.832329,2026-05-04T05:07:29Z,27.8,STABLE,CONFIRMED,STABLE,field_confirmed_x2;promotion:ok,memory_emitted
pool(proxy label),AD002673,c-6e4d561ece63,228.5,c-4f0bcb6ab5b1,229.2,False,c-54d00a7116fe,5.7,3,,,c-54d00a7116fe,field_evidence,5.7,6,3,2.907612,2026-05-19T05:42:34Z,12.8,STABLE,CONFIRMED,STABLE,field_confirmed_x4;negatives_independent=1;promotion:ok,memory_emitted
pool(proxy label),AD002685,c-65f0d462fbb7,265.4,c-3ff376adb0cf,265.4,False,c-9940317f4d9b,155.1,2,,,c-9940317f4d9b,field_evidence,155.1,3,2,1.145451,2026-05-14T08:01:51Z,17.7,STABLE,CONFIRMED,STABLE,field_confirmed_x2;promotion:ok,memory_emitted
pool(proxy label),AD002691,c-d64622e01b74,427.0,c-a04885e571b1,1631.9,False,c-b6d42ecf2b52,0.0,3,,,c-b6d42ecf2b52,field_evidence,0.0,6,1,2.291204,2026-05-21T07:35:36Z,10.7,MOVED_SUSPECTED,APPROXIMATE,MOVED_SUSPECTED,field_confirmed_x3;negative_accumulation_cap;negatives_independent=3;promotion:ok,memory_emitted
pool(proxy label),AD002696,c-ad298863798a,544.4,c-49b3594dd025,624.4,False,c-8596a489d1a0,156.0,2,,,c-49b3594dd025,memory,624.4,5,2,1.094581,2026-05-13T05:14:52Z,18.8,STABLE,CONFIRMED,STABLE,field_confirmed_x2;negatives_independent=1;promotion:ok,memory_emitted
pool(proxy label),AD002711,c-a64c1b82cae5,792.6,c-15358a588988,794.8,False,c-c91d31ccdb78,0.0,3,,,c-15358a588988,memory,794.8,4,3,1.667065,2026-05-09T07:35:05Z,22.7,STABLE,CONFIRMED,STABLE,field_confirmed_x3;promotion:ok,memory_emitted
pool(proxy label),AD002728,c-ab3bedcf3183,141.9,c-55e17ff712f4,585.4,False,c-660850c6ee11,41.0,3,,,c-dcaf85215ca0,field_evidence,43.6,5,2,2.868352,2026-05-15T05:32:23Z,16.8,STABLE,CONFIRMED,STABLE,field_confirmed_x3;negatives_independent=1;promotion:ok,memory_emitted
pool(proxy label),AD002737,c-c05365800084,188.5,c-aaee47ee2d46,0.0,True,c-6f2779be2210,4.3,2,,,c-1d5966c3e1e1,field_evidence,0.0,5,1,1.585894,2026-05-07T06:23:15Z,24.7,MOVED_SUSPECTED,APPROXIMATE,MOVED_SUSPECTED,field_confirmed_x2;negative_accumulation_cap;negatives_independent=2;promotion:ok,memory_emitted
pool(proxy label),AD002748,c-75a1c6614d7b,160.2,c-44eff574cf81,0.0,True,c-df81bde93b08,0.7,3,,,c-424ddbdbb915,field_evidence,0.0,4,2,1.906248,2026-05-18T06:35:09Z,13.7,STABLE,CONFIRMED,STABLE,field_confirmed_x2;promotion:ok,memory_emitted
pool(proxy label),AD002751,c-19680bdd0332,131.8,c-ee2ea6f1ff80,0.0,True,c-e0967d3959b9,5.7,3,,,c-14dd5b1a1ed0,field_evidence,0.0,5,3,1.71989,2026-05-22T04:38:58Z,9.8,STABLE,CONFIRMED,STABLE,field_confirmed_x2;negatives_independent=1;promotion:ok,memory_emitted
pool(proxy label),AD002763,c-853e572a0bb4,167.8,c-e395a1a274b9,0.0,True,c-57ac511ec5c6,1.0,2,,,c-2d65d9294dde,field_evidence,0.0,2,2,1.844846,2026-05-23T04:56:34Z,8.8,STABLE,CONFIRMED,STABLE,field_confirmed_x2;promotion:ok,memory_emitted
pool(proxy label),AD002764,c-7af64143099a,19.5,c-db8e46b6ddaa,19.5,False,c-4620ddcc0ac5,38.2,2,,,c-db8e46b6ddaa,memory,19.5,3,2,1.100695,2026-05-09T07:08:58Z,22.7,STABLE,CONFIRMED,STABLE,field_confirmed_x2;negatives_independent=1;promotion:ok,memory_emitted
pool(proxy label),AD002796,c-0a176b6406fd,2968.1,c-687be4caed90,2968.1,False,c-376242ded1b1,59.8,2,,,c-376242ded1b1,field_evidence,59.8,6,1,1.385783,2026-05-18T05:47:48Z,13.8,MOVED_SUSPECTED,APPROXIMATE,MOVED_SUSPECTED,field_confirmed_x2;negative_accumulation_cap;negatives_independent=4;promotion:ok,memory_emitted
pool(proxy label),AD002802,c-5e539cd72699,251.2,c-15e9cb762bee,0.0,True,c-259ca2508ad3,3.2,3,,,c-37d12aef0818,field_evidence,0.0,4,1,2.217412,2026-05-09T05:39:21Z,22.8,STABLE,CONFIRMED,STABLE,field_confirmed_x3;negatives_independent=1;promotion:ok,memory_emitted
pool(proxy label),AD002808,c-cb2fd2f19545,174.0,c-56be01059636,452.1,False,c-1affaa66eb42,163.0,3,,,c-1affaa66eb42,field_evidence,163.0,5,3,2.264822,2026-05-14T05:26:57Z,17.8,STABLE,CONFIRMED,STABLE,field_confirmed_x3;promotion:ok,memory_emitted
pool(proxy label),AD002809,c-7051afb12d7d,197.5,c-f607d444611f,0.0,True,c-bd8a6ffcd5a2,5.1,2,,,c-baabe089caf2,field_evidence,0.0,2,2,1.568446,2026-05-08T05:09:41Z,23.8,STABLE,CONFIRMED,STABLE,field_confirmed_x2;promotion:ok,memory_emitted
pool(proxy label),AD002819,c-51393b6b653c,406.8,c-1b6c2cbf810e,1095.5,False,c-955b9fe9b93c,1.8,3,,,c-955b9fe9b93c,field_evidence,1.8,5,2,2.599986,2026-05-08T06:04:10Z,23.7,CONTESTED,APPROXIMATE,CONTESTED,contested_separation_m=3023.7;contested_supports;negatives_independent=1;promotion:ok,memory_emitted
pool(proxy label),AD002821,c-68f6a8932a99,212.3,c-b2f26c4067a7,0.0,True,c-37e844986027,0.5,3,,,c-01da4a6b9e4b,field_evidence,0.0,6,2,3.01375,2026-05-25T05:00:42Z,6.8,STABLE,CONFIRMED,STABLE,field_confirmed_x4;negatives_independent=1;promotion:ok,memory_emitted
pool(proxy label),AD002849,c-9f1c4bb8aa70,329.9,c-7ca77c1134b7,468.0,False,c-f7d542e485c2,5.0,3,,,c-3e08113908e3,field_evidence,16.6,5,2,3.579876,2026-05-14T05:07:37Z,17.8,STABLE,CONFIRMED,STABLE,field_confirmed_x5;promotion:ok,memory_emitted
pool(proxy label),AD002858,c-b270f086d537,520.0,c-d276ec841acd,0.0,True,c-a4ac456e6690,5.4,3,,,c-b77b8b2c46bc,field_evidence,0.0,6,3,2.739505,2026-05-29T04:39:30Z,2.8,STABLE,CONFIRMED,STABLE,field_confirmed_x2;promotion:ok,memory_emitted
pool(proxy label),AD002870,c-2afca683600e,218.6,c-2195dfd2db42,0.0,True,c-2771b44a1352,7.0,3,,,c-f8082ee66ed7,field_evidence,0.0,6,2,2.213328,2026-05-18T05:21:41Z,13.8,STABLE,CONFIRMED,STABLE,field_confirmed_x2;negatives_independent=1;promotion:ok,memory_emitted
pool(proxy label),AD002875,c-7066439060b0,100.2,c-4ba24d91762b,0.0,True,c-41278e6aeea7,7.2,2,,,c-a5165f18c8ff,field_evidence,0.0,2,2,1.297297,2026-05-30T06:12:56Z,1.7,STABLE,CONFIRMED,STABLE,field_confirmed_x2;promotion:ok,memory_emitted
pool(proxy label),AD002880,c-eecb94252776,240.3,c-83898d174a67,0.0,True,c-c31fcd8c3331,1.6,3,,,c-6ac1ad633600,field_evidence,0.0,4,3,1.795762,2026-05-16T07:14:19Z,15.7,STABLE,CONFIRMED,STABLE,field_confirmed_x2;promotion:ok,memory_emitted
pool(proxy label),AD002882,c-a973ec4941e3,158.5,c-c0cb286e4631,0.0,True,c-4514a75930d8,2.0,3,,,c-0d051cc17f01,field_evidence,0.0,4,2,1.888418,2026-05-15T05:58:54Z,16.8,STABLE,CONFIRMED,STABLE,field_confirmed_x3;promotion:ok,memory_emitted
pool(proxy label),AD002911,c-ea93c489e3b7,216.2,c-2ada25b3766b,0.0,True,c-fce303095442,2.0,3,,,c-ae15c992e23f,field_evidence,0.0,5,3,3.012643,2026-05-26T05:53:13Z,5.8,STABLE,CONFIRMED,STABLE,field_confirmed_x3;promotion:ok,memory_emitted
pool(proxy label),AD002936,c-bfe7106b5d7e,244.5,c-9f36cb271436,0.0,True,c-dc0c26bf12d1,1.1,2,,,c-a7fcc592cd99,field_evidence,0.0,6,1,1.332913,2026-05-07T05:14:44Z,24.8,MOVED_SUSPECTED,APPROXIMATE,MOVED_SUSPECTED,field_confirmed_x2;negative_accumulation_cap;negatives_independent=2;promotion:ok,memory_emitted
pool(proxy label),AD002962,c-f95722a12bb3,361.3,c-651baefb707e,0.0,True,c-245d878f8873,7.4,3,,,c-256be210de2f,field_evidence,0.0,4,3,1.81536,2026-05-26T06:34:44Z,5.7,STABLE,CONFIRMED,STABLE,field_confirmed_x2;promotion:ok,memory_emitted
pool(proxy label),AD002966,c-966edb6494ca,542.4,c-837db97242c1,0.0,True,c-b62b6ee860c7,2.2,3,,,c-39a6242e6174,field_evidence,0.0,3,2,1.872739,2026-05-23T04:52:17Z,8.8,STABLE,CONFIRMED,STABLE,field_confirmed_x2;promotion:ok,memory_emitted
pool(proxy label),AD002996,c-32621248d1ea,183.5,c-87e0fb8ca656,0.0,True,c-707b355de86a,3.4,2,,,c-ded2020efe46,field_evidence,0.0,3,1,1.041579,2026-05-02T04:21:03Z,29.8,STABLE,CONFIRMED,STABLE,field_confirmed_x2;promotion:ok,memory_emitted
pool(proxy label),AD003014,c-a44b4c7ccf91,106.8,c-f6a3d8d584e2,0.0,True,c-e9a9d2f809b8,10.0,2,,,c-54fcbcf99326,field_evidence,0.0,2,1,1.066553,2026-05-26T04:39:23Z,5.8,STABLE,CONFIRMED,STABLE,field_confirmed_x2;promotion:ok,memory_emitted
pool(proxy label),AD003016,c-ca3d3bdc3d5f,404.4,c-69ff5b738bef,664.5,False,c-1998298b2bd9,117.2,3,,,c-1998298b2bd9,field_evidence,117.2,3,2,1.750844,2026-05-19T05:11:38Z,12.8,STABLE,CONFIRMED,STABLE,field_confirmed_x2;promotion:ok,memory_emitted
pool(proxy label),AD003041,c-1b6fe4e46821,99.1,c-bf0cb1515652,0.0,True,c-4dad23f9cd0e,3.6,2,,,c-c482780ec756,field_evidence,0.0,2,1,1.635628,2026-05-07T07:01:37Z,24.7,STABLE,CONFIRMED,STABLE,field_confirmed_x2;promotion:ok,memory_emitted
pool(proxy label),AD003050,c-c5488536ebad,203.9,c-f95665f93927,0.0,True,c-453f7922dd4c,1.0,3,,,c-eddd29a8c228,field_evidence,0.0,6,1,2.049764,2026-05-07T05:36:47Z,24.8,MOVED_SUSPECTED,APPROXIMATE,MOVED_SUSPECTED,field_confirmed_x3;negative_accumulation_cap;negatives_independent=2;promotion:ok,memory_emitted
pool(proxy label),AD003060,c-74b0e1912c1e,132.9,c-3c73bc0521db,0.0,True,c-952bee59d69f,2.5,3,,,c-ba3eaed2ec8c,field_evidence,0.0,6,3,2.357298,2026-05-15T06:31:40Z,16.7,STABLE,CONFIRMED,STABLE,field_confirmed_x2;promotion:ok,memory_emitted
pool(proxy label),AD003067,c-c675f6d12e4c,301.9,c-5cb0b3c3409f,0.0,True,c-0068788403fc,0.0,3,,,c-28f5aface67c,field_evidence,0.0,6,2,2.798487,2026-05-28T07:11:04Z,3.7,STABLE,CONFIRMED,STABLE,field_confirmed_x3;negatives_independent=1;promotion:ok,memory_emitted
pool(proxy label),AD003074,c-fabc63f5da9d,98.3,c-8ff0d1e5372a,0.0,True,c-11142bfdd8eb,0.0,3,,,c-c8a97af80d85,field_evidence,0.0,5,2,1.873997,2026-05-11T06:21:50Z,20.7,STABLE,CONFIRMED,STABLE,field_confirmed_x3;negatives_independent=1;promotion:ok,memory_emitted
pool(proxy label),AD003077,c-8ba9964e0ef9,319.0,c-c14f80a07849,0.0,True,c-8ddd3b930617,1.0,3,,,c-3f01e4c909d3,field_evidence,0.0,5,2,2.254869,2026-05-21T07:42:00Z,10.7,STABLE,CONFIRMED,STABLE,field_confirmed_x3;negatives_independent=1;promotion:ok,memory_emitted
pool(proxy label),AD003085,c-f4001967b4f1,16.7,c-ad08e03a7cd4,0.0,True,c-8b48071c0381,12.3,3,,,c-832c4ad0eb0b,field_evidence,0.0,4,2,1.934606,2026-05-07T07:52:23Z,24.7,STABLE,CONFIRMED,STABLE,field_confirmed_x2;promotion:ok,memory_emitted
s_eval(sealed truth),AD000071,c-d1d6e83faf3b,162.1,,,,,,0,,,c-d1d6e83faf3b,frozen_baseline,162.1,0,0,0,,,STABLE,APPROXIMATE,STABLE,cold_start_no_field_evidence;promotion:not_ok,memory_withheld_pin_derived
s_eval(sealed truth),AD000141,c-ae4f2fcbab0c,399.1,c-459248653bfe,2201.7,False,,,0,,,c-459248653bfe,memory,2201.7,5,0,0,,,MOVED_SUSPECTED,APPROXIMATE,MOVED_SUSPECTED,cold_start_no_field_evidence;negatives_independent=5;promotion:not_ok,memory_emitted
s_eval(sealed truth),AD000170,c-5cc5f3d485bd,1778.8,c-7c16d12cc13b,1830.9,False,c-e703ce22b831,12.4,1,,,c-e703ce22b831,field_evidence,12.4,6,1,0.511864,2026-05-30T05:55:39Z,1.8,MOVED_SUSPECTED,APPROXIMATE,MOVED_SUSPECTED,field_confirmed_x1;negative_accumulation_cap;negatives_independent=5;promotion:not_ok,memory_emitted
s_eval(sealed truth),AD000217,c-e9c0abc4af94,249.9,,,,,,0,,,c-56a8afe04568,frozen_baseline,341.6,0,0,0,,,STABLE,APPROXIMATE,STABLE,cold_start_no_field_evidence;promotion:not_ok,memory_withheld_pin_derived
s_eval(sealed truth),AD000224,c-51d15c3b9433,24.6,,,,,,0,,,c-51d15c3b9433,frozen_baseline,24.6,0,0,0,,,STABLE,APPROXIMATE,STABLE,cold_start_no_field_evidence;promotion:not_ok,memory_withheld_pin_derived
s_eval(sealed truth),AD000236,c-f440b6955aa3,181.7,c-368b4dd9c9ed,185.5,False,c-c5b53fd95c11,21.6,1,,,c-c5b53fd95c11,field_evidence,21.6,1,1,0.405162,2026-04-11T07:13:15Z,50.7,STABLE,APPROXIMATE,STABLE,cold_start_no_field_evidence;promotion:not_ok,memory_emitted
s_eval(sealed truth),AD000251,c-dec74fec06ec,190.0,c-b90a2664d2b6,324.0,False,,,0,,,c-b90a2664d2b6,memory,324.0,3,0,0,,,MOVED_SUSPECTED,APPROXIMATE,MOVED_SUSPECTED,cold_start_no_field_evidence;negatives_independent=2;promotion:not_ok,memory_emitted
s_eval(sealed truth),AD000267,c-543f4eb78a93,183.9,c-d90374d0a7b8,329.9,False,c-a3799c9ab90b,6.4,1,,,c-a3799c9ab90b,field_evidence,6.4,1,1,0.445663,2026-04-03T07:51:48Z,58.7,STABLE,APPROXIMATE,STABLE,cold_start_no_field_evidence;promotion:not_ok,memory_emitted
s_eval(sealed truth),AD000291,c-584364db3621,309.2,c-ed856691acf2,322.3,False,,,0,,,c-ed856691acf2,memory,322.3,1,1,0,2026-05-27T07:26:26Z,4.7,STABLE,APPROXIMATE,STABLE,cold_start_no_field_evidence;promotion:not_ok,memory_emitted
s_eval(sealed truth),AD000322,c-8f6f083b61bc,170.9,c-99edf9274e0e,170.9,False,c-556aaa6c1dd4,388.9,1,,,c-99edf9274e0e,memory,170.9,1,1,0.565874,2026-05-26T06:11:24Z,5.7,STABLE,PROBABLE,STABLE,field_confirmed_x1;promotion:not_ok,memory_emitted
s_eval(sealed truth),AD000328,c-2f2fa8870c6c,204.6,c-84da3f3e7777,204.6,False,,,0,,,c-84da3f3e7777,memory,204.6,3,0,0,,,STABLE,APPROXIMATE,STABLE,cold_start_no_field_evidence;negatives_independent=1;promotion:not_ok,memory_emitted
s_eval(sealed truth),AD000525,c-1d8f57f984c3,152.0,,,,,,0,,,c-40dfa80c6bb2,frozen_baseline,193.6,0,0,0,,,STABLE,APPROXIMATE,STABLE,cold_start_no_field_evidence;promotion:not_ok,memory_withheld_pin_derived
s_eval(sealed truth),AD000527,c-e4d666dd8ff8,141.9,,,,,,0,,,c-5eeb2a9ab5ad,frozen_baseline,217.2,0,0,0,,,STABLE,APPROXIMATE,STABLE,cold_start_no_field_evidence;promotion:not_ok,memory_withheld_pin_derived
s_eval(sealed truth),AD000561,c-924915042f4a,973.7,c-e461742d019c,2810.8,False,,,0,,,c-e461742d019c,memory,2810.8,1,0,0,,,STABLE,APPROXIMATE,STABLE,cold_start_no_field_evidence;negatives_independent=1;promotion:not_ok,memory_emitted
s_eval(sealed truth),AD000572,c-6c8b49c0698e,297.8,,,,,,0,,,c-aed0c83899d0,frozen_baseline,428.6,0,0,0,,,STABLE,APPROXIMATE,STABLE,cold_start_no_field_evidence;promotion:not_ok,memory_withheld_pin_derived
s_eval(sealed truth),AD000574,c-30fe09974e68,116.1,c-1e4823badf62,116.1,False,,,0,,,c-1e4823badf62,memory,116.1,1,0,0,,,STABLE,APPROXIMATE,STABLE,cold_start_no_field_evidence;promotion:not_ok,memory_emitted
s_eval(sealed truth),AD000605,c-641e976c023a,228.1,,,,,,0,,,c-ec567c9d811c,frozen_baseline,300.9,0,0,0,,,STABLE,APPROXIMATE,STABLE,cold_start_no_field_evidence;promotion:not_ok,memory_withheld_pin_derived
s_eval(sealed truth),AD000627,c-a36254b8a471,414.1,c-c278479b55d0,510.9,False,,,0,,,c-c278479b55d0,memory,510.9,3,0,0,,,MOVED_SUSPECTED,APPROXIMATE,MOVED_SUSPECTED,cold_start_no_field_evidence;negatives_independent=3;promotion:not_ok,memory_emitted
s_eval(sealed truth),AD000656,c-1b24622f7353,171.5,,,,,,0,,,c-c29737137b5e,frozen_baseline,202.2,0,0,0,,,STABLE,APPROXIMATE,STABLE,cold_start_no_field_evidence;promotion:not_ok,memory_withheld_pin_derived
s_eval(sealed truth),AD000681,c-e3391e754531,25.6,,,,,,0,,,c-e3391e754531,frozen_baseline,25.6,0,0,0,,,STABLE,APPROXIMATE,STABLE,cold_start_no_field_evidence;promotion:not_ok,memory_withheld_pin_derived
s_eval(sealed truth),AD000683,c-cbb081d10ce5,268.4,,,,,,0,,,c-4da9acbb1cfe,frozen_baseline,440.1,0,0,0,,,STABLE,APPROXIMATE,STABLE,cold_start_no_field_evidence;promotion:not_ok,memory_withheld_pin_derived
s_eval(sealed truth),AD000774,c-82324e40bf01,169.1,c-827627a96540,15.5,True,c-05010c3d9df4,20.8,2,,,c-2499116d02a7,field_evidence,15.5,4,1,1.225038,2026-05-15T07:04:16Z,16.7,STABLE,CONFIRMED,STABLE,field_confirmed_x2;promotion:ok,memory_emitted
s_eval(sealed truth),AD000800,c-9bf417c37576,251.8,,,,,,0,,,c-6e9022460065,frozen_baseline,490.4,0,0,0,,,STABLE,APPROXIMATE,STABLE,cold_start_no_field_evidence;promotion:not_ok,memory_withheld_pin_derived
s_eval(sealed truth),AD000804,c-aeac578ec0d3,55.4,,,,,,0,,,c-aeac578ec0d3,frozen_baseline,55.4,0,0,0,,,STABLE,APPROXIMATE,STABLE,cold_start_no_field_evidence;promotion:not_ok,memory_withheld_pin_derived
s_eval(sealed truth),AD000815,c-fc35ed964378,170.5,c-98c594619c0c,15.8,True,c-9ce8335c9e26,10.0,3,,,c-ec22af95dd7d,field_evidence,15.8,4,2,1.649946,2026-05-12T05:38:38Z,19.8,STABLE,CONFIRMED,STABLE,field_confirmed_x3;promotion:ok,memory_emitted
s_eval(sealed truth),AD000830,c-40d73784753f,370.0,c-c3c80aefcc51,492.2,False,c-6ed9333c22d5,7.0,1,,,c-c3c80aefcc51,memory,492.2,1,1,0.560869,2026-05-19T05:36:22Z,12.8,STABLE,PROBABLE,STABLE,field_confirmed_x1;promotion:not_ok,memory_emitted
s_eval(sealed truth),AD000831,c-128d70f427f6,40.0,,,,,,0,,,c-128d70f427f6,frozen_baseline,40.0,0,0,0,,,STABLE,APPROXIMATE,STABLE,cold_start_no_field_evidence;promotion:not_ok,memory_withheld_pin_derived
s_eval(sealed truth),AD000875,c-054cf4620824,410.5,,,,,,0,,,c-054cf4620824,frozen_baseline,410.5,0,0,0,,,STABLE,APPROXIMATE,STABLE,cold_start_no_field_evidence;promotion:not_ok,memory_withheld_pin_derived
s_eval(sealed truth),AD000962,c-5d7c319d8f99,1642.3,c-6fb18c541198,1754.3,False,c-be472e44ac9a,17.1,1,,,c-be472e44ac9a,field_evidence,17.1,3,1,0.476527,2026-05-26T06:13:28Z,5.7,MOVED_SUSPECTED,APPROXIMATE,MOVED_SUSPECTED,cold_start_no_field_evidence;negatives_independent=2;promotion:not_ok,memory_emitted
s_eval(sealed truth),AD001009,c-6fb9372050b7,254.1,,,,,,0,,,c-54b332f89396,frozen_baseline,1547.4,0,0,0,,,STABLE,APPROXIMATE,STABLE,cold_start_no_field_evidence;promotion:not_ok,memory_withheld_pin_derived
s_eval(sealed truth),AD001012,c-73d2abefd84b,108.8,c-2080e06e5484,108.8,False,,,0,,,c-2080e06e5484,memory,108.8,4,0,0,,,STABLE,APPROXIMATE,STABLE,cold_start_no_field_evidence;negatives_independent=1;promotion:not_ok,memory_emitted
s_eval(sealed truth),AD001078,c-1dd5d7679b17,250.7,c-2c1dc7b64e3a,432.7,False,c-30c59c404e23,214.3,3,,,c-6c283db172ab,field_evidence,13.8,6,3,3.211825,2026-05-28T06:34:04Z,3.7,STABLE,CONFIRMED,STABLE,field_confirmed_x3;negatives_independent=1;promotion:ok,memory_emitted
s_eval(sealed truth),AD001128,c-82779298bc8b,541.7,c-5c83d8330805,12.6,True,c-56aafe7471d6,9.9,2,,,c-b9c3a16f096c,field_evidence,12.6,6,1,1.390255,2026-04-25T04:10:13Z,36.8,MOVED_SUSPECTED,APPROXIMATE,MOVED_SUSPECTED,field_confirmed_x2;negative_accumulation_cap;negatives_independent=3;promotion:ok,memory_emitted
s_eval(sealed truth),AD001129,c-241b57791ec5,60.4,,,,,,0,,,c-241b57791ec5,frozen_baseline,60.4,0,0,0,,,STABLE,APPROXIMATE,STABLE,cold_start_no_field_evidence;promotion:not_ok,memory_withheld_pin_derived
s_eval(sealed truth),AD001146,c-b6cc733aa36e,3710.3,c-68e450273e0b,3710.3,False,,,0,,,c-68e450273e0b,memory,3710.3,2,0,0,,,MOVED_SUSPECTED,APPROXIMATE,MOVED_SUSPECTED,cold_start_no_field_evidence;negatives_independent=2;promotion:not_ok,memory_emitted
s_eval(sealed truth),AD001164,c-71017c9841ba,244.6,,,,,,0,,,c-a0c8a3539f01,frozen_baseline,279.7,0,0,0,,,STABLE,APPROXIMATE,STABLE,cold_start_no_field_evidence;promotion:not_ok,memory_withheld_pin_derived
s_eval(sealed truth),AD001249,c-c4dc678b7075,362.9,,,,,,0,,,c-c4dc678b7075,frozen_baseline,362.9,0,0,0,,,STABLE,APPROXIMATE,STABLE,cold_start_no_field_evidence;promotion:not_ok,memory_withheld_pin_derived
s_eval(sealed truth),AD001311,c-67966a44bd94,32.6,,,,,,0,,,c-ac2a1f223bdf,frozen_baseline,400.3,0,0,0,,,STABLE,APPROXIMATE,STABLE,cold_start_no_field_evidence;promotion:not_ok,memory_withheld_pin_derived
s_eval(sealed truth),AD001315,c-e0a87c77a43e,37.8,,,,,,0,,,c-3b34f4f38e3a,frozen_baseline,567.0,0,0,0,,,STABLE,APPROXIMATE,STABLE,cold_start_no_field_evidence;promotion:not_ok,memory_withheld_pin_derived
s_eval(sealed truth),AD001340,c-d06bcf8e9513,410.2,,,,,,0,,,c-cdb9adc86e12,frozen_baseline,555.7,0,0,0,,,STABLE,APPROXIMATE,STABLE,cold_start_no_field_evidence;promotion:not_ok,memory_withheld_pin_derived
s_eval(sealed truth),AD001382,c-d176285d7f35,73.8,,,,,,0,,,c-1c1a31ed4068,frozen_baseline,104.3,0,0,0,,,STABLE,APPROXIMATE,STABLE,cold_start_no_field_evidence;promotion:not_ok,memory_withheld_pin_derived
s_eval(sealed truth),AD001469,c-68132a699284,223.4,c-516545c74b6c,223.4,False,c-6f56e7be6e69,5.0,2,,,c-516545c74b6c,memory,223.4,3,1,1.249471,2026-05-23T06:54:31Z,8.7,STABLE,PROBABLE,STABLE,field_confirmed_x1;promotion:not_ok,memory_emitted
s_eval(sealed truth),AD001478,c-a8016f308553,490.0,,,,,,0,,,c-a8016f308553,frozen_baseline,490.0,0,0,0,,,STABLE,APPROXIMATE,STABLE,cold_start_no_field_evidence;promotion:not_ok,memory_withheld_pin_derived
s_eval(sealed truth),AD001512,c-da46f6a44e0f,108.9,,,,,,0,,,c-1bbe9ee73e76,frozen_baseline,154.3,0,0,0,,,STABLE,APPROXIMATE,STABLE,cold_start_no_field_evidence;promotion:not_ok,memory_withheld_pin_derived
s_eval(sealed truth),AD001519,c-1cdd5bd1da87,253.0,,,,,,0,,,c-1cdd5bd1da87,frozen_baseline,253.0,0,0,0,,,STABLE,APPROXIMATE,STABLE,cold_start_no_field_evidence;promotion:not_ok,memory_withheld_pin_derived
s_eval(sealed truth),AD001526,c-1450afd50eae,335.5,c-8c743cfae3ae,335.5,False,c-8a5f719f5e95,2.8,1,,,c-8c743cfae3ae,memory,335.5,1,1,0.509973,2026-05-27T07:44:45Z,4.7,STABLE,PROBABLE,STABLE,field_confirmed_x1;promotion:not_ok,memory_emitted
s_eval(sealed truth),AD001533,c-9f11aa92e52b,21.9,,,,,,0,,,c-9f11aa92e52b,frozen_baseline,21.9,0,0,0,,,STABLE,APPROXIMATE,STABLE,cold_start_no_field_evidence;promotion:not_ok,memory_withheld_pin_derived
s_eval(sealed truth),AD001536,c-b89e7711aa11,490.3,,,,,,0,,,c-3cefa45f08ec,frozen_baseline,607.1,0,0,0,,,STABLE,APPROXIMATE,STABLE,cold_start_no_field_evidence;promotion:not_ok,memory_withheld_pin_derived
s_eval(sealed truth),AD001574,c-6593da7382be,142.0,c-56fd53e60e84,142.0,False,,,0,,,c-56fd53e60e84,memory,142.0,3,0,0,,,STABLE,APPROXIMATE,STABLE,cold_start_no_field_evidence;negatives_independent=1;promotion:not_ok,memory_emitted
s_eval(sealed truth),AD001586,c-02c43533a38d,154.1,c-e8ef349d468e,154.1,False,c-14c0a692e99e,195.9,2,,,c-e8ef349d468e,memory,154.1,4,2,1.055426,2026-05-27T04:26:04Z,4.8,STABLE,CONFIRMED,STABLE,field_confirmed_x2;promotion:ok,memory_emitted
s_eval(sealed truth),AD001695,c-58ee4c7fe4fd,348.3,c-6b911b613fb7,672.8,False,,,0,,,c-6b911b613fb7,memory,672.8,1,0,0,,,STABLE,APPROXIMATE,STABLE,cold_start_no_field_evidence;negatives_independent=1;promotion:not_ok,memory_emitted
s_eval(sealed truth),AD001711,c-9549b3fecbb1,360.1,,,,,,0,,,c-301e4e7e9b5f,frozen_baseline,488.9,0,0,0,,,STABLE,APPROXIMATE,STABLE,cold_start_no_field_evidence;promotion:not_ok,memory_withheld_pin_derived
s_eval(sealed truth),AD001734,c-8dda51f19a0a,390.2,c-f3db7abea5d3,390.2,False,c-b04b403f932a,11.3,1,,,c-b04b403f932a,field_evidence,11.3,5,1,0.544141,2026-04-25T07:12:20Z,36.7,MOVED_SUSPECTED,APPROXIMATE,MOVED_SUSPECTED,field_confirmed_x1;negative_accumulation_cap;negatives_independent=3;promotion:not_ok,memory_emitted
s_eval(sealed truth),AD001743,c-78c7ac45048a,277.9,c-267d43c0ac9e,385.9,False,c-06a64eec98ff,7.4,1,,,c-267d43c0ac9e,memory,385.9,3,1,0.529841,2026-04-04T05:56:00Z,57.8,STABLE,PROBABLE,STABLE,field_confirmed_x1;promotion:not_ok,memory_emitted
s_eval(sealed truth),AD001784,c-a3238b87acd0,166.4,,,,,,0,,,c-837d5643ed07,frozen_baseline,286.7,0,0,0,,,STABLE,APPROXIMATE,STABLE,cold_start_no_field_evidence;promotion:not_ok,memory_withheld_pin_derived
s_eval(sealed truth),AD001786,c-3e78e4c106ca,329.4,,,,,,0,,,c-3e78e4c106ca,frozen_baseline,329.4,0,0,0,,,STABLE,APPROXIMATE,STABLE,cold_start_no_field_evidence;promotion:not_ok,memory_withheld_pin_derived
s_eval(sealed truth),AD001791,c-ec3c9b090dc4,72.1,,,,,,0,,,c-11ea70df2a1d,frozen_baseline,155.1,0,0,0,,,STABLE,APPROXIMATE,STABLE,cold_start_no_field_evidence;promotion:not_ok,memory_withheld_pin_derived
s_eval(sealed truth),AD001799,c-eb2c67fea056,384.5,c-c7b10db27360,384.5,False,c-d74e7507d20e,10.4,1,,,c-c7b10db27360,memory,384.5,2,1,0.718807,2026-05-23T07:30:18Z,8.7,STABLE,PROBABLE,STABLE,field_confirmed_x1;negatives_independent=1;promotion:not_ok,memory_emitted
s_eval(sealed truth),AD001802,c-b1cf4a7c2843,108.4,c-21785ae05c01,108.4,False,,,0,,,c-21785ae05c01,memory,108.4,1,0,0,,,STABLE,APPROXIMATE,STABLE,cold_start_no_field_evidence;promotion:not_ok,memory_emitted
s_eval(sealed truth),AD001811,c-8f5f0c297bd0,346.8,c-3be6ee7906ce,12.4,True,c-8321fc41fc5b,13.2,3,,,c-9fc0121a4b64,field_evidence,12.4,6,3,2.583687,2026-05-20T06:33:34Z,11.7,STABLE,CONFIRMED,STABLE,field_confirmed_x4;negatives_independent=1;promotion:ok,memory_emitted
s_eval(sealed truth),AD001832,c-cbf1008487b3,40.9,c-d03401d81d2f,40.9,False,c-c9801a0c856e,107.9,3,,,c-c9801a0c856e,field_evidence,107.9,5,2,2.883675,2026-05-29T05:43:45Z,2.8,STABLE,CONFIRMED,STABLE,field_confirmed_x4;negatives_independent=1;promotion:ok,memory_emitted
s_eval(sealed truth),AD001900,c-407de1eb2dd3,1823.4,c-ae1392a44c32,1838.2,False,,,0,,,c-ae1392a44c32,memory,1838.2,6,0,0,,,MOVED_SUSPECTED,APPROXIMATE,MOVED_SUSPECTED,cold_start_no_field_evidence;negatives_independent=2;promotion:not_ok,memory_emitted
s_eval(sealed truth),AD001909,c-5165b1ff39dc,2754.5,,,,,,0,,,c-0526e7141076,frozen_baseline,4807.7,0,0,0,,,STABLE,APPROXIMATE,STABLE,cold_start_no_field_evidence;promotion:not_ok,memory_withheld_pin_derived
s_eval(sealed truth),AD001963,c-7b1473cdda6e,333.3,c-9ee476e21835,4.5,True,c-949eb2fb2b06,4.0,3,,,c-fb43deff0f8e,field_evidence,4.5,4,2,1.938622,2026-05-07T05:05:22Z,24.8,STABLE,CONFIRMED,STABLE,field_confirmed_x2;promotion:ok,memory_emitted
s_eval(sealed truth),AD001971,c-df0be9a31bae,226.7,c-1f5cc50cb1c7,5.0,True,c-7fd11509f3c7,5.4,2,,,c-a6528c5e459b,field_evidence,5.0,5,2,1.322625,2026-04-30T04:51:07Z,31.8,MOVED_SUSPECTED,APPROXIMATE,MOVED_SUSPECTED,field_confirmed_x2;negative_accumulation_cap;negatives_independent=2;promotion:ok,memory_emitted
s_eval(sealed truth),AD001987,c-7bf89b1d547a,557.4,,,,,,0,,,c-8514761f5bef,frozen_baseline,1204.2,0,0,0,,,STABLE,APPROXIMATE,STABLE,cold_start_no_field_evidence;promotion:not_ok,memory_withheld_pin_derived
s_eval(sealed truth),AD001999,c-5b1cda909897,146.7,,,,,,0,,,c-192bc9cabca5,frozen_baseline,756.1,0,0,0,,,STABLE,APPROXIMATE,STABLE,cold_start_no_field_evidence;promotion:not_ok,memory_withheld_pin_derived
s_eval(sealed truth),AD002068,c-5973fc972372,349.1,c-fa9da0eea93a,6.7,True,c-aae0c72cbd6c,14.6,3,,,c-8496ad94d7ed,field_evidence,6.7,6,2,2.170017,2026-05-09T05:14:00Z,22.8,STABLE,CONFIRMED,STABLE,field_confirmed_x3;negatives_independent=1;promotion:ok,memory_emitted
s_eval(sealed truth),AD002143,c-48448650ad50,303.2,c-798c40ff3bcf,13.7,True,c-eee93553ab87,12.8,3,,,c-7834fccfa5d2,field_evidence,13.7,5,3,2.483426,2026-05-27T06:17:05Z,4.7,STABLE,CONFIRMED,STABLE,field_confirmed_x3;promotion:ok,memory_emitted
s_eval(sealed truth),AD002159,c-465d7716ce81,412.4,,,,,,0,,,c-465d7716ce81,frozen_baseline,412.4,0,0,0,,,STABLE,APPROXIMATE,STABLE,cold_start_no_field_evidence;promotion:not_ok,memory_withheld_pin_derived
s_eval(sealed truth),AD002230,c-fd292b676c2c,257.6,c-80da494aa98f,460.6,False,c-2fe09e430d6b,12.8,1,,,c-2fe09e430d6b,field_evidence,12.8,6,1,0.429934,2026-05-28T05:03:02Z,3.8,STABLE,APPROXIMATE,STABLE,cold_start_no_field_evidence;promotion:not_ok,memory_emitted
s_eval(sealed truth),AD002260,c-4ca1b3b3968d,411.5,c-4a2bfa8bf452,628.0,False,,,0,,,c-4a2bfa8bf452,memory,628.0,1,0,0,,,STABLE,APPROXIMATE,STABLE,cold_start_no_field_evidence;promotion:not_ok,memory_emitted
s_eval(sealed truth),AD002262,c-fc74f1a1928c,390.7,c-2bd05cb38ea0,10.8,True,c-a262d7a59f4a,12.7,2,,,c-0f9ddfc295c7,field_evidence,10.8,5,2,1.494353,2026-05-22T06:25:22Z,9.7,STABLE,CONFIRMED,STABLE,field_confirmed_x2;negatives_independent=1;promotion:ok,memory_emitted
s_eval(sealed truth),AD002279,c-74ee7ed7a800,83.7,,,,,,0,,,c-74ee7ed7a800,frozen_baseline,83.7,0,0,0,,,STABLE,APPROXIMATE,STABLE,cold_start_no_field_evidence;promotion:not_ok,memory_withheld_pin_derived
s_eval(sealed truth),AD002284,c-f4f6a5f9aae0,70.6,c-bf7295ac7a07,70.6,False,c-a73fe70a8865,12.2,1,,,c-bf7295ac7a07,memory,70.6,1,1,0.640986,2026-04-15T07:02:45Z,46.7,STABLE,PROBABLE,STABLE,field_confirmed_x1;promotion:not_ok,memory_emitted
s_eval(sealed truth),AD002295,c-8331bbc6583f,369.3,,,,,,0,,,c-7dc961163b9a,frozen_baseline,697.3,0,0,0,,,STABLE,APPROXIMATE,STABLE,cold_start_no_field_evidence;promotion:not_ok,memory_withheld_pin_derived
s_eval(sealed truth),AD002300,c-529f0626b1a4,167.5,,,,,,0,,,c-e8fe18b6d6b0,frozen_baseline,212.3,0,0,0,,,STABLE,APPROXIMATE,STABLE,cold_start_no_field_evidence;promotion:not_ok,memory_withheld_pin_derived
s_eval(sealed truth),AD002410,c-44e992bdde63,430.2,,,,,,0,,,c-c93d938a00ce,frozen_baseline,621.2,0,0,0,,,STABLE,APPROXIMATE,STABLE,cold_start_no_field_evidence;promotion:not_ok,memory_withheld_pin_derived
s_eval(sealed truth),AD002422,c-4ce1346720e0,588.3,,,,,,0,,,c-faac466b35a3,frozen_baseline,810.8,0,0,0,,,STABLE,APPROXIMATE,STABLE,cold_start_no_field_evidence;promotion:not_ok,memory_withheld_pin_derived
s_eval(sealed truth),AD002440,c-e4e82877f4fb,515.2,c-ad83992f5ec4,3.5,True,c-bae76d0a9b72,2.9,3,,,c-ef0a0e3af3b7,field_evidence,3.5,3,1,1.972505,2026-05-22T05:31:08Z,9.8,STABLE,CONFIRMED,STABLE,field_confirmed_x2;promotion:ok,memory_emitted
s_eval(sealed truth),AD002501,c-ed69fe5fe25a,207.1,c-ce6a10282541,383.7,False,c-6a6c65fe6d6c,16.4,1,,,c-6a6c65fe6d6c,field_evidence,16.4,1,1,0.40776,2026-04-16T08:26:48Z,45.6,STABLE,APPROXIMATE,STABLE,cold_start_no_field_evidence;promotion:not_ok,memory_emitted
s_eval(sealed truth),AD002536,c-ef4f22c16176,124.8,,,,,,0,,,c-ef4f22c16176,frozen_baseline,124.8,0,0,0,,,STABLE,APPROXIMATE,STABLE,cold_start_no_field_evidence;promotion:not_ok,memory_withheld_pin_derived
s_eval(sealed truth),AD002555,c-2cd5d770b6b8,243.1,c-1f8e6d40bd8d,243.1,False,c-394f4164a853,5.5,1,,,c-1f8e6d40bd8d,memory,243.1,2,1,0.675885,2026-05-27T04:50:09Z,4.8,STABLE,PROBABLE,STABLE,field_confirmed_x1;promotion:not_ok,memory_emitted
s_eval(sealed truth),AD002660,c-185a54d1b1e6,367.3,,,,,,0,,,c-185a54d1b1e6,frozen_baseline,367.3,0,0,0,,,STABLE,APPROXIMATE,STABLE,cold_start_no_field_evidence;promotion:not_ok,memory_withheld_pin_derived
s_eval(sealed truth),AD002693,c-b79c71341a92,428.0,,,,,,0,,,c-63cb32cd8280,frozen_baseline,624.8,0,0,0,,,STABLE,APPROXIMATE,STABLE,cold_start_no_field_evidence;promotion:not_ok,memory_withheld_pin_derived
s_eval(sealed truth),AD002707,c-2b3a0eeef49e,346.9,c-9da15b5da10d,1094.8,False,c-39b1263d878d,36.2,2,,,c-39b1263d878d,field_evidence,36.2,3,2,0.993446,2026-04-27T08:54:28Z,34.6,STABLE,PROBABLE,STABLE,field_confirmed_x1;promotion:not_ok,memory_emitted
s_eval(sealed truth),AD002721,c-829cb4a26d24,607.3,,,,,,0,,,c-6e5e58095ac2,frozen_baseline,626.9,0,0,0,,,STABLE,APPROXIMATE,STABLE,cold_start_no_field_evidence;promotion:not_ok,memory_withheld_pin_derived
s_eval(sealed truth),AD002739,c-8db4523c5d5c,360.9,,,,,,0,,,c-e9352ae7da2e,frozen_baseline,451.5,0,0,0,,,STABLE,APPROXIMATE,STABLE,cold_start_no_field_evidence;promotion:not_ok,memory_withheld_pin_derived
s_eval(sealed truth),AD002740,c-f306315bce46,495.5,,,,,,0,,,c-c801d177144f,frozen_baseline,653.5,0,0,0,,,STABLE,APPROXIMATE,STABLE,cold_start_no_field_evidence;promotion:not_ok,memory_withheld_pin_derived
s_eval(sealed truth),AD002826,c-37ee083637ec,159.3,,,,,,0,,,c-37ee083637ec,frozen_baseline,159.3,0,0,0,,,STABLE,APPROXIMATE,STABLE,cold_start_no_field_evidence;promotion:not_ok,memory_withheld_pin_derived
s_eval(sealed truth),AD002854,c-b755b1221dbf,126.4,,,,,,0,,,c-b755b1221dbf,frozen_baseline,126.4,0,0,0,,,STABLE,APPROXIMATE,STABLE,cold_start_no_field_evidence;promotion:not_ok,memory_withheld_pin_derived
s_eval(sealed truth),AD002868,c-2f7862b136f8,466.6,,,,,,0,,,c-c2d30932de2b,frozen_baseline,553.1,0,0,0,,,STABLE,APPROXIMATE,STABLE,cold_start_no_field_evidence;promotion:not_ok,memory_withheld_pin_derived
s_eval(sealed truth),AD002889,c-f1154d14a49a,455.5,c-61f1fd7245c3,455.5,False,c-8c013ff30a50,7874.5,1,,,c-61f1fd7245c3,memory,455.5,5,1,0.67932,2026-04-24T07:18:27Z,37.7,STABLE,PROBABLE,STABLE,field_confirmed_x1;negatives_independent=1;promotion:not_ok,memory_emitted
s_eval(sealed truth),AD002920,c-7f173c10f1fc,419.1,c-adf9b68ad4d0,517.0,False,c-ebf3cc1dbf2b,9.7,2,,,c-adf9b68ad4d0,memory,517.0,2,1,1.369132,2026-05-02T07:10:45Z,29.7,STABLE,PROBABLE,STABLE,field_confirmed_x1;promotion:not_ok,memory_emitted
s_eval(sealed truth),AD002994,c-8f01050a1aab,538.7,,,,,,0,,,c-8f01050a1aab,frozen_baseline,538.7,0,0,0,,,STABLE,APPROXIMATE,STABLE,cold_start_no_field_evidence;promotion:not_ok,memory_withheld_pin_derived
s_eval(sealed truth),AD003034,c-3824b54a3805,465.4,,,,,,0,,,c-4f37c2975df4,frozen_baseline,504.5,0,0,0,,,STABLE,APPROXIMATE,STABLE,cold_start_no_field_evidence;promotion:not_ok,memory_withheld_pin_derived
s_eval(sealed truth),AD003071,c-c5a92d92f06c,125.5,,,,,,0,,,c-c5a92d92f06c,frozen_baseline,125.5,0,0,0,,,STABLE,APPROXIMATE,STABLE,cold_start_no_field_evidence;promotion:not_ok,memory_withheld_pin_derived
s_eval(sealed truth),AD003078,c-f4ae52b8c125,89.1,,,,,,0,,,c-be1a6be47020,frozen_baseline,206.7,0,0,0,,,STABLE,APPROXIMATE,STABLE,cold_start_no_field_evidence;promotion:not_ok,memory_withheld_pin_derived
s_eval(sealed truth),AD003096,c-604cbf3da0fc,293.6,,,,,,0,,,c-958337c38089,frozen_baseline,338.2,0,0,0,,,STABLE,APPROXIMATE,STABLE,cold_start_no_field_evidence;promotion:not_ok,memory_withheld_pin_derived
s_eval(sealed truth),AD003113,c-e8ebd26f3f6e,145.4,,,,,,0,,,c-e8ebd26f3f6e,frozen_baseline,145.4,0,0,0,,,STABLE,APPROXIMATE,STABLE,cold_start_no_field_evidence;promotion:not_ok,memory_withheld_pin_derived
