address_id,account_id,place_block_id,exclusion_reason,eligible_for_supervision
AD000071,AC000057,AD000071,surveyed_s_eval+account_of_surveyed+block_of_surveyed,False
AD000141,AC000112,AD000141,surveyed_s_eval+account_of_surveyed+block_of_surveyed,False
AD000170,AC000135,AD000170,surveyed_s_eval+account_of_surveyed+block_of_surveyed,False
AD000217,AC000174,AD000217,surveyed_s_eval+account_of_surveyed+block_of_surveyed,False
AD000218,AC000174,AD000218,account_of_surveyed,False
AD000224,AC000180,AD000224,surveyed_s_eval+account_of_surveyed+block_of_surveyed,False
AD000236,AC000189,AD000236,surveyed_s_eval+account_of_surveyed+block_of_surveyed,False
AD000237,AC000189,AD000237,account_of_surveyed,False
AD000251,AC000200,AD000251,surveyed_s_eval+account_of_surveyed+block_of_surveyed,False
AD000267,AC000212,AD000267,surveyed_s_eval+account_of_surveyed+block_of_surveyed,False
AD000291,AC000230,AD000291,surveyed_s_eval+account_of_surveyed+block_of_surveyed,False
AD000322,AC000255,AD000322,surveyed_s_eval+account_of_surveyed+block_of_surveyed,False
AD000324,AC000257,AD000324,block_of_surveyed,False
AD000328,AC000260,AD000328,surveyed_s_eval+account_of_surveyed+block_of_surveyed,False
AD000329,AC000260,AD000329,account_of_surveyed,False
AD000525,AC000409,AD000525,surveyed_s_eval+account_of_surveyed+block_of_surveyed,False
AD000527,AC000411,AD000527,surveyed_s_eval+account_of_surveyed+block_of_surveyed,False
AD000561,AC000436,AD000561,surveyed_s_eval+account_of_surveyed+block_of_surveyed,False
AD000562,AC000436,AD000562,account_of_surveyed,False
AD000570,AC000443,AD000291,block_of_surveyed,False
AD000572,AC000444,AD000572,surveyed_s_eval+account_of_surveyed+block_of_surveyed,False
AD000574,AC000446,AD000574,surveyed_s_eval+account_of_surveyed+block_of_surveyed,False
AD000575,AC000446,AD000575,account_of_surveyed,False
AD000605,AC000472,AD000605,surveyed_s_eval+account_of_surveyed+block_of_surveyed,False
AD000627,AC000487,AD000627,surveyed_s_eval+account_of_surveyed+block_of_surveyed,False
AD000656,AC000510,AD000656,surveyed_s_eval+account_of_surveyed+block_of_surveyed,False
AD000657,AC000510,AD000657,account_of_surveyed,False
AD000681,AC000528,AD000681,surveyed_s_eval+account_of_surveyed+block_of_surveyed,False
AD000682,AC000528,AD000682,account_of_surveyed,False
AD000683,AC000529,AD000683,surveyed_s_eval+account_of_surveyed+block_of_surveyed,False
AD000684,AC000529,AD000684,account_of_surveyed,False
AD000774,AC000600,AD000324,surveyed_s_eval+account_of_surveyed+block_of_surveyed,False
AD000800,AC000619,AD000800,surveyed_s_eval+account_of_surveyed+block_of_surveyed,False
AD000804,AC000622,AD000804,surveyed_s_eval+account_of_surveyed+block_of_surveyed,False
AD000805,AC000622,AD000805,account_of_surveyed,False
AD000815,AC000631,AD000815,surveyed_s_eval+account_of_surveyed+block_of_surveyed,False
AD000830,AC000643,AD000830,surveyed_s_eval+account_of_surveyed+block_of_surveyed,False
AD000831,AC000644,AD000831,surveyed_s_eval+account_of_surveyed+block_of_surveyed,False
AD000875,AC000680,AD000875,surveyed_s_eval+account_of_surveyed+block_of_surveyed,False
AD000919,AC000712,AD000815,block_of_surveyed,False
AD000943,AC000731,AD000605,block_of_surveyed,False
AD000962,AC000745,AD000962,surveyed_s_eval+account_of_surveyed+block_of_surveyed,False
AD001009,AC000783,AD001009,surveyed_s_eval+account_of_surveyed+block_of_surveyed,False
AD001012,AC000786,AD001012,surveyed_s_eval+account_of_surveyed+block_of_surveyed,False
AD001078,AC000837,AD001078,surveyed_s_eval+account_of_surveyed+block_of_surveyed,False
AD001128,AC000874,AD001128,surveyed_s_eval+account_of_surveyed+block_of_surveyed,False
AD001129,AC000875,AD001129,surveyed_s_eval+account_of_surveyed+block_of_surveyed,False
AD001146,AC000887,AD001146,surveyed_s_eval+account_of_surveyed+block_of_surveyed,False
AD001164,AC000901,AD001164,surveyed_s_eval+account_of_surveyed+block_of_surveyed,False
AD001233,AC000953,AD001233,block_of_surveyed,False
AD001249,AC000965,AD001249,surveyed_s_eval+account_of_surveyed+block_of_surveyed,False
AD001308,AC001013,AD001308,account_of_surveyed,False
AD001309,AC001013,AD001309,account_of_surveyed,False
AD001311,AC001015,AD001311,surveyed_s_eval+account_of_surveyed+block_of_surveyed,False
AD001315,AC001018,AD001315,surveyed_s_eval+account_of_surveyed+block_of_surveyed,False
AD001316,AC001018,AD001316,account_of_surveyed,False
AD001340,AC001037,AD001340,surveyed_s_eval+account_of_surveyed+block_of_surveyed,False
AD001354,AC001048,AD001078,block_of_surveyed,False
AD001382,AC001069,AD001382,surveyed_s_eval+account_of_surveyed+block_of_surveyed,False
AD001469,AC001132,AD001469,surveyed_s_eval+account_of_surveyed+block_of_surveyed,False
AD001470,AC001132,AD001470,account_of_surveyed,False
AD001478,AC001138,AD001478,surveyed_s_eval+account_of_surveyed+block_of_surveyed,False
AD001512,AC001166,AD001512,surveyed_s_eval+account_of_surveyed+block_of_surveyed,False
AD001513,AC001166,AD001513,account_of_surveyed,False
AD001519,AC001171,AD001519,surveyed_s_eval+account_of_surveyed+block_of_surveyed,False
AD001526,AC001176,AD001526,surveyed_s_eval+account_of_surveyed+block_of_surveyed,False
AD001527,AC001176,AD001527,account_of_surveyed,False
AD001533,AC001180,AD001533,surveyed_s_eval+account_of_surveyed+block_of_surveyed,False
AD001536,AC001182,AD001536,surveyed_s_eval+account_of_surveyed+block_of_surveyed,False
AD001574,AC001212,AD001574,surveyed_s_eval+account_of_surveyed+block_of_surveyed,False
AD001582,AC001219,AD000291,block_of_surveyed,False
AD001586,AC001223,AD001586,surveyed_s_eval+account_of_surveyed+block_of_surveyed,False
AD001695,AC001305,AD001695,surveyed_s_eval+account_of_surveyed+block_of_surveyed,False
AD001711,AC001318,AD001711,surveyed_s_eval+account_of_surveyed+block_of_surveyed,False
AD001734,AC001338,AD001734,surveyed_s_eval+account_of_surveyed+block_of_surveyed,False
AD001743,AC001345,AD001743,surveyed_s_eval+account_of_surveyed+block_of_surveyed,False
AD001770,AC001368,AD001233,block_of_surveyed,False
AD001784,AC001379,AD001784,surveyed_s_eval+account_of_surveyed+block_of_surveyed,False
AD001786,AC001381,AD001786,surveyed_s_eval+account_of_surveyed+block_of_surveyed,False
AD001791,AC001386,AD001791,surveyed_s_eval+account_of_surveyed+block_of_surveyed,False
AD001799,AC001392,AD001799,surveyed_s_eval+account_of_surveyed+block_of_surveyed,False
AD001802,AC001395,AD001802,surveyed_s_eval+account_of_surveyed+block_of_surveyed,False
AD001811,AC001403,AD001811,surveyed_s_eval+account_of_surveyed+block_of_surveyed,False
AD001832,AC001420,AD001832,surveyed_s_eval+account_of_surveyed+block_of_surveyed,False
AD001900,AC001473,AD001900,surveyed_s_eval+account_of_surveyed+block_of_surveyed,False
AD001909,AC001481,AD001909,surveyed_s_eval+account_of_surveyed+block_of_surveyed,False
AD001910,AC001481,AD001910,account_of_surveyed,False
AD001963,AC001524,AD001963,surveyed_s_eval+account_of_surveyed+block_of_surveyed,False
AD001971,AC001531,AD001971,surveyed_s_eval+account_of_surveyed+block_of_surveyed,False
AD001987,AC001542,AD001987,surveyed_s_eval+account_of_surveyed+block_of_surveyed,False
AD001999,AC001551,AD001999,surveyed_s_eval+account_of_surveyed+block_of_surveyed,False
AD002038,AC001581,AD000815,block_of_surveyed,False
AD002068,AC001606,AD002068,surveyed_s_eval+account_of_surveyed+block_of_surveyed,False
AD002143,AC001659,AD002143,surveyed_s_eval+account_of_surveyed+block_of_surveyed,False
AD002144,AC001659,AD002144,account_of_surveyed,False
AD002159,AC001671,AD002159,surveyed_s_eval+account_of_surveyed+block_of_surveyed,False
AD002160,AC001671,AD002160,account_of_surveyed,False
AD002230,AC001725,AD002230,surveyed_s_eval+account_of_surveyed+block_of_surveyed,False
AD002246,AC001738,AD001233,block_of_surveyed,False
AD002260,AC001751,AD002260,surveyed_s_eval+account_of_surveyed+block_of_surveyed,False
AD002262,AC001753,AD002262,surveyed_s_eval+account_of_surveyed+block_of_surveyed,False
AD002279,AC001765,AD002279,surveyed_s_eval+account_of_surveyed+block_of_surveyed,False
AD002280,AC001765,AD002280,account_of_surveyed,False
AD002284,AC001768,AD002284,surveyed_s_eval+account_of_surveyed+block_of_surveyed,False
AD002285,AC001768,AD002285,account_of_surveyed,False
AD002295,AC001776,AD002295,surveyed_s_eval+account_of_surveyed+block_of_surveyed,False
AD002300,AC001781,AD002300,surveyed_s_eval+account_of_surveyed+block_of_surveyed,False
AD002307,AC001788,AD001233,block_of_surveyed,False
AD002311,AC001792,AD000291,block_of_surveyed,False
AD002410,AC001869,AD002410,surveyed_s_eval+account_of_surveyed+block_of_surveyed,False
AD002411,AC001869,AD002411,account_of_surveyed,False
AD002422,AC001877,AD002422,surveyed_s_eval+account_of_surveyed+block_of_surveyed,False
AD002440,AC001890,AD002440,surveyed_s_eval+account_of_surveyed+block_of_surveyed,False
AD002441,AC001890,AD002441,account_of_surveyed,False
AD002461,AC001903,AD001233,block_of_surveyed,False
AD002501,AC001935,AD002501,surveyed_s_eval+account_of_surveyed+block_of_surveyed,False
AD002536,AC001962,AD002536,surveyed_s_eval+account_of_surveyed+block_of_surveyed,False
AD002546,AC001970,AD000291,block_of_surveyed,False
AD002555,AC001977,AD002555,surveyed_s_eval+account_of_surveyed+block_of_surveyed,False
AD002660,AC002061,AD002660,surveyed_s_eval+account_of_surveyed+block_of_surveyed,False
AD002693,AC002088,AD002693,surveyed_s_eval+account_of_surveyed+block_of_surveyed,False
AD002707,AC002098,AD001233,surveyed_s_eval+account_of_surveyed+block_of_surveyed,False
AD002709,AC002100,AD001233,block_of_surveyed,False
AD002721,AC002110,AD002721,surveyed_s_eval+account_of_surveyed+block_of_surveyed,False
AD002739,AC002125,AD002739,surveyed_s_eval+account_of_surveyed+block_of_surveyed,False
AD002740,AC002126,AD002740,surveyed_s_eval+account_of_surveyed+block_of_surveyed,False
AD002794,AC002165,AD001009,block_of_surveyed,False
AD002826,AC002189,AD002826,surveyed_s_eval+account_of_surveyed+block_of_surveyed,False
AD002854,AC002212,AD002854,surveyed_s_eval+account_of_surveyed+block_of_surveyed,False
AD002868,AC002225,AD002868,surveyed_s_eval+account_of_surveyed+block_of_surveyed,False
AD002889,AC002243,AD000291,surveyed_s_eval+account_of_surveyed+block_of_surveyed,False
AD002890,AC002243,AD002890,account_of_surveyed,False
AD002920,AC002267,AD002920,surveyed_s_eval+account_of_surveyed+block_of_surveyed,False
AD002989,AC002323,AD000324,block_of_surveyed,False
AD002994,AC002328,AD002994,surveyed_s_eval+account_of_surveyed+block_of_surveyed,False
AD003034,AC002356,AD003034,surveyed_s_eval+account_of_surveyed+block_of_surveyed,False
AD003049,AC002368,AD003049,account_of_surveyed,False
AD003071,AC002385,AD003071,surveyed_s_eval+account_of_surveyed+block_of_surveyed,False
AD003072,AC002385,AD003072,account_of_surveyed,False
AD003078,AC002390,AD003078,surveyed_s_eval+account_of_surveyed+block_of_surveyed,False
AD003079,AC002390,AD003079,account_of_surveyed,False
AD003092,AC001768,AD003092,account_of_surveyed,False
AD003094,AC002225,AD003094,account_of_surveyed,False
AD003096,AC001013,AD003096,surveyed_s_eval+account_of_surveyed+block_of_surveyed,False
AD003113,AC002368,AD003113,surveyed_s_eval+account_of_surveyed+block_of_surveyed,False
