drive_folder,file,drive_file_id,drive_url,bytes,sha256,rows,cols,byte_identical_to_local,local_path
ps1_fake_ptp,annotated_ptp_sample.csv,1eBknasyxVRDwCd6BZTXYx1cMXOUZZ2th,https://drive.google.com/file/d/1eBknasyxVRDwCd6BZTXYx1cMXOUZZ2th,6325,358ed56c57b2e29a8fea636d7a032a2d0501db4fe8187fe0e12d86fa97400c1e,200,3,yes,90_Archive/ps1_fake_ptp_not_used/annotated_ptp_sample.csv
ps1_fake_ptp,call_transcripts.csv,1XyFw50SJh3qNHlHrl1MQRcMOkih6t-E9,https://drive.google.com/file/d/1XyFw50SJh3qNHlHrl1MQRcMOkih6t-E9,3254196,cf4f394802a80eed61e8aa3cf45754b8df5a082671b2f23afc14e945006308bb,39194,8,yes,90_Archive/ps1_fake_ptp_not_used/call_transcripts.csv
ps1_fake_ptp,post_call_events.csv,1iHf6959_8glTDMmLE_UsJuaZ-EmBPEe0,https://drive.google.com/file/d/1iHf6959_8glTDMmLE_UsJuaZ-EmBPEe0,445110,0f8cd2f9b2308021589ee36f6a7c8cc1120b297d5bdf75340cf83c559ea34890,8466,3,yes,90_Archive/ps1_fake_ptp_not_used/post_call_events.csv
ps1_fake_ptp,ptps.csv,1YQoZnkC3EzG7d3yZR3vFjNujd0eveaLb,https://drive.google.com/file/d/1YQoZnkC3EzG7d3yZR3vFjNujd0eveaLb,401553,581459120830769b6e5f8ffa298321c7095c3cf63a8f84b9b3a920316b214fe8,3696,13,yes,90_Archive/ps1_fake_ptp_not_used/ptps.csv
ps2_right_party_contact,phones.csv,1aS5rVHX3hEoIZWeRlanGQw2XfCYUayo-,https://drive.google.com/file/d/1aS5rVHX3hEoIZWeRlanGQw2XfCYUayo-,359654,d336ad5c28d775bfe4a96fde5f818b32744a7aea8874bc70484615d3499f6246,5719,7,yes,90_Archive/ps2_removed_2026-10-06/PS2_SANKET_full/data/raw/phones.csv
ps2_right_party_contact,skip_traces.csv,1_yvnP3lYuIa8pjR2rPPMcKA5YJGL5e_7,https://drive.google.com/file/d/1_yvnP3lYuIa8pjR2rPPMcKA5YJGL5e_7,60093,8e869ff36b092000657e191e964115cd1ec666b0973108e3488ba553894fc893,766,7,yes,90_Archive/ps2_removed_2026-10-06/PS2_SANKET_full/data/raw/skip_traces.csv
ps2_right_party_contact,verified_contact_points.csv,1s0CeVX4CKNmNZlM8G2-jU4JGBCcI4AsL,https://drive.google.com/file/d/1s0CeVX4CKNmNZlM8G2-jU4JGBCcI4AsL,11570,c56eea469bbd1995c68b3aa3d84a4d8ee356276644450e63c1fe7810616491c4,250,4,yes,90_Archive/ps2_removed_2026-10-06/PS2_SANKET_full/data/raw/verified_contact_points.csv
ps3_geocoder,baseline_geocodes.csv,1zD1vwuIxm0mVkcL0hqslVzucdUxRGLtx,https://drive.google.com/file/d/1zD1vwuIxm0mVkcL0hqslVzucdUxRGLtx,91795,e7dde99db5048501e9fa5d9acd4c90292dd3556f49e40268aadf3d3a1b222167,2880,4,yes,PS3_SUTRA/data/official_ps3/baseline_geocodes.csv
ps3_geocoder,landmarks_poi.csv,1rViETieIhm_kEzni5LGxgxMDd9NOwepX,https://drive.google.com/file/d/1rViETieIhm_kEzni5LGxgxMDd9NOwepX,11278,d565be9d3fca86412ead0772689bb796e7855ca4aeff54fb5223f136f682a026,240,6,yes,PS3_SUTRA/data/official_ps3/landmarks_poi.csv
ps3_geocoder,localities.csv,1p5PIxYe7fA900rzVjLIxi_8u15qqTB-9,https://drive.google.com/file/d/1p5PIxYe7fA900rzVjLIxi_8u15qqTB-9,1701,b18ea44e58f0301d2becedab147aa5e259491743e52e8b00d63586cf608e95d6,36,6,yes,PS3_SUTRA/data/official_ps3/localities.csv
ps3_geocoder,surveyed_addresses.csv,1PJdVjn3tVk0YixA1fUhQuSXEd1f8GgaW,https://drive.google.com/file/d/1PJdVjn3tVk0YixA1fUhQuSXEd1f8GgaW,2356,2d26aa6c6c235c2fec2044fc9e975fdc6c1b1eae3a1236dd2ed2038c4a0da095,100,3,yes,PS3_SUTRA/data/official_ps3/surveyed_addresses.csv
ps3_geocoder,towns.csv,1NXgu0SpWx-3LYkyXz3a5xg2bZlsWdyk1,https://drive.google.com/file/d/1NXgu0SpWx-3LYkyXz3a5xg2bZlsWdyk1,135,e0167d3efe2d231a3cb47aae9d2bb1145dfd8eca9fcb0c1ffd3eaf9823f61913,3,4,yes,PS3_SUTRA/data/official_ps3/towns.csv
ps3_geocoder,visit_gps_points.csv,1vU5rwOnZjs_ZVXfULHojvc4BYonA2QNE,https://drive.google.com/file/d/1vU5rwOnZjs_ZVXfULHojvc4BYonA2QNE,7136303,1afd7b9f7c0dc97cd5bfc458b74f59388b1f145f6b7c6b6c10c1025035304c2f,160406,6,yes,PS3_SUTRA/data/official_ps3/visit_gps_points.csv
shared,accounts.csv,1QWnYCpNORJPaozATxeKo433xk-sevPSd,https://drive.google.com/file/d/1QWnYCpNORJPaozATxeKo433xk-sevPSd,320356,df65051e6f702eb31af136cb6a2f803383b9a410bbc8559fa18f71bdfde3f692,2400,20,yes,PS3_SUTRA/data/official_ps3/accounts.csv
shared,addresses.csv,1G_S2pybr8iDgA0Mq2xa9ijtVuPkFXy-g,https://drive.google.com/file/d/1G_S2pybr8iDgA0Mq2xa9ijtVuPkFXy-g,405168,7e0eed682a642853cb0afcf1815187f266e5dd962098abe6e4cc0281bcfaec34,3117,7,yes,PS3_SUTRA/data/official_ps3/addresses.csv
shared,agents.csv,1pBcwV9Q55fWfSQIYEmzJAMKtTOSZrPoz,https://drive.google.com/file/d/1pBcwV9Q55fWfSQIYEmzJAMKtTOSZrPoz,969,1a1d8722e4dbe999b0bfeb939ad6d3738ccc0e298ccef8df12729f6252d4e1df,30,6,yes,PS3_SUTRA/data/official_ps3/agents.csv
shared,dial_attempts.csv,1qg2J9SZikGB528Oo_eB4_bCzGak2FKM7,https://drive.google.com/file/d/1qg2J9SZikGB528Oo_eB4_bCzGak2FKM7,7493973,65a20525e213d38caaaafd01d16bdfb179ec99bbd6fc2dceca09f0397973f026,51105,16,yes,90_Archive/ps2_removed_2026-10-06/PS2_SANKET_full/data/raw/dial_attempts.csv
shared,field_visits.csv,1hCr9htMZeczwnxdf60jusrE9W_MMYV5n,https://drive.google.com/file/d/1hCr9htMZeczwnxdf60jusrE9W_MMYV5n,960718,b4099e532581883f53b10fb94236f8b01735d0e836fd1161853d84ad9a520860,5578,15,yes,PS3_SUTRA/data/official_ps3/field_visits.csv
shared,lenders.csv,1D-97GCXSx7V0iFhdtBukzr0jJSzqGF6U,https://drive.google.com/file/d/1D-97GCXSx7V0iFhdtBukzr0jJSzqGF6U,270,e96671f0258e5c8e25c3fb01d411318638cabbfdba1b683833936a61f1935f24,6,4,yes,90_Archive/ps2_removed_2026-10-06/PS2_SANKET_full/data/raw/lenders.csv
shared,payments.csv,18Iinoik_JQS06NR7KxriM-i9S_FKEb83,https://drive.google.com/file/d/18Iinoik_JQS06NR7KxriM-i9S_FKEb83,121006,1448ed59dfd8103747f936acba91f62c37cdda676b649142fda6c279ca50928d,2162,5,yes,90_Archive/ps2_removed_2026-10-06/PS2_SANKET_full/data/raw/payments.csv
shared,splits.csv,16j2QVZn75fEBTxqkw_wAvWAjP6CveRRI,https://drive.google.com/file/d/16j2QVZn75fEBTxqkw_wAvWAjP6CveRRI,37457,005342b60c45e1da84164a9f0208576ef16de0e012452fbf917798dc5fd2d045,2400,2,yes,PS3_SUTRA/data/official_ps3/splits.csv
