address_id,precision,nearest_fine
AD000003,locality,236.7587168405843
AD000004,locality,103.02062900215658
AD000005,locality,91.4289341510662
AD000007,locality,211.33187170893098
AD000008,locality,136.50073259876658
AD000010,pincode,92.083494720824
AD000011,locality,86.77148149017624
AD000013,locality,60.392880375090556
AD000015,locality,16.14837453120295
AD000018,locality,71.55787867174381
AD000019,locality,17.160710940983947
AD000020,pincode,331.47604740011013
AD000023,locality,110.39655791735507
AD000024,locality,119.24629973294778
AD000025,locality,89.13478557779786
AD000026,locality,27.14277067655392
AD000027,locality,100.73102799038618
AD000029,locality,206.8106622009609
AD000031,locality,94.20536078164525
AD000032,locality,32.95208642863154
AD000034,locality,37.55582511408843
AD000035,locality,87.10596994465976
AD000037,pincode,25.46075411294803
AD000040,locality,56.54255034927245
AD000042,locality,184.73835551936688
AD000045,locality,94.246060925643
AD000046,locality,71.78147393304212
AD000047,locality,81.3172183488837
AD000048,locality,251.63245021260676
AD000049,locality,55.25368765973911
AD000050,locality,113.14225559003152
AD000053,locality,58.41104347638376
AD000054,locality,67.35317364460262
AD000055,locality,81.61427571203455
AD000056,locality,203.85350131896186
AD000057,locality,191.49728457604814
AD000058,locality,49.5154521336522
AD000061,locality,93.03010265500068
AD000062,locality,70.68196375313867
AD000064,pincode,257.95311589511755
AD000065,locality,29.371584907866335
AD000066,locality,72.53971326108194
AD000067,locality,134.62707751414627
AD000068,locality,121.47695254656325
AD000069,locality,31.652172121356855
AD000072,pincode,110.40113224057073
AD000074,locality,52.11036365254037
AD000075,locality,83.66008606259031
AD000076,locality,23.983536019528152
AD000077,pincode,73.03348547070729
AD000078,locality,103.62340469218303
AD000081,locality,80.43885876863244
AD000082,locality,85.52642866389321
AD000083,locality,73.46788413994233
AD000084,locality,64.04100249059192
AD000085,locality,76.00796010945169
AD000087,locality,126.51501887127867
AD000089,locality,165.58484230146186
AD000090,locality,51.83483384751986
AD000091,pincode,280.91103573907515
AD000092,locality,52.096257063247904
AD000093,locality,107.88201889100871
AD000094,locality,170.79253496567114
AD000096,locality,221.06842832028278
AD000097,locality,156.428961512886
AD000098,locality,140.15170352157696
AD000099,locality,134.17153200288055
AD000100,locality,74.46643539206103
AD000101,locality,120.57383629958856
AD000103,locality,107.33466355283386
AD000104,locality,60.321223462393355
AD000105,locality,82.78315045949866
AD000106,locality,123.00089430569167
AD000107,locality,141.17496236939456
AD000108,locality,165.87230027946197
AD000109,locality,40.66017707782388
AD000111,locality,68.38428181972816
AD000112,locality,20.97236276626927
AD000113,locality,117.14986128886346
AD000115,locality,74.75212371565105
AD000116,pincode,533.8863174871593
AD000117,locality,45.72800017494739
AD000119,pincode,278.6835660744994
AD000120,locality,84.89252028300247
AD000121,pincode,97.92834114800472
AD000122,locality,13.963523910532071
AD000123,locality,129.5038609463054
AD000124,locality,60.76948247270152
AD000125,locality,249.00815247698213
AD000126,locality,45.23648969581953
AD000127,locality,34.93665696657318
AD000128,locality,82.71057973439683
AD000129,locality,55.905724214967556
AD000130,locality,264.0361528276006
AD000132,locality,41.16916321714577
AD000136,locality,32.199534158121025
AD000137,locality,219.96138297437582
AD000140,locality,99.14484353711997
AD000141,pincode,103.01164982660939
AD000144,locality,126.49339903726175
AD000145,locality,30.17830346457538
AD000146,locality,93.5609427058107
AD000147,locality,26.879360111431225
AD000148,locality,150.611088569202
AD000149,locality,53.13576949663954
AD000150,locality,146.28209049641066
AD000153,locality,219.4511335126797
AD000156,pincode,71.5002797197326
AD000157,locality,82.4915147151513
AD000160,locality,233.34733767497747
AD000161,locality,124.11164328941904
AD000163,locality,148.92212730148577
AD000165,locality,160.19169766251906
AD000167,locality,16.228986413205075
AD000168,locality,255.19659088632037
AD000169,locality,25.569122002915915
AD000170,locality,151.68312364927112
AD000171,pincode,236.8093114723321
AD000172,locality,110.29823208011969
AD000173,locality,104.45601945316506
AD000174,locality,189.9324616804616
AD000175,locality,118.50978862524383
AD000176,locality,42.154121981130224
AD000177,locality,71.8901940461979
AD000178,locality,34.733413307649435
AD000179,locality,69.49136637021907
AD000180,locality,39.73977856002738
AD000181,locality,59.40143095919505
AD000182,locality,2.7073972741362087
AD000184,locality,80.80841540334758
AD000186,locality,247.8120658886487
AD000187,locality,74.88778271520667
AD000188,locality,80.15266683024343
AD000189,locality,237.97386411116665
AD000190,locality,90.09422844999565
AD000191,locality,216.34558003342704
AD000193,pincode,188.74313232539086
AD000194,pincode,150.27538055183894
AD000195,locality,68.30117129303152
AD000196,locality,78.97626225645273
AD000197,locality,30.358689036254596
AD000198,locality,129.32130528261737
AD000199,pincode,9.752948272189364
AD000200,pincode,80.01481112894025
AD000201,locality,67.77086394609414
AD000202,locality,145.6066619355035
AD000203,locality,100.72522027774377
AD000204,locality,129.48084800463738
AD000205,locality,207.88891264326716
AD000206,locality,104.22461321588096
AD000207,locality,120.4582085206319
AD000209,locality,94.66076272669684
AD000210,locality,54.73655085954905
AD000214,locality,69.14513721152022
AD000216,locality,234.61724148067213
AD000217,locality,147.7860954217276
AD000219,locality,18.601075237738183
AD000220,locality,64.66969924160767
AD000221,locality,50.64424942676122
AD000223,locality,75.54137938904744
AD000226,locality,114.7613610933576
AD000227,locality,65.33704921405625
AD000228,locality,192.7973288196702
AD000229,locality,27.055868125048075
AD000230,locality,23.96351393264352
AD000231,locality,87.0201126177162
AD000233,locality,18.67618804788597
AD000234,locality,152.15584116293385
AD000235,locality,246.76097746604918
AD000236,locality,87.07404894685916
AD000237,pincode,207.79316639389276
AD000238,locality,67.99352910387833
AD000240,locality,22.983689869122408
AD000244,locality,88.31002208130171
AD000245,pincode,112.18841294893141
AD000246,locality,255.46359818964413
AD000247,pincode,97.44932016181554
AD000248,locality,75.06030908542803
AD000250,locality,88.84705960244284
AD000251,locality,141.76942547672252
AD000252,locality,113.72093035145298
AD000253,locality,78.73531609131953
AD000254,locality,97.32101520226757
AD000255,locality,45.30474588826211
AD000258,pincode,455.12487297443977
AD000261,locality,81.04992288707
AD000263,locality,77.40413425651123
AD000264,locality,128.0219512427461
AD000266,locality,172.25936839545182
AD000267,locality,106.08887783363545
AD000268,locality,7.939773296511713
AD000269,locality,136.2325218147267
AD000270,locality,30.01083137802094
AD000272,locality,81.31432838067339
AD000273,pincode,182.00906570827743
AD000274,locality,95.6025104272897
AD000275,pincode,247.78307044671143
AD000276,locality,36.03220781467608
AD000277,locality,83.64358911476718
AD000279,locality,257.00087548489023
AD000280,locality,25.860587773675984
AD000281,locality,63.0220596299421
AD000285,locality,154.39825128543427
AD000286,locality,59.8141287657019
AD000287,locality,112.41040877071819
AD000288,locality,206.526511615337
AD000290,locality,216.026757601923
AD000291,locality,147.81860505362647
AD000292,locality,180.30953940377103
AD000293,locality,10.3947101931704
AD000294,pincode,502.4578987338143
AD000296,locality,169.59581362757748
AD000299,pincode,152.82476893488183
AD000300,locality,98.088327542068
AD000301,locality,39.09334981809572
AD000302,locality,59.88956503431966
AD000303,locality,155.2553058674646
AD000304,locality,160.56356996529448
AD000305,locality,20.08979840615649
AD000306,locality,99.85594624257487
AD000308,locality,175.7160493523573
AD000309,locality,50.39771820231536
AD000310,pincode,132.20003782147708
AD000311,locality,102.59844053395747
AD000312,locality,30.82628748325043
AD000313,locality,205.47790635491688
AD000314,locality,31.422603329450606
AD000317,pincode,255.65846357983145
AD000318,locality,100.40258960803746
AD000319,locality,29.243802762295065
AD000320,pincode,192.25828980826807
AD000321,locality,155.73991139075417
AD000324,locality,67.67096866456096
AD000325,locality,247.19929207018387
AD000326,pincode,592.5741894480386
AD000327,locality,38.47557666884287
AD000328,locality,66.36000301386375
AD000330,locality,211.52543582273978
AD000331,locality,38.90115679513896
AD000332,locality,85.4393937244407
AD000333,locality,96.13204460532388
AD000334,locality,120.89702229583645
AD000335,locality,131.21615754166845
AD000336,locality,59.96432272610121
AD000338,locality,95.66242731605726
AD000339,locality,68.96752859135955
AD000340,locality,71.14183017044193
AD000341,locality,180.60526016702872
AD000342,locality,190.38114402429653
AD000343,locality,34.96927222576977
AD000344,locality,92.36124728477853
AD000345,locality,100.80178569846865
AD000347,pincode,152.22989193978952
AD000348,locality,46.749224592499964
AD000349,locality,32.69877673552942
AD000350,pincode,381.14208636675136
AD000352,locality,101.26564076724127
AD000353,locality,266.22721498749877
AD000354,locality,91.58558838594644
AD000355,locality,51.25007317067941
AD000356,locality,175.2069062565742
AD000357,locality,101.1046982093316
AD000358,locality,85.40076112073004
AD000359,locality,210.70579014350787
AD000360,locality,33.54400095397109
AD000361,locality,158.24190342636817
AD000362,locality,183.01292304097
AD000363,locality,175.2598356726379
AD000365,pincode,144.41724273783905
AD000367,locality,140.06502061542704
AD000368,locality,39.75977867141604
AD000369,locality,46.580790031943394
AD000370,locality,22.556817151362495
AD000371,locality,28.603671093060512
AD000372,locality,65.78662478042193
AD000376,pincode,131.00553423424515
AD000377,locality,51.12856344549479
AD000379,locality,120.68214449536417
AD000380,locality,38.67040211841587
AD000381,locality,87.43895013093412
AD000382,locality,105.30432089900202
AD000384,locality,108.23054097619563
AD000385,locality,62.23061947305372
AD000386,locality,46.79529890918529
AD000387,locality,388.7793461592321
AD000389,pincode,50.747709307908714
AD000390,locality,89.73990193888103
AD000391,locality,53.2225516111357
AD000392,pincode,228.86996307947453
AD000393,pincode,494.6211176243895
AD000394,locality,124.00620952194294
AD000395,locality,201.3957794989756
AD000396,locality,46.620274559466125
AD000397,locality,80.66008926352606
AD000398,locality,93.5175384620445
AD000399,locality,48.154439047713744
AD000401,locality,129.04177618120403
AD000403,locality,170.3474390767293
AD000404,locality,121.06196760337245
AD000405,locality,131.4744461863221
AD000406,locality,79.6202235616051
AD000408,locality,159.95152390646334
AD000409,locality,14.816544806397973
AD000410,pincode,407.4021600335472
AD000411,locality,119.27686280247313
AD000414,locality,43.61009057546205
AD000418,locality,158.20382422685012
AD000419,locality,14.601369798755227
AD000420,locality,194.32665797568785
AD000421,locality,226.69331706073731
AD000423,locality,175.87546730570475
AD000424,locality,204.71761038073896
AD000426,locality,49.45139027368196
AD000427,locality,20.573040611441087
AD000428,locality,44.80680751850095
AD000429,locality,70.04113077328206
AD000430,locality,66.54592399238277
AD000432,locality,65.70616409439815
AD000433,pincode,97.20267486031436
AD000434,locality,66.72690611739759
AD000435,locality,272.62960220783066
AD000436,pincode,259.6776655779239
AD000438,locality,29.48101083748673
AD000439,locality,196.60747696870527
AD000440,locality,206.9629193841254
AD000441,locality,118.7015164182832
AD000442,locality,77.47264033192613
AD000443,locality,74.64509360969416
AD000444,pincode,52.60617834437326
AD000446,locality,61.018439835839835
AD000447,locality,118.70657100598966
AD000448,locality,152.63423600228094
AD000450,locality,125.42471845692947
AD000451,locality,87.9764741280303
AD000452,locality,93.27513066192945
AD000453,locality,126.15070352558482
AD000455,locality,94.23316825831549
AD000456,locality,92.80953614796275
AD000457,locality,86.58059828853136
AD000458,locality,33.20316249997879
AD000459,locality,149.69816298138065
AD000460,locality,169.760301601994
AD000461,locality,102.14597397841965
AD000462,locality,125.60863823798108
AD000464,locality,64.87064050863069
AD000465,locality,128.57402537060102
AD000466,locality,99.65625921135101
AD000467,locality,49.19349550499538
AD000468,locality,179.16408680313134
AD000471,locality,203.23080475164184
AD000472,locality,59.62080173899046
AD000473,locality,128.84626498273053
AD000475,locality,128.86093279190533
AD000477,locality,204.94935959890182
AD000478,locality,62.40512799442055
AD000479,locality,88.51310637414082
AD000480,locality,43.70560604773711
AD000481,locality,152.94005361578772
AD000482,locality,90.46778432127097
AD000483,locality,180.57056792290382
AD000484,locality,114.53287737588732
AD000487,pincode,166.47041779247158
AD000488,pincode,74.9625239703146
AD000489,locality,90.80550644096398
AD000492,locality,140.0363524232193
AD000493,locality,123.27891141634909
AD000495,locality,51.26099881976547
AD000497,locality,172.83483445185445
AD000498,pincode,64.93104034281289
AD000499,pincode,33.26153935102826
AD000501,locality,207.10086914351666
AD000503,locality,41.196237692294204
AD000504,locality,128.4134728134085
AD000505,pincode,630.797027577017
AD000508,locality,86.37783280448735
AD000510,locality,128.6412841975699
AD000511,locality,49.70160963188214
AD000512,locality,235.13776812753832
AD000513,locality,100.8794329880973
AD000515,locality,28.962389404191182
AD000518,locality,19.94843352245963
AD000522,locality,63.95576596367207
AD000523,locality,85.2838202709048
AD000525,locality,77.43209928705271
AD000526,locality,45.803929962395145
AD000527,locality,90.28626695129229
AD000529,locality,77.74348847331184
AD000530,locality,81.94394425459397
AD000531,pincode,161.2347977329955
AD000532,locality,85.63790048804323
AD000533,locality,82.18716444798449
AD000534,pincode,131.74953510354408
AD000535,locality,185.25798228416494
AD000537,pincode,183.74746256751385
AD000538,locality,76.7935544170215
AD000539,pincode,109.46277906210857
AD000541,locality,64.28475713573155
AD000542,pincode,504.9416302900761
AD000543,locality,48.700000000000045
AD000545,locality,82.71668513667612
AD000547,locality,107.05311765660994
AD000549,locality,99.01636228422049
AD000553,locality,50.5015841335695
AD000554,locality,79.74873039741763
AD000555,locality,98.03121951704973
AD000556,locality,231.5996545765987
AD000557,locality,81.69265572865157
AD000558,locality,147.426252750316
AD000560,locality,44.11008954876401
AD000561,pincode,127.97894358057513
AD000562,locality,169.7698442009061
AD000563,locality,16.01780259586177
AD000566,locality,172.26427371918973
AD000567,locality,169.6726848965384
AD000569,locality,87.12204083927327
AD000570,locality,64.53107778427386
AD000572,locality,142.19806609092822
AD000573,locality,46.01575817043526
AD000575,locality,178.00025280880908
AD000576,locality,121.23831902496856
AD000577,locality,190.73324303854318
AD000578,locality,27.891575789115947
AD000579,pincode,67.84983419287033
AD000580,pincode,325.0607481687075
AD000581,locality,50.201593600203616
AD000583,locality,18.77578227398281
AD000584,locality,119.8179035036081
AD000586,locality,161.9570930833223
AD000587,locality,80.421017153478
AD000589,locality,72.84572739701348
AD000590,locality,5.586591089385432
AD000591,locality,122.5701839763651
AD000592,locality,225.05581529922736
AD000594,pincode,396.6708081016298
AD000596,locality,50.45839870626103
AD000597,locality,33.887018163302336
AD000598,locality,121.78513866642322
AD000599,pincode,417.286783878905
AD000600,locality,100.86704119780666
AD000601,pincode,212.4472640445151
AD000602,locality,109.90928077282629
AD000603,locality,154.55345353630887
AD000604,locality,19.29378138157474
AD000605,locality,194.94296601826872
AD000607,locality,52.102399177005296
AD000608,locality,108.94149806203309
AD000609,locality,151.50052805188503
AD000611,locality,125.08001439078899
AD000613,locality,146.30054682057732
AD000614,locality,78.23873720862329
AD000615,locality,69.90457781862335
AD000616,pincode,707.1137178700466
AD000617,locality,138.30535058341005
AD000619,locality,208.80117336835056
AD000622,locality,41.00987685911773
AD000623,locality,167.5534839983937
AD000624,pincode,40.83246257574971
AD000625,pincode,263.18398507508005
AD000626,locality,71.69107336342503
AD000627,locality,77.71132478603118
AD000629,locality,104.81536146958621
AD000630,locality,77.47393109943503
AD000631,locality,163.38717819951458
AD000632,locality,84.50147927699238
AD000633,locality,136.46926393880784
AD000634,locality,83.51437002097275
AD000635,locality,44.3460257520332
AD000636,pincode,94.1769610892175
AD000637,pincode,122.08361888476281
AD000638,locality,298.537853546246
AD000641,locality,90.87595941721882
AD000642,locality,113.5576065263794
AD000644,locality,125.46593163086133
AD000645,locality,223.32686806562276
AD000646,locality,92.455881370522
AD000647,locality,88.32264715235856
AD000648,pincode,737.1815651520322
AD000650,locality,198.98401945885
AD000651,locality,153.2099866196718
AD000652,locality,53.83400412378792
AD000653,locality,251.2442039132445
AD000654,pincode,311.0217034227677
AD000656,locality,7.291776189653584
AD000657,locality,107.93414658948303
AD000658,locality,111.3795762247281
AD000660,locality,171.87684544463826
AD000662,locality,68.8216535692075
AD000663,locality,5.000999900020084
AD000664,locality,41.96593856927308
AD000665,locality,122.52550754842858
AD000666,locality,91.50355184363062
AD000667,locality,103.21647155372061
AD000668,locality,63.9577985862554
AD000669,locality,97.88038618640581
AD000671,locality,60.71655457945557
AD000672,locality,159.47642458996887
AD000673,pincode,53.600373133029585
AD000674,pincode,136.04943954313094
AD000675,locality,111.59659493013206
AD000676,pincode,119.3586192949633
AD000677,locality,269.9004631340968
AD000678,locality,86.37094418842482
AD000679,locality,87.14424823245655
AD000680,locality,197.09868086823906
AD000682,locality,69.23214571281171
AD000683,locality,171.01040903991787
AD000684,locality,63.12527227664025
AD000685,locality,57.31884506861603
AD000686,locality,166.64792227927697
AD000687,locality,49.663870167356066
AD000689,locality,74.4959730455276
AD000690,locality,172.4843471159051
AD000694,locality,70.28805019347169
AD000695,locality,86.61177749013123
AD000696,locality,21.488834309938763
AD000697,locality,125.11262925860025
AD000698,locality,33.744036510174666
AD000699,pincode,216.3229067852037
AD000701,locality,25.57381473304277
AD000702,locality,92.90048439055633
AD000703,locality,38.02696411758379
AD000704,locality,112.51777637333569
AD000705,locality,93.82030697029275
AD000707,locality,78.58403145677873
AD000708,locality,108.90886098017916
AD000709,locality,126.89464133681932
AD000710,locality,85.75529138193166
AD000711,locality,120.9685082986478
AD000712,locality,47.38143096192854
AD000713,locality,40.52468383590415
AD000715,locality,35.27973922806114
AD000717,locality,66.82492050126213
AD000718,locality,125.7141599025343
AD000719,locality,84.31749521896364
AD000720,locality,80.41946281839981
AD000721,locality,145.89557909683214
AD000722,locality,200.68881383873872
AD000723,locality,71.12137512731327
AD000727,locality,71.82429950928885
AD000730,locality,249.66509567819043
AD000731,locality,14.2635900109332
AD000732,locality,209.34299606148755
AD000733,locality,84.72431764257541
AD000736,locality,111.89106309263487
AD000737,locality,103.92656060892241
AD000738,locality,44.38028841726933
AD000739,locality,68.75267267532215
AD000740,locality,230.5835423442011
AD000742,locality,111.92086490016054
AD000743,locality,111.63305961945157
AD000745,locality,61.241325916410396
AD000748,locality,47.093523970924124
AD000751,locality,78.07124950966278
AD000752,locality,172.78981451462894
AD000753,locality,14.505516192124983
AD000754,pincode,406.28168799491806
AD000755,locality,5.366563145999597
AD000757,locality,176.5447252114885
AD000758,locality,24.633310780323555
AD000759,locality,171.07872456854489
AD000760,locality,17.821616088334682
AD000761,locality,91.02197536858861
AD000763,locality,104.75366342042668
AD000764,locality,19.221082175569553
AD000765,locality,234.0047221745749
AD000766,locality,137.05998686706488
AD000768,locality,149.96806326681678
AD000769,locality,149.9755313376152
AD000772,locality,28.3593018249744
AD000773,locality,26.313874667178712
AD000774,locality,114.603883005769
AD000776,locality,67.16308509888438
AD000778,locality,309.00467634001916
AD000779,locality,73.91488348093358
AD000780,locality,67.72776387863408
AD000781,locality,150.10213189691913
AD000782,locality,25.42479105125535
AD000784,locality,157.2325666011975
AD000785,pincode,180.97430756878174
AD000788,locality,23.780664414603642
AD000789,locality,152.33253099715776
AD000790,locality,43.94143830144825
AD000792,locality,135.34585327966275
AD000793,locality,132.21588406844313
AD000795,locality,124.29565559584132
AD000797,locality,123.2056005220541
AD000798,locality,34.96927222576986
AD000799,locality,21.931712199461305
AD000800,locality,156.81750540038567
AD000802,locality,39.53795644693843
AD000803,locality,74.7010709427918
AD000805,locality,290.0187062932322
AD000806,locality,273.16524303066086
AD000807,locality,184.36105879496364
AD000808,locality,23.47956558371538
AD000809,locality,26.251476148971122
AD000810,locality,42.381717756598526
AD000812,pincode,38.34162229222957
AD000814,pincode,82.06003899584765
AD000816,locality,77.85788335165557
AD000817,locality,59.48554446249927
AD000818,locality,88.96207056942859
AD000821,locality,49.441885077330944
AD000822,locality,78.19731453189428
AD000823,locality,74.25173398648683
AD000824,pincode,31.588605540605894
AD000826,locality,14.81890684227386
AD000827,locality,118.16539256482845
AD000828,pincode,487.1768159508415
AD000829,pincode,242.149210199001
AD000830,locality,88.11095278113821
AD000832,locality,34.771396290629404
AD000833,locality,190.2622400793176
AD000834,locality,72.74957044546724
AD000835,locality,109.28645844751301
AD000836,locality,55.88962336605969
AD000837,pincode,44.37319010393525
AD000839,locality,189.26705999724288
AD000840,pincode,46.32979602804218
AD000841,locality,51.18798687192146
AD000843,pincode,63.56005034610976
AD000844,locality,201.63692618168935
AD000845,pincode,16.658031096141006
AD000846,pincode,235.8069125365072
AD000847,locality,76.51248264172321
AD000848,locality,65.91486933917075
AD000849,locality,260.7473106285087
AD000850,locality,161.6182229824347
AD000851,locality,108.79067055588918
AD000852,locality,176.0029829292674
AD000853,locality,182.4423744638289
AD000854,locality,44.479770682862174
AD000855,locality,73.79566382925209
AD000856,locality,12.74244874425643
AD000857,locality,75.12682610093414
AD000860,locality,107.87261005463796
AD000861,locality,180.86638714808245
AD000862,locality,193.58894596541407
AD000864,locality,105.04308639791563
AD000865,locality,120.68226878874968
AD000866,locality,102.00612726694428
AD000867,locality,36.92424677633932
AD000868,locality,105.73253992976807
AD000869,locality,34.5978323020388
AD000870,locality,49.19451188903098
AD000871,locality,98.35141076771592
AD000873,locality,103.14363770974926
AD000874,locality,215.8802677411717
AD000875,locality,77.10025940293592
AD000876,pincode,435.3800293996041
AD000877,pincode,20.456050449683655
AD000878,locality,190.83063171304565
AD000879,locality,119.00067226700865
AD000880,locality,70.35886582371833
AD000881,locality,22.910696191953807
AD000882,locality,147.02778648949317
AD000883,locality,194.86944347434294
AD000884,locality,168.06335115068956
AD000885,locality,155.5101282875169
AD000888,locality,128.86756768093363
AD000889,locality,54.04488875000094
AD000891,pincode,226.6526196627783
AD000897,locality,58.854481562579274
AD000899,pincode,150.57523036675036
AD000900,locality,31.6223022564771
AD000901,locality,73.14164340510808
AD000902,locality,121.76805820903945
AD000904,locality,19.961212388028773
AD000906,locality,8.82326470191151
AD000907,locality,113.26045205631138
AD000908,locality,228.87677907555425
AD000911,locality,17.159254063041296
AD000912,locality,91.78256915122809
AD000913,locality,84.36664032661241
AD000914,locality,88.07366235146583
AD000915,locality,107.90458748357258
AD000916,locality,317.77639937540965
AD000917,locality,42.17262145041471
AD000919,locality,45.26599164936079
AD000921,locality,104.35295875057862
AD000922,locality,70.03092174175627
AD000923,locality,64.70927290582084
AD000924,locality,46.15278973149956
AD000927,locality,148.76484799844334
AD000928,locality,127.17114452579213
AD000929,pincode,42.357171765829634
AD000932,locality,307.5490367404846
AD000933,locality,40.73843394142699
AD000934,locality,57.684139934647575
AD000936,locality,45.555460704508285
AD000937,locality,146.56725418728428
AD000938,locality,169.36853308687535
AD000939,locality,55.63640894234642
AD000940,locality,77.04031412189326
AD000943,locality,154.11038251850522
AD000944,locality,108.56523384583123
AD000945,locality,156.3323702884338
AD000946,locality,113.89315168174082
AD000947,locality,111.44886719926791
AD000949,locality,37.72757612145258
AD000950,locality,148.60013458944107
AD000951,locality,137.4425334458004
AD000952,locality,219.52207178322638
AD000953,locality,89.25133052229553
AD000955,locality,46.8984008256145
AD000957,locality,71.83488010709007
AD000959,locality,65.87169346540286
AD000961,locality,87.72605086289936
AD000962,locality,296.14221245881174
AD000963,pincode,86.10023228772374
AD000964,locality,92.57397042365639
AD000965,locality,159.24010173320042
AD000967,locality,85.98052104982858
AD000968,locality,17.223530416264737
AD000969,locality,132.8160005421033
AD000970,locality,57.74400401773322
AD000971,locality,84.17885720298206
AD000972,pincode,475.1606254731131
AD000973,locality,135.3608879994513
AD000974,pincode,91.99576077189654
AD000975,locality,94.85067211148268
AD000976,locality,136.3937315275154
AD000978,locality,47.217793256356174
AD000979,locality,73.5600435018902
AD000980,locality,32.56148031033001
AD000981,locality,58.34218028150783
AD000984,locality,37.064403408121855
AD000985,locality,43.322973120505
AD000987,locality,35.564729719203854
AD000988,locality,117.80500838249618
AD000989,locality,133.67980400943128
AD000991,locality,159.03836015251153
AD000992,locality,172.1155425869495
AD000993,locality,108.64442001317865
AD000994,locality,138.33759431188622
AD000996,locality,114.39973776193739
AD000998,locality,82.74811176093371
AD000999,locality,78.93598672342024
AD001000,locality,300.22937897547604
AD001001,locality,172.8112264871702
AD001002,locality,27.81726082848543
AD001003,locality,57.29336785353086
AD001004,locality,15.435349040433136
AD001005,pincode,109.89758869056213
AD001006,locality,68.50459838580176
AD001009,pincode,204.6114610670673
AD001010,locality,97.6531105495365
AD001011,locality,131.60094984459667
AD001016,locality,79.87052021866386
AD001017,locality,68.91066680855725
AD001018,locality,29.63460814655728
AD001019,locality,175.06984320550453
AD001021,locality,149.15394731618744
AD001022,locality,286.3788050816611
AD001023,pincode,285.5339559492005
AD001024,locality,151.76471922024564
AD001025,locality,61.1657583947097
AD001027,locality,112.55007774319871
AD001028,pincode,105.66030475064906
AD001029,locality,54.614466947870184
AD001032,locality,44.62846625193383
AD001034,locality,25.29822128134682
AD001035,locality,174.25613332103984
AD001036,locality,117.07181556634363
AD001037,locality,167.50862664352545
AD001041,pincode,203.99029388674353
AD001043,locality,20.65187642806338
AD001044,locality,19.764867821465252
AD001046,locality,99.18840658060799
AD001048,locality,58.83672322622997
AD001049,locality,47.24235387869665
AD001050,locality,174.6248550464682
AD001052,locality,44.9765494452389
AD001054,locality,154.19445515322548
AD001055,locality,26.826293072282553
AD001057,locality,46.48892341192693
AD001058,locality,91.11410428687743
AD001059,locality,52.62033827333312
AD001060,locality,72.2419545693499
AD001062,locality,92.78582865933787
AD001063,locality,93.49443833726153
AD001064,locality,221.7481905224933
AD001065,pincode,167.92679952884245
AD001066,locality,233.41023970683028
AD001067,pincode,115.70069144132222
AD001068,locality,148.68143798067055
AD001069,pincode,316.14632688044946
AD001070,locality,82.69473985689774
AD001071,locality,58.266371090020726
AD001073,locality,49.94607091653958
AD001074,locality,12.551493934986118
AD001076,locality,203.082889481118
AD001078,locality,45.88779794237219
AD001081,locality,49.840746382854306
AD001082,locality,90.32231175075174
AD001084,locality,141.17400610594026
AD001086,locality,102.8693345949122
AD001087,pincode,130.82201649569512
AD001088,locality,43.60963196359274
AD001089,locality,107.02452989852367
AD001091,locality,128.51603012854065
AD001092,locality,73.12482478611487
AD001094,locality,110.75039503315551
AD001095,pincode,34.22513696101163
AD001096,locality,138.18918192101725
AD001097,locality,188.801297665032
AD001098,pincode,253.36870367115193
AD001099,locality,221.96436650958202
AD001100,locality,66.12866246946153
AD001101,locality,107.40637783670013
AD001102,locality,160.1258567502451
AD001103,pincode,138.9068752798075
AD001104,pincode,155.5658702929405
AD001105,locality,54.93641779366393
AD001107,pincode,152.94211323242524
AD001109,locality,78.53184067625055
AD001110,locality,191.52193085910542
AD001112,locality,159.342806552414
AD001113,locality,104.10941359934752
AD001114,locality,112.7114013753711
AD001115,locality,172.74504334423006
AD001116,locality,156.5324566982835
AD001117,locality,131.156585804907
AD001118,locality,45.48780056234857
AD001119,locality,195.1846305424687
AD001120,locality,84.33415678122358
AD001122,locality,256.8615385767205
AD001123,locality,197.71135526317133
AD001124,locality,32.70351663047858
AD001126,locality,172.734623049347
AD001127,locality,85.08360594145023
AD001128,locality,10.39422916814905
AD001131,locality,86.84267384183875
AD001133,locality,150.37479842048015
AD001134,locality,29.29197842413504
AD001135,locality,172.97944964648238
AD001136,locality,156.4691982468116
AD001137,pincode,110.87659807191056
AD001139,pincode,131.50380222639953
AD001140,locality,89.92135452716447
AD001141,locality,53.99564797277637
AD001142,locality,57.99249951502355
AD001143,locality,56.00142855320746
AD001146,pincode,375.5329146692737
AD001147,pincode,199.92018407354456
AD001148,locality,58.02930294256528
AD001149,locality,113.2778883983982
AD001150,pincode,187.98140865521782
AD001151,locality,35.42781393199433
AD001153,pincode,423.5262447594007
AD001154,locality,131.90034116711004
AD001158,locality,25.841439588382002
AD001160,locality,171.4981049457981
AD001162,locality,57.84678037713098
AD001163,locality,67.30118869678279
AD001164,locality,112.83580991866012
AD001165,locality,107.6145436267792
AD001166,locality,16.089748288895205
AD001167,pincode,272.38702245151114
AD001168,locality,48.680591615139605
AD001170,locality,89.76441388434509
AD001171,locality,115.39818022828605
AD001172,locality,64.42980676674398
AD001173,locality,132.5553846510958
AD001177,locality,51.27260477096889
AD001178,locality,60.89614109284754
AD001180,locality,130.5410280333351
AD001181,locality,27.392882287192705
AD001182,locality,99.6515930630314
AD001183,locality,115.91604720658812
AD001184,locality,33.664372859151676
AD001186,locality,98.27212219139258
AD001187,locality,58.032835532998035
AD001188,locality,154.10554824535038
AD001189,locality,28.4121452903509
AD001190,locality,22.351733713517433
AD001191,locality,51.49310633473184
AD001192,locality,190.50427816718457
AD001193,locality,182.58899200116076
AD001194,locality,102.9131672819373
AD001195,locality,148.99278506021676
AD001196,pincode,238.50605862325583
AD001197,locality,79.10056889808067
AD001198,pincode,41.52348732946205
AD001199,locality,101.13916155476085
AD001200,locality,122.24504079920808
AD001201,locality,19.112822920751487
AD001202,locality,68.72241264682133
AD001204,locality,88.82257595904326
AD001206,locality,105.96305960097612
AD001207,locality,19.55326059765973
AD001208,locality,211.92626076067123
AD001210,locality,72.91927042970195
AD001211,locality,74.77459461608599
AD001212,pincode,662.7038705183485
AD001213,locality,98.467151883255
AD001215,locality,261.3418068354162
AD001216,locality,110.20317599779057
AD001217,locality,62.65564619409804
AD001218,locality,108.06373119599387
AD001219,locality,62.59656540098684
AD001220,locality,101.27437978087072
AD001222,locality,176.7942306750986
AD001223,locality,57.96766339951934
AD001224,locality,57.9939652032861
AD001225,locality,33.62171917079776
AD001226,pincode,94.07847787884322
AD001227,locality,89.27961693466185
AD001228,locality,35.57878581402145
AD001231,locality,73.5142163122206
AD001232,locality,9.832598842625217
AD001233,locality,122.38055401083949
AD001234,pincode,372.05629950318007
AD001236,locality,28.502806879323234
AD001237,locality,179.82580459989614
AD001238,locality,31.08713560301096
AD001239,locality,152.23393182861733
AD001240,locality,98.20814630161786
AD001242,locality,98.51461820460956
AD001243,locality,40.83099313021912
AD001246,locality,8.549268974596766
AD001248,locality,100.69081388090977
AD001249,locality,10.746627377926574
AD001250,locality,111.1400017995319
AD001251,locality,93.03359608227575
AD001252,locality,43.142206712220926
AD001256,locality,9.724710792614987
AD001257,locality,42.6251099705327
AD001258,locality,131.09389764592405
AD001259,locality,131.7956372570807
AD001260,locality,163.41936849712766
AD001261,locality,57.82499459576275
AD001262,locality,83.97100690119179
AD001263,locality,113.34919496846913
AD001264,locality,76.60841990277545
AD001265,locality,68.46057259474242
AD001266,locality,73.8756387451236
AD001267,locality,220.12017172444675
AD001268,locality,28.57761361625563
AD001269,locality,100.28085560065756
AD001270,locality,150.60388441205643
AD001272,locality,68.60262385652611
AD001273,locality,26.71722290957642
AD001275,locality,60.25819446349169
AD001276,locality,65.51953907041776
AD001278,locality,177.42265920676545
AD001280,locality,44.767175474894614
AD001281,locality,77.41401681866147
AD001282,locality,73.99378352267162
AD001283,locality,142.60045581974825
AD001284,locality,25.140604606890424
AD001285,locality,118.08577391032328
AD001287,locality,136.0194838984477
AD001288,locality,57.60876669396781
AD001290,locality,44.85376238399636
AD001291,locality,72.85176730869343
AD001294,pincode,61.76285291338165
AD001295,locality,128.38150178277238
AD001296,locality,108.93599037967216
AD001297,locality,292.4299061313668
AD001298,locality,177.64436382840873
AD001299,locality,50.091116976965225
AD001302,locality,108.94975906352443
AD001305,locality,121.80525440226306
AD001306,locality,65.02999308011645
AD001309,locality,37.39959892833075
AD001310,locality,298.0899864134988
AD001311,locality,61.02335618433342
AD001312,locality,133.79794467778626
AD001315,locality,136.86946335834008
AD001316,locality,74.9326364143156
AD001319,locality,108.9354395961202
AD001322,pincode,331.02054316915127
AD001323,locality,73.4882303501722
AD001324,locality,32.42606975876037
AD001325,locality,84.13857617050574
AD001326,locality,49.02948092729533
AD001327,locality,44.85454269079102
AD001328,locality,51.5097078228948
AD001329,locality,152.90601688619057
AD001330,locality,229.37037733761534
AD001331,locality,42.047235343123255
AD001332,locality,122.89328704205121
AD001333,locality,85.75546629807315
AD001335,locality,123.07221457339601
AD001336,locality,75.56560063944434
AD001337,locality,153.20277412631953
AD001338,locality,114.63092950857572
AD001339,locality,124.07195492938753
AD001340,locality,62.69585313240428
AD001342,locality,46.88336592012129
AD001344,locality,70.43876773482073
AD001346,locality,47.71844507106238
AD001348,locality,84.79793629564358
AD001350,locality,199.25303008988348
AD001351,locality,138.4879056091181
AD001352,locality,208.192819280589
AD001353,locality,97.73044561445515
AD001354,locality,38.515581262652674
AD001355,locality,28.125788877825297
AD001356,locality,121.70949018051157
AD001357,locality,44.70894765033081
AD001359,locality,111.05719247306745
AD001361,locality,151.93896801018516
AD001362,pincode,159.56265227176434
AD001363,locality,51.95007218474297
AD001364,locality,56.260110202522526
AD001365,pincode,185.26114001592458
AD001366,locality,176.35379213388072
AD001367,locality,68.5689434073476
AD001368,locality,71.82381220737331
AD001370,pincode,182.40276861933864
AD001371,locality,59.64712901724625
AD001372,locality,95.83913605620627
AD001373,locality,253.10017779527527
AD001374,locality,298.1515386510692
AD001375,locality,114.88050313260322
AD001376,locality,68.26726887755216
AD001378,locality,315.1698748294322
AD001380,locality,33.83326765182486
AD001381,locality,48.381091347756886
AD001382,locality,27.71876620630872
AD001383,pincode,223.09811742818462
AD001384,locality,62.68269298618231
AD001385,locality,68.6002915445699
AD001386,locality,99.26756771473768
AD001387,locality,88.70315665183503
AD001388,pincode,118.47134674679755
AD001390,locality,156.25187998869012
AD001391,locality,65.45914756548537
AD001392,locality,151.2032407060113
AD001393,locality,45.16325940407765
AD001394,locality,161.0754481601711
AD001395,locality,68.5998542272502
AD001396,locality,153.45282662759905
AD001397,locality,53.234950925120636
AD001401,locality,122.06985704915024
AD001402,locality,57.05479822065801
AD001403,locality,12.180311982868092
AD001405,locality,279.3639919531508
AD001406,locality,239.4755102301696
AD001407,locality,24.93391264924148
AD001408,locality,90.21230514735767
AD001409,locality,64.5000775193333
AD001412,locality,151.76890327072948
AD001413,locality,110.38446448662941
AD001414,locality,62.99412671035258
AD001415,locality,56.512741926047084
AD001417,locality,82.37287174792439
AD001419,pincode,206.4248531548468
AD001420,locality,164.42414664519296
AD001421,locality,184.90370466813238
AD001422,locality,220.7331873552321
AD001424,locality,28.09199174141981
AD001426,pincode,63.437843595128584
AD001427,locality,12.578155667664488
AD001428,locality,162.80442254435258
AD001430,locality,74.59524113507503
AD001431,locality,48.80655693654304
AD001432,locality,27.081543530604005
AD001434,locality,87.12227040200455
AD001435,locality,144.0053471229454
AD001436,locality,16.22498073958765
AD001437,locality,141.49703177098795
AD001438,locality,50.646322670061636
AD001439,locality,84.64986709971848
AD001440,locality,102.07849920526851
AD001441,locality,104.89089569643292
AD001442,pincode,164.78300883282856
AD001443,locality,103.85109532402628
AD001444,locality,124.68327875060058
AD001445,locality,72.0220105245612
AD001446,pincode,95.26489384867851
AD001448,locality,163.57512035758992
AD001449,pincode,19.516659550240654
AD001453,locality,46.4624579633923
AD001454,locality,158.23972320501576
AD001456,locality,163.94980939299674
AD001457,locality,68.5339332010064
AD001458,locality,183.32795749694031
AD001461,locality,98.14973255185164
AD001462,locality,21.145448682872775
AD001463,locality,72.33367127417222
AD001465,locality,38.57097354228957
AD001466,locality,157.1122210396125
AD001467,locality,47.390399871703806
AD001468,locality,112.70501319817178
AD001469,locality,55.861614727825405
AD001471,locality,58.12882245495776
AD001472,locality,170.56731808878277
AD001473,locality,217.40830250935684
AD001474,locality,42.80981195940951
AD001475,locality,87.22304741294016
AD001476,locality,91.3059143757949
AD001477,locality,175.679025498208
AD001478,locality,299.55942649163956
AD001479,locality,50.43857650647954
AD001480,locality,75.99506562928947
AD001481,locality,140.35647473486947
AD001482,locality,24.45730974575881
AD001483,locality,48.466070606146715
AD001484,locality,98.80915949445131
AD001485,locality,46.26640249684453
AD001486,pincode,302.32872837360327
AD001487,locality,118.34272263219228
AD001488,locality,200.22567267960417
AD001489,locality,64.36528567481075
AD001490,locality,240.4332755672559
AD001493,locality,129.90365660750268
AD001494,locality,47.740339336875046
AD001495,pincode,65.70121764472853
AD001496,locality,315.33632838605837
AD001497,locality,48.971930735881756
AD001498,locality,25.480973293812454
AD001501,pincode,90.70667009652603
AD001502,pincode,712.1203901026847
AD001504,locality,102.28514066080197
AD001505,locality,120.04020159929773
AD001506,locality,83.36504063454909
AD001507,locality,26.284025566872174
AD001508,locality,117.7338099273101
AD001509,locality,35.00771343575567
AD001510,locality,100.67233979599371
AD001511,locality,136.20756219828618
AD001512,locality,58.52110730326284
AD001513,locality,179.61695354281017
AD001514,pincode,273.22659094604967
AD001515,locality,62.57219829924458
AD001516,pincode,141.47862029296155
AD001519,locality,246.04714995301205
AD001521,locality,127.08831574932431
AD001523,locality,175.0339395660169
AD001524,locality,77.07788269017266
AD001526,locality,31.3682960965367
AD001528,locality,142.8126394966497
AD001530,locality,109.90454949636978
AD001531,pincode,149.91897811818222
AD001532,pincode,67.47006743734566
AD001533,locality,6.933974329343699
AD001534,pincode,365.772497599259
AD001535,locality,177.36417338346521
AD001536,locality,132.45112306054642
AD001537,locality,229.4048386586473
AD001541,locality,176.43143144009235
AD001543,locality,122.05326705991963
AD001544,locality,227.34577189822537
AD001545,locality,72.32731157730117
AD001546,locality,138.08526351497449
AD001548,locality,283.007508734309
AD001549,locality,146.27457058559426
AD001551,locality,27.19779402819268
AD001552,locality,72.5929059894972
AD001553,locality,51.514852227294654
AD001554,locality,84.96546357197137
AD001555,locality,50.78287112796992
AD001556,locality,107.79726341609955
AD001557,locality,63.59654078642955
AD001558,pincode,156.93581490532995
AD001559,locality,117.82699181426969
AD001560,locality,149.49772573520968
AD001561,locality,97.89203236218975
AD001563,locality,74.82165461950174
AD001564,locality,28.136808632110302
AD001565,locality,68.6862431641154
AD001566,locality,6.935416353759687
AD001567,locality,18.681541692269406
AD001568,locality,59.685341584010374
AD001569,pincode,481.9792734132868
AD001570,locality,68.30614906434093
AD001573,locality,57.48573736154033
AD001575,locality,54.16899482176141
AD001577,locality,167.2603957905158
AD001578,locality,67.57403347440494
AD001582,locality,42.223808449736
AD001583,locality,76.35607375972128
AD001584,locality,41.28256290493596
AD001585,locality,55.65402051963542
AD001586,locality,22.000454540759005
AD001587,locality,65.62088082310378
AD001588,pincode,126.99956692839545
AD001590,locality,97.64962877553609
AD001591,locality,188.5469702753137
AD001594,locality,166.0460779422388
AD001596,locality,71.93358047532466
AD001597,locality,18.73872994629032
AD001598,pincode,81.75946428395928
AD001600,locality,6.58027355054454
AD001601,locality,273.61602657739184
AD001602,pincode,107.37099235827169
AD001603,locality,68.28674834841681
AD001604,locality,188.23222359627997
AD001605,locality,38.70930120784925
AD001607,locality,57.13737830877431
AD001608,locality,64.64216889925638
AD001609,locality,327.05854216026836
AD001610,locality,129.3464340443911
AD001612,pincode,183.06862101408865
AD001613,locality,113.91452936302717
AD001614,locality,176.28437253483332
AD001615,locality,392.1432518863485
AD001617,locality,232.18305278378952
AD001618,locality,62.20972592770361
AD001619,locality,35.502816789657786
AD001620,locality,110.594755752703
AD001621,locality,29.26567955814456
AD001622,locality,45.83503027161663
AD001623,locality,32.9778713685406
AD001624,locality,82.18527848708689
AD001625,locality,52.77461510991819
AD001626,locality,132.6001508294769
AD001627,pincode,136.04852075638323
AD001629,locality,99.07295291854383
AD001633,locality,292.3472250595172
AD001634,locality,82.10590721744691
AD001635,locality,82.82704872202088
AD001637,locality,44.680644579056796
AD001638,locality,43.05902925055314
AD001639,locality,114.15379976154975
AD001640,locality,242.67809954752826
AD001641,locality,214.29869341645554
AD001642,pincode,95.84007512517911
AD001643,locality,49.127792541493285
AD001644,locality,32.32460363252756
AD001647,locality,101.47443027679441
AD001649,locality,59.558542628240986
AD001651,locality,131.3659012072768
AD001653,locality,72.94491072035115
AD001654,locality,107.10074696284791
AD001655,locality,185.02943009153975
AD001656,locality,128.96914359644325
AD001657,pincode,89.38914922964632
AD001658,locality,151.94660246283857
AD001659,locality,112.36854542086053
AD001662,locality,75.8130595610015
AD001663,locality,183.57355474032747
AD001664,locality,94.67386122895824
AD001665,locality,136.79491949630267
AD001666,locality,72.90006858707325
AD001667,locality,79.7869663541609
AD001669,locality,106.6857066340188
AD001671,locality,90.14310844429515
AD001676,pincode,182.0372764023895
AD001677,locality,135.89499622870593
AD001678,locality,82.36079164262564
AD001681,pincode,105.94493852940755
AD001682,locality,84.09518416651453
AD001683,locality,139.00492797019834
AD001684,locality,147.10166552422163
AD001685,locality,101.41898244411648
AD001686,locality,142.99905594093974
AD001687,locality,102.02137031034235
AD001690,locality,76.76066701117163
AD001691,locality,209.29620158999535
AD001693,locality,34.51448971084447
AD001694,locality,28.82568299277563
AD001695,locality,21.856349191939763
AD001698,locality,80.37368972493424
AD001700,locality,162.35171696043116
AD001701,locality,156.63527699723326
AD001704,locality,92.65424976761726
AD001705,locality,151.52610336176394
AD001706,locality,24.47243347115277
AD001709,locality,48.96907187194785
AD001710,locality,335.8968442840748
AD001711,locality,57.337247928375824
AD001712,locality,212.55102916711536
AD001714,locality,283.05358150004014
AD001715,pincode,637.6644415364558
AD001716,locality,97.24325169388362
AD001717,locality,317.08957724907964
AD001718,locality,196.02104478856347
AD001719,locality,38.39088433469594
AD001720,locality,51.904720401905564
AD001721,locality,50.96518419470291
AD001722,pincode,267.52564363066216
AD001724,locality,119.64000167168172
AD001725,pincode,54.44051799900498
AD001727,pincode,168.36463405359225
AD001730,locality,128.8312073994497
AD001733,locality,77.242734286145
AD001734,locality,82.05760171976755
AD001735,locality,34.37397271192254
AD001736,locality,153.92264290870276
AD001738,locality,74.05470950587805
AD001739,pincode,424.15309735990377
AD001740,locality,63.79373009943865
AD001741,locality,93.41830655711992
AD001742,locality,74.07705447707804
AD001743,locality,80.30952620953519
AD001744,locality,37.47906082067693
AD001746,locality,62.0556202128384
AD001748,locality,203.4004178953424
AD001749,pincode,70.17442554093354
AD001750,locality,61.56492507913898
AD001752,locality,59.905341998857025
AD001755,pincode,139.67923968865244
AD001756,locality,155.1866617979779
AD001757,locality,146.14684396181798
AD001759,locality,37.860005282619625
AD001760,locality,105.82438282361935
AD001761,locality,126.53489637250297
AD001763,locality,205.42234542522388
AD001764,locality,99.2878643138226
AD001765,locality,40.57893542221111
AD001766,locality,39.0016666310555
AD001767,locality,65.31293899374016
AD001768,locality,144.09531567681162
AD001769,locality,98.31073186585475
AD001770,locality,112.62131237026136
AD001771,locality,56.06157329222924
AD001772,locality,30.71042168385157
AD001775,locality,9.338094023942885
AD001776,locality,115.87929064332417
AD001777,locality,89.5651718024368
AD001778,locality,111.22522195976953
AD001779,locality,59.19062425756282
AD001780,locality,143.17978209230517
AD001781,locality,165.13097831721356
AD001784,locality,295.7315336584856
AD001786,locality,285.1610422200058
AD001787,locality,45.40770859666858
AD001788,locality,117.04174468966197
AD001789,locality,107.26998648270624
AD001790,locality,118.74923157646141
AD001791,locality,106.63507865613467
AD001794,locality,63.52086271454434
AD001795,pincode,363.9760706420133
AD001797,locality,13.978912690191924
AD001798,locality,183.13636995419566
AD001799,locality,34.57195395114382
AD001800,locality,34.2778354042379
AD001801,locality,137.61991135006565
AD001803,locality,121.28445902093146
AD001804,locality,172.37728968747598
AD001805,locality,177.92627686769606
AD001806,locality,189.96978707152354
AD001808,locality,50.168117365514064
AD001810,locality,58.609982084965544
AD001811,locality,187.36157556980572
AD001812,locality,28.99275771636784
AD001813,locality,45.62071897723684
AD001815,locality,124.02278016558093
AD001816,pincode,213.62305587178545
AD001817,locality,120.12048118451729
AD001818,pincode,389.30381452022783
AD001820,locality,109.17188282703576
AD001823,pincode,166.48318233383233
AD001824,locality,171.0113738907442
AD001825,locality,112.31740737748514
AD001827,locality,172.5367497085764
AD001833,locality,95.9750488408317
AD001834,locality,16.909760495051547
AD001835,locality,67.7681341044595
AD001836,locality,167.98050482124427
AD001837,locality,191.98708289882413
AD001838,locality,74.14182355459035
AD001839,locality,96.74776483206213
AD001840,locality,45.759042822157035
AD001841,locality,64.62259666711032
AD001842,locality,137.83849244677654
AD001845,locality,101.32901854848899
AD001846,locality,104.70668555541232
AD001848,locality,236.70217573989464
AD001849,locality,219.1668314321308
AD001850,locality,103.61853116117774
AD001851,pincode,89.9580457769066
AD001852,locality,49.03886214014344
AD001853,locality,109.48689419286681
AD001854,locality,80.5080120236489
AD001855,locality,175.9004263781075
AD001856,locality,100.26016157976211
AD001857,locality,30.805843601498772
AD001858,pincode,87.387069981777
AD001859,locality,58.06108851890396
AD001862,pincode,19.194269978303577
AD001863,pincode,203.3222319373856
AD001865,locality,176.77132120341236
AD001866,locality,2.0808652046683207
AD001868,locality,5.060632371551942
AD001870,pincode,73.8009485033899
AD001871,pincode,194.14020706695422
AD001872,locality,54.25025345562912
AD001874,locality,76.17959044258512
AD001876,locality,166.0371344007117
AD001877,locality,36.16973873281365
AD001878,locality,119.88611262360648
AD001879,locality,43.90136672132212
AD001881,locality,145.96331730952127
AD001882,locality,33.547727195743114
AD001883,locality,68.51401316519113
AD001884,locality,112.20739726060822
AD001885,pincode,455.70229316956477
AD001886,locality,38.95664256580637
AD001888,locality,147.12460705130206
AD001889,locality,77.29553674048714
AD001890,locality,52.24040581771928
AD001891,locality,130.0692507858792
AD001892,locality,61.415958838073976
AD001894,locality,150.8059017412781
AD001895,locality,172.8606664339808
AD001896,locality,198.5340524947796
AD001898,pincode,277.4674395311997
AD001899,locality,74.46643539206092
AD001900,locality,98.39232693660588
AD001902,locality,72.95128511547969
AD001903,pincode,372.4655823025801
AD001904,locality,57.12390042705409
AD001905,locality,143.16438104500713
AD001906,pincode,414.9009520355431
AD001909,pincode,271.4751185652196
AD001910,locality,96.98458640423216
AD001911,pincode,110.85688972725171
AD001912,locality,40.29900743194557
AD001914,locality,145.38225476309003
AD001916,locality,71.621574961739
AD001917,locality,134.75258810130507
AD001918,locality,68.88171019944261
AD001919,locality,63.61234156985585
AD001920,locality,223.52579269516062
AD001921,locality,78.46967567156122
AD001922,locality,51.4278134864784
AD001923,locality,90.42438830315626
AD001924,locality,164.84447215481612
AD001926,locality,111.28791488746648
AD001927,pincode,54.98590728541252
AD001931,pincode,177.7267847005623
AD001933,locality,179.80102891807925
AD001934,locality,130.07939883009897
AD001935,locality,184.3780084500318
AD001938,locality,108.1572928655299
AD001939,locality,273.14044006701033
AD001940,locality,132.42144841376725
AD001941,locality,152.18311338647246
AD001942,locality,74.9096122003044
AD001943,locality,84.01547476506911
AD001944,locality,58.72307893835289
AD001945,locality,75.64614993507621
AD001946,locality,65.62697616072225
AD001947,locality,91.0018131687497
AD001948,locality,83.38297188275314
AD001949,locality,109.18081333274628
AD001950,locality,84.3632621465055
AD001951,locality,199.71662424545434
AD001952,locality,55.55114760290759
AD001954,locality,80.32994460349147
AD001955,locality,44.28747001127971
AD001957,locality,56.850769563832664
AD001958,locality,170.44661920965177
AD001960,locality,104.23099347123204
AD001961,locality,119.16249409944417
AD001962,locality,55.688418903754204
AD001963,locality,87.88048702641565
AD001964,locality,25.12866888635367
AD001965,locality,64.31236273066018
AD001966,locality,164.18605300085642
AD001967,locality,162.25365943484917
AD001968,locality,81.68114837586462
AD001970,locality,126.32675884388101
AD001971,locality,113.66921307020647
AD001973,pincode,82.29684076560888
AD001977,locality,165.78700190304423
AD001980,locality,66.32797298274677
AD001982,locality,172.25957157731463
AD001983,locality,223.63839115858437
AD001984,locality,208.62936034987968
AD001985,locality,58.98347226130367
AD001986,pincode,18.35755975068582
AD001987,pincode,150.35374953754894
AD001989,locality,52.50838028353207
AD001990,locality,52.41345247166993
AD001991,locality,44.398423395431394
AD001992,locality,69.74525073436905
AD001993,locality,115.097914837759
AD001995,locality,113.93129508611754
AD001996,pincode,69.86687340936338
AD001999,pincode,27.68772291106649
AD002000,locality,185.16462945173933
AD002001,locality,175.11618999966856
AD002002,locality,23.103679360655768
AD002005,locality,50.67435248722955
AD002007,locality,27.23563841733833
AD002008,locality,124.23723274445551
AD002009,locality,17.039072744724017
AD002011,pincode,185.63310588362214
AD002013,locality,83.5436412900467
AD002015,locality,147.93461393467055
AD002016,locality,39.080046059338116
AD002018,locality,166.93846171568728
AD002019,locality,53.5255079378047
AD002021,locality,127.20994457981666
AD002022,locality,103.04198173560137
AD002023,locality,139.6065901023301
AD002024,locality,246.90834331792036
AD002025,locality,34.22104615583789
AD002026,locality,158.37607142494718
AD002027,locality,67.07197626430884
AD002028,locality,207.97812384960116
AD002029,locality,62.08776046854974
AD002030,locality,292.20136892218693
AD002033,locality,120.70778765266135
AD002034,pincode,28.31289458886168
AD002035,locality,48.82888489408708
AD002036,locality,161.45665052886477
AD002037,locality,319.7565480173938
AD002038,locality,78.82112660955855
AD002039,locality,63.64542403032589
AD002040,locality,185.37578051083182
AD002042,locality,113.4924226545546
AD002043,locality,64.75801108743221
AD002044,locality,52.8015151297763
AD002045,locality,19.968475154603084
AD002046,locality,108.66098655911424
AD002047,locality,151.59858178756156
AD002048,locality,68.31017493755957
AD002049,locality,241.46966683208882
AD002050,locality,162.5379955579617
AD002051,locality,12.682665335015411
AD002052,locality,288.5520057112755
AD002053,locality,303.33469963062254
AD002054,locality,90.40232297900316
AD002055,locality,105.75901852797244
AD002056,locality,225.269283303339
AD002057,pincode,342.68931993862896
AD002059,locality,23.152537657889646
AD002062,locality,196.25475790410786
AD002063,locality,163.73228148413486
AD002064,locality,62.97173969329404
AD002066,locality,52.862557637707894
AD002067,locality,21.070595625183362
AD002068,locality,73.5702385479347
AD002069,locality,242.06949415405487
AD002070,locality,44.518984714388985
AD002072,locality,88.93868674542057
AD002075,locality,78.96385248960442
AD002077,pincode,111.68563023057172
AD002078,locality,17.410341754256155
AD002079,locality,171.83585190524116
AD002080,locality,94.67211838762236
AD002081,locality,45.76111886744022
AD002083,locality,229.93166376121408
AD002086,pincode,40.79620080350601
AD002087,locality,77.43674838214753
AD002088,locality,23.0417013260741
AD002089,locality,199.3098592644127
AD002090,locality,71.51398464636145
AD002091,locality,91.12738337075194
AD002092,locality,138.83677466723296
AD002094,locality,47.38691802596989
AD002097,locality,69.4686260120352
AD002098,locality,192.96105824751282
AD002099,locality,97.57561170702442
AD002100,pincode,564.6999380201842
AD002102,locality,50.84338698395278
AD002103,locality,57.356603804618494
AD002104,locality,126.29212168619257
AD002105,locality,194.34510541817107
AD002106,locality,62.76894136434055
AD002107,locality,70.1685114563504
AD002108,locality,65.19394143630218
AD002110,locality,47.96602964599005
AD002111,pincode,105.9476285718563
AD002113,locality,31.863615614051042
AD002114,locality,126.48833938351788
AD002115,locality,86.32039156537697
AD002116,locality,35.25748147556755
AD002117,locality,158.04015312571653
AD002118,locality,125.88252460131224
AD002119,pincode,222.17544868864334
AD002120,locality,26.897211751406463
AD002121,locality,44.060072628174375
AD002122,locality,98.77636356942884
AD002123,locality,69.82470909355794
AD002124,locality,45.77826995420449
AD002126,locality,163.71395786554058
AD002127,locality,228.79346581578744
AD002129,locality,35.475202606891486
AD002131,locality,253.86248245851542
AD002132,locality,261.67651786127055
AD002134,locality,188.5706764054261
AD002135,locality,40.87113896137472
AD002139,locality,54.88351300709516
AD002140,locality,142.8661261461233
AD002141,locality,40.29714630094794
AD002142,locality,203.95384281743745
AD002143,locality,118.67476564122629
AD002145,locality,93.00994570474724
AD002146,pincode,294.1228484834186
AD002148,locality,108.56302317087537
AD002150,locality,182.62751709422105
AD002152,locality,44.97999555357902
AD002154,locality,58.598037509800605
AD002155,locality,108.51843161417327
AD002157,locality,56.364882684167846
AD002158,pincode,168.00514873062676
AD002159,locality,150.03402947331622
AD002160,locality,173.8853932910985
AD002161,locality,83.46837724551722
AD002162,locality,22.53752426510073
AD002163,pincode,6.603786792439738
AD002164,locality,20.62062074720351
AD002165,locality,58.54271944486342
AD002166,locality,155.65259393919507
AD002167,locality,111.91970335914931
AD002170,locality,110.04907995980699
AD002171,locality,51.340821964592834
AD002172,locality,171.94586357339327
AD002173,locality,19.119100397246655
AD002174,locality,73.68235881131932
AD002175,locality,46.555987799637535
AD002176,locality,58.42473791126481
AD002177,locality,42.313236699642886
AD002179,pincode,115.39324070325794
AD002180,locality,69.42946060571083
AD002182,locality,24.747727168368755
AD002183,locality,188.03813443022673
AD002184,locality,119.02625760730241
AD002185,locality,113.99337700059591
AD002186,locality,157.75820105465195
AD002189,locality,18.445866745696918
AD002190,locality,223.40008952549687
AD002191,locality,100.17983829094558
AD002192,locality,93.4824047615379
AD002193,locality,23.256181973832252
AD002194,locality,13.090836489697832
AD002195,pincode,139.23634582967225
AD002196,locality,168.739918217356
AD002199,pincode,200.30122316151744
AD002201,locality,183.45626181736074
AD002202,locality,69.67302203866278
AD002204,locality,42.2370690270999
AD002205,locality,90.6841772306503
AD002206,locality,74.75466540624747
AD002207,pincode,84.40379138403686
AD002209,locality,51.7537438259303
AD002210,locality,86.24505782941992
AD002211,pincode,222.30272153079926
AD002212,locality,309.1463407514312
AD002214,locality,135.32834145144915
AD002215,locality,1.5231546211728741
AD002217,locality,127.44379153179645
AD002218,locality,140.6786408805547
AD002220,locality,49.82900761604626
AD002221,locality,19.981241202688448
AD002222,pincode,320.16341140111564
AD002223,locality,68.43683218852256
AD002224,pincode,153.85168182376174
AD002225,locality,95.02946911353342
AD002226,locality,124.9001200960192
AD002227,locality,110.49728503452015
AD002228,locality,96.05519246766403
AD002230,locality,121.34249049693982
AD002231,locality,99.1058020501323
AD002234,locality,85.29126567240046
AD002236,locality,94.48513110537556
AD002237,pincode,249.38484316413454
AD002238,locality,206.35038163279492
AD002239,pincode,99.0454441153151
AD002240,locality,65.46182093403758
AD002242,locality,130.97671548790652
AD002243,locality,175.0864072393971
AD002244,locality,52.51675922979263
AD002247,locality,420.02154706633803
AD002248,pincode,98.91294151929763
AD002249,locality,249.4730446360889
AD002250,locality,135.47962946509702
AD002251,locality,198.2871654948954
AD002252,locality,113.70281438909049
AD002253,locality,177.51419661536912
AD002255,locality,39.82787968245364
AD002256,locality,302.58502937191065
AD002257,locality,105.78204006351945
AD002259,locality,26.861310466914784
AD002260,locality,261.0076818792888
AD002261,locality,105.13919345325019
AD002262,locality,168.8058055873673
AD002263,locality,75.38016980612325
AD002265,locality,67.76208379322446
AD002266,locality,308.968169881624
AD002267,locality,34.624413352431084
AD002269,locality,65.92192351562575
AD002270,locality,43.054500345492386
AD002271,locality,56.14712815451928
AD002272,locality,176.46441567636234
AD002273,locality,70.17364177524205
AD002275,locality,63.770604513365086
AD002276,locality,148.98781829398004
AD002277,locality,85.56880272622715
AD002278,locality,106.44158022126504
AD002280,locality,66.94908513191181
AD002282,locality,124.77840358010681
AD002283,locality,24.720234626718238
AD002286,locality,177.53793960728476
AD002287,locality,43.973287345842074
AD002288,pincode,197.83210052971683
AD002289,locality,12.778106275970304
AD002294,locality,92.17038569952913
AD002295,pincode,272.8213518037032
AD002296,locality,89.6799866190891
AD002297,locality,253.49439836020045
AD002299,locality,17.41321337375753
AD002300,locality,171.79999999999973
AD002301,locality,130.2677243218751
AD002302,locality,118.90067283241117
AD002303,pincode,201.7377009881892
AD002304,locality,97.11379922544458
AD002305,locality,122.42307788975084
AD002306,locality,24.200206610687857
AD002307,locality,76.78450364494118
AD002308,locality,94.19516972753932
AD002309,pincode,128.65123396221273
AD002310,locality,13.100000000000136
AD002311,locality,100.66945912241722
AD002312,locality,104.4648266164262
AD002314,locality,246.22042969664383
AD002315,locality,146.8741638274071
AD002316,locality,203.06415242479403
AD002317,locality,99.90740713280455
AD002319,locality,82.87544871673369
AD002321,locality,113.762296038714
AD002322,locality,58.16459404139292
AD002323,pincode,284.9699106923394
AD002324,locality,55.30433979354591
AD002325,locality,165.48018008208717
AD002327,pincode,215.2747082218439
AD002328,locality,46.82413907377262
AD002330,locality,11.783462988442633
AD002332,pincode,80.94522839550207
AD002333,locality,139.32243179043326
AD002334,locality,83.4468693241396
AD002335,locality,98.6979736367468
AD002339,locality,101.13283344196394
AD002340,pincode,63.60644621420052
AD002341,locality,68.70815089929296
AD002342,locality,239.8980616845414
AD002343,pincode,469.3181863086067
AD002344,pincode,105.1594028130629
AD002345,locality,99.26499886666986
AD002346,locality,45.4696602142572
AD002347,locality,100.580564723012
AD002350,locality,174.44454706295653
AD002351,locality,110.88178389618369
AD002352,locality,81.66572108296111
AD002353,locality,15.042606157179112
AD002354,locality,66.13350134387261
AD002355,locality,86.65610192017671
AD002356,pincode,78.18906573172484
AD002357,locality,158.98276636164067
AD002358,pincode,76.6438516777437
AD002360,locality,194.50863734035016
AD002361,locality,92.1555749805727
AD002362,locality,62.1486122129851
AD002363,locality,89.17426758880607
AD002364,locality,287.20920946237067
AD002366,locality,50.0225948947072
AD002367,locality,100.31674835240658
AD002369,locality,57.44118731363395
AD002371,locality,46.89754791031194
AD002372,locality,126.86307579433834
AD002376,locality,68.54035307758494
AD002377,locality,233.74141695471926
AD002378,locality,12.33288287465664
AD002383,locality,106.00047169706394
AD002384,locality,113.59022845297918
AD002385,locality,104.24130659196479
AD002387,locality,137.95144073187492
AD002388,pincode,17.65672676347446
AD002389,pincode,38.32401335977196
AD002391,locality,53.573220922397404
AD002392,locality,37.91160772111914
AD002393,locality,95.79728597408166
AD002394,locality,291.2950394359643
AD002396,locality,81.03554775529071
AD002397,locality,200.98019802955713
AD002398,locality,82.13756753155035
AD002400,locality,164.78073309704632
AD002401,locality,93.76017278141053
AD002402,locality,150.7298576924955
AD002404,locality,92.71919973770278
AD002407,locality,202.03823895490675
AD002410,locality,66.28763082204699
AD002411,locality,102.41581909060729
AD002412,locality,23.99103999413122
AD002413,locality,114.04862997861895
AD002416,locality,29.21711826994578
AD002417,locality,106.39849622997502
AD002418,pincode,144.2554678339785
AD002421,locality,59.71264522695336
AD002422,locality,43.05926148925436
AD002424,locality,98.99505038131966
AD002427,locality,87.22018115092399
AD002428,locality,28.175343831087616
AD002429,locality,110.2200072582108
AD002433,locality,32.16597581296122
AD002434,locality,32.698776735529435
AD002435,locality,247.35739325922725
AD002437,locality,141.8789977410327
AD002438,locality,142.48105137175267
AD002439,locality,137.19289340195434
AD002440,pincode,132.9502538545902
AD002442,locality,64.40450294816354
AD002444,locality,142.82023666133583
AD002445,locality,35.58440669731617
AD002447,locality,145.07573884009693
AD002448,locality,58.297941644624025
AD002449,locality,294.5469741823873
AD002451,locality,156.78577741619296
AD002452,locality,41.46528668657661
AD002453,locality,38.46621894597888
AD002454,locality,60.27976443218717
AD002457,locality,30.51245647272593
AD002458,locality,34.45809048685093
AD002461,pincode,201.98663322111184
AD002462,locality,58.77720646645246
AD002463,locality,24.003333101883996
AD002464,locality,83.36450083818636
AD002465,pincode,30.83180176376336
AD002466,locality,64.75376436933998
AD002467,locality,64.7611766415651
AD002468,locality,125.77094259009121
AD002469,locality,115.87337916881516
AD002470,locality,33.424841061701464
AD002471,locality,74.48791848346946
AD002473,locality,54.215588164290835
AD002474,locality,118.56559366021862
AD002475,locality,110.95156600967816
AD002476,locality,105.40483859861443
AD002477,locality,35.38417725481263
AD002479,locality,109.87561148862811
AD002481,locality,81.01956553820817
AD002482,pincode,294.628240330081
AD002483,locality,41.362422559613385
AD002484,locality,63.012459085485666
AD002485,pincode,636.9410098274407
AD002486,locality,60.37391820976987
AD002488,locality,130.37614812533772
AD002489,locality,49.09796329788029
AD002490,locality,117.41639578866318
AD002492,locality,65.99712114933503
AD002493,locality,117.22670344251802
AD002494,locality,56.00223209837265
AD002495,pincode,295.16783361335325
AD002496,locality,134.24909683122627
AD002497,locality,11.907980517283372
AD002498,locality,314.9400101606654
AD002499,locality,109.96554005687423
AD002501,locality,107.14261523782217
AD002504,locality,97.4372618662898
AD002505,locality,58.16536770278335
AD002506,locality,114.8858999181362
AD002508,locality,216.7
AD002510,locality,225.7647005180394
AD002511,pincode,219.05414855692635
AD002512,locality,167.569239420605
AD002515,locality,299.81997932092514
AD002516,locality,159.2879782030018
AD002517,locality,157.91675021985486
AD002518,locality,16.171889190815193
AD002519,locality,29.860509037858
AD002520,locality,69.1914011998602
AD002521,locality,70.4917725695701
AD002522,locality,87.39107505918412
AD002523,locality,56.37942887259487
AD002524,locality,201.01644211357444
AD002525,locality,65.56904757581901
AD002526,locality,63.316743441209866
AD002527,locality,68.15020176052326
AD002528,locality,73.2164598980311
AD002529,pincode,249.97991919352248
AD002530,pincode,40.20174125582115
AD002531,locality,93.89579330300155
AD002532,locality,147.00574818693315
AD002534,locality,142.045767272383
AD002535,locality,152.41039990761803
AD002537,pincode,115.72920979597183
AD002539,locality,37.05995143008152
AD002540,locality,149.48130317869192
AD002541,locality,187.6778623066663
AD002542,locality,91.80615447779094
AD002543,locality,74.70240959969091
AD002544,locality,57.70970455651287
AD002545,pincode,241.73384123866464
AD002546,locality,164.57451199988407
AD002547,locality,133.88849838578363
AD002549,locality,34.873629005310136
AD002550,locality,171.44436415350617
AD002551,locality,157.45707351529163
AD002552,locality,120.88213267476712
AD002553,locality,139.99532135039365
AD002555,locality,131.4881363469722
AD002556,locality,63.63874605929944
AD002557,locality,210.1074962965386
AD002558,locality,320.4730409878497
AD002559,locality,226.93604826029724
AD002560,locality,73.84341541396886
AD002562,locality,3.3301651610692975
AD002564,locality,98.25436377077607
AD002566,locality,171.63519452606437
AD002567,locality,122.65113126261816
AD002568,locality,63.21471347716454
AD002569,locality,63.582151583600876
AD002570,locality,326.0258885426124
AD002572,locality,117.55479573373431
AD002573,locality,117.97597212992122
AD002574,locality,43.139309220246176
AD002575,locality,199.946242775402
AD002576,locality,103.10402513966179
AD002577,locality,107.24150315992411
AD002578,locality,93.26371212856581
AD002579,locality,117.26794105807433
AD002580,locality,92.7578568100837
AD002581,locality,168.876286079485
AD002582,locality,46.82873049741988
AD002583,locality,200.383731874621
AD002584,pincode,449.1773035227849
AD002586,locality,64.50124029815242
AD002587,locality,14.516886718577084
AD002588,locality,51.0137236437414
AD002590,locality,35.114099732158785
AD002592,locality,71.2371391901727
AD002593,locality,86.28337035605381
AD002594,locality,184.41553622187038
AD002595,locality,73.33928006191493
AD002598,locality,37.94733192202072
AD002599,locality,23.476371099469308
AD002600,locality,115.47055901830561
AD002601,locality,47.91701159296143
AD002603,pincode,145.74542874478107
AD002605,locality,128.90822316671665
AD002606,locality,63.37586291325744
AD002607,pincode,206.63494380186523
AD002608,locality,102.81682741652747
AD002609,pincode,226.10229985561824
AD002611,locality,146.525219672246
AD002612,locality,107.24276199352579
AD002613,locality,16.734395716607406
AD002614,locality,73.47121885473243
AD002615,locality,264.0634204125968
AD002616,locality,162.06705402394397
AD002617,locality,90.75902159014271
AD002618,locality,146.6255093767793
AD002619,locality,97.44875576424762
AD002620,locality,78.0166648864203
AD002622,locality,133.86119676739787
AD002623,pincode,126.02003808918633
AD002624,locality,88.47672010195694
AD002626,locality,197.8533295145674
AD002627,pincode,227.7380951883105
AD002628,locality,15.67801007781291
AD002629,locality,58.34629379832103
AD002632,locality,132.54089934808806
AD002634,locality,36.76792080061108
AD002635,locality,37.13892836364541
AD002638,locality,68.0562267540597
AD002639,locality,114.5048907252438
AD002641,locality,166.704049140985
AD002643,locality,85.51988072957086
AD002645,locality,117.29867859443267
AD002647,pincode,32.46798423062351
AD002648,locality,37.1593864319635
AD002649,locality,91.57565178583225
AD002650,locality,109.19926739680999
AD002651,locality,38.810436740649955
AD002654,locality,127.97577895836382
AD002656,locality,101.24746910417052
AD002657,locality,59.568867707889076
AD002659,locality,69.07300485717988
AD002660,locality,120.12368625712415
AD002661,pincode,176.8290700082992
AD002662,locality,128.8355540990141
AD002663,locality,121.3359798246179
AD002665,locality,175.30136907622835
AD002666,pincode,27.10737906917585
AD002667,locality,96.92079240286884
AD002668,locality,158.26875876179733
AD002669,pincode,138.28467015544413
AD002670,locality,275.95356493439255
AD002672,locality,86.08002091077822
AD002673,locality,71.0105625945887
AD002674,pincode,547.7304811675173
AD002675,locality,84.50426024763493
AD002676,locality,193.32221807128093
AD002678,locality,148.70675842072566
AD002680,pincode,581.4019005816888
AD002681,locality,69.13501283720116
AD002684,locality,181.53966508727487
AD002685,locality,148.586708692265
AD002687,locality,83.88337141531693
AD002688,locality,35.16390194503448
AD002689,locality,42.313591197155525
AD002690,locality,86.51063518435197
AD002691,pincode,88.80478590706682
AD002692,locality,89.29462469824288
AD002693,locality,41.37595920338283
AD002694,pincode,68.96644111450141
AD002696,locality,114.98660791587866
AD002697,locality,98.45567530620046
AD002699,locality,62.346210791033606
AD002701,pincode,357.3688850473695
AD002702,locality,12.033702672078954
AD002704,locality,63.685555662175055
AD002705,locality,181.6353489825147
AD002706,locality,74.34258537339139
AD002707,pincode,174.22275970722066
AD002708,locality,73.71648390963858
AD002710,locality,141.74896825021347
AD002711,locality,47.18951154652886
AD002712,locality,44.76929751514983
AD002713,locality,51.47212838031851
AD002714,locality,152.04551949991819
AD002715,locality,43.882684512230774
AD002716,pincode,174.0446207154934
AD002717,locality,65.2050611532571
AD002718,locality,83.80578738965471
AD002719,locality,91.93263838267667
AD002720,locality,33.23161145656355
AD002721,locality,178.7152203926684
AD002722,pincode,487.3562659902918
AD002723,locality,105.88720413723273
AD002725,locality,79.41819690725798
AD002726,locality,148.4719502128265
AD002727,locality,129.71121771072848
AD002728,locality,74.40026881671875
AD002729,locality,207.11892718918762
AD002730,pincode,68.78786230142629
AD002732,locality,357.27441833974063
AD002733,locality,54.57444456886383
AD002734,locality,140.86635510298396
AD002735,locality,111.79718243319014
AD002736,locality,260.1692718212509
AD002737,locality,79.4030855823626
AD002738,locality,105.92568149414947
AD002739,locality,6.440496875241766
AD002740,locality,148.70833870365203
AD002741,locality,101.26208569844886
AD002742,locality,7.2006944109577535
AD002743,locality,116.66674761901947
AD002744,locality,94.54914066240902
AD002746,locality,51.59399189828229
AD002749,locality,88.86990491724403
AD002750,locality,130.18636641369167
AD002751,locality,120.15460873391402
AD002752,locality,10.331505214633498
AD002753,locality,164.6184983530101
AD002754,locality,59.75491611574723
AD002755,locality,155.19284777334298
AD002756,pincode,103.28649476093173
AD002758,locality,146.0724477784911
AD002759,locality,93.5799123743976
AD002760,locality,129.2870449813128
AD002761,locality,34.88624370722638
AD002762,locality,195.65932127041629
AD002763,locality,47.673053185211415
AD002765,locality,92.34857876545793
AD002766,locality,41.6473288459176
AD002767,pincode,48.46792753976601
AD002769,locality,120.51891967653877
AD002770,locality,52.50923728259629
AD002771,pincode,81.35410253945406
AD002772,locality,67.90117819301807
AD002773,locality,67.03916765593095
AD002774,locality,61.82758284131776
AD002775,locality,53.06006030904991
AD002776,locality,138.91292236505558
AD002778,locality,34.79669524538182
AD002779,locality,113.84748569907002
AD002781,locality,112.6447957075693
AD002782,locality,194.54266884156783
AD002783,locality,35.54405716853404
AD002784,locality,59.98541489395569
AD002785,locality,19.20833152566883
AD002786,locality,25.316002844051386
AD002787,locality,68.72917866525096
AD002788,locality,173.63283099690557
AD002789,locality,114.82238457722413
AD002791,pincode,344.25509437043917
AD002792,locality,138.12939585765236
AD002793,pincode,78.51069990771931
AD002794,locality,27.28369476445583
AD002795,locality,82.40024271808922
AD002796,pincode,175.20311070297808
AD002798,locality,136.62331426224435
AD002801,locality,41.72217635742411
AD002802,locality,43.420041455530914
AD002803,locality,198.09949520379905
AD002804,locality,151.02771268876415
AD002806,locality,24.59044529893692
AD002808,locality,22.855415113272553
AD002809,locality,338.53029406539065
AD002811,locality,220.09945479260043
AD002812,locality,171.7244886438739
AD002813,locality,119.58369454068571
AD002815,pincode,56.47317947486222
AD002816,pincode,231.39976231621336
AD002817,locality,35.99999999999998
AD002818,locality,127.15584925594258
AD002819,pincode,80.06809601832695
AD002820,locality,10.23572176253353
AD002821,locality,121.3311584054153
AD002823,locality,101.93002501716568
AD002824,locality,74.5612499895223
AD002825,locality,64.22935465968821
AD002826,locality,272.0539836135469
AD002827,locality,259.7383683632436
AD002828,pincode,619.8727046741127
AD002829,locality,32.45304300061869
AD002830,locality,86.23995593690913
AD002831,locality,76.37132969904333
AD002832,locality,60.20514928143607
AD002833,locality,150.91219301302334
AD002834,pincode,253.01719309169493
AD002835,locality,42.90046619793301
AD002836,pincode,52.64104862177423
AD002837,locality,95.96775500135443
AD002839,locality,190.57491965103912
AD002840,locality,42.49729403150282
AD002841,locality,154.35106089690476
AD002842,locality,42.230320860727474
AD002844,locality,25.604101233981947
AD002846,locality,131.49498089280803
AD002847,locality,19.734487578855465
AD002848,locality,67.4692522561204
AD002849,locality,29.519485090360334
AD002853,locality,353.67053877867744
AD002854,locality,57.31710041514633
AD002855,locality,51.45959580097752
AD002856,pincode,109.78351424508152
AD002857,locality,86.98787271798294
AD002858,locality,10.09554357129888
AD002859,locality,57.21136250780983
AD002860,locality,112.50142221323259
AD002861,locality,162.682174807199
AD002863,locality,46.16708784404734
AD002864,pincode,212.50529405170107
AD002866,locality,115.49770560491677
AD002867,locality,55.089109631577884
AD002868,locality,126.54220639770753
AD002869,locality,81.3297608505029
AD002870,locality,63.336956036740624
AD002872,locality,101.04756305819558
AD002873,locality,144.6635061098686
AD002874,locality,182.20694278758984
AD002876,locality,102.56515002670284
AD002877,locality,82.78864656461053
AD002878,locality,123.11072252245131
AD002879,locality,100.55416450848783
AD002880,locality,43.76585427019559
AD002881,pincode,102.24876527371849
AD002882,pincode,69.66584529021382
AD002883,locality,14.169333082400048
AD002886,locality,14.930840565755053
AD002887,locality,65.34990436106234
AD002888,locality,189.9159024410539
AD002889,locality,168.1408040899054
AD002890,pincode,424.9226400181571
AD002892,locality,84.10856080090781
AD002893,locality,72.24430773424316
AD002894,locality,45.02543725495618
AD002896,locality,83.6292412975271
AD002898,locality,33.376638536557344
AD002899,locality,204.60119745495155
AD002900,locality,104.86586670599695
AD002902,locality,86.19756377067735
AD002904,locality,40.38031698736391
AD002905,locality,76.01953696254675
AD002906,locality,21.129363454680682
AD002907,locality,95.21008349959585
AD002910,locality,80.35004667080166
AD002911,locality,85.9745311124173
AD002912,pincode,18.55289734785379
AD002913,locality,57.78027345037397
AD002914,locality,71.71784993988594
AD002915,locality,26.380485211610523
AD002916,locality,56.05327822705829
AD002917,locality,139.49211447246776
AD002918,locality,69.43846196453377
AD002920,locality,57.66810210159512
AD002921,locality,97.16758718832112
AD002922,locality,42.28297529739356
AD002923,locality,114.5272893244224
AD002924,locality,159.24804551390892
AD002925,locality,24.694128856875796
AD002926,locality,77.21204569236579
AD002927,pincode,326.06704831982034
AD002928,locality,18.55262784621101
AD002929,locality,151.87590328949483
AD002930,locality,118.37503959872595
AD002931,locality,168.35833807685347
AD002932,locality,12.092973166264882
AD002933,locality,68.15841840888032
AD002934,pincode,60.38095726303113
AD002935,locality,55.396209256590666
AD002936,locality,94.9842618542673
AD002938,locality,104.40478916218319
AD002939,locality,52.08243465891334
AD002940,locality,96.16589832159846
AD002941,locality,12.264175471673662
AD002943,locality,135.16571310802166
AD002944,locality,141.89563065859363
AD002945,locality,169.195774178908
AD002947,locality,166.86656345715286
AD002948,locality,56.52866529469805
AD002949,locality,71.34143256201139
AD002950,locality,41.58425182686349
AD002952,locality,58.50692266732203
AD002953,pincode,307.23443817384793
AD002954,locality,128.2842157087145
AD002955,pincode,118.28144402229792
AD002956,locality,140.27276998762085
AD002957,locality,38.24238486287166
AD002958,pincode,263.6666266329512
AD002961,locality,123.86060713560238
AD002962,locality,68.55960910040264
AD002964,locality,90.51010993253738
AD002965,locality,87.54541678466094
AD002966,locality,74.99686660121212
AD002967,locality,39.864771415373674
AD002968,locality,138.66802082672118
AD002969,locality,150.82788203777181
AD002970,locality,211.25198223922055
AD002971,locality,181.277494466357
AD002972,locality,247.67512995858112
AD002973,pincode,117.07809359568519
AD002974,locality,142.81319967005848
AD002975,locality,258.91485086800236
AD002976,locality,83.39838127925519
AD002977,locality,172.21022037033686
AD002978,locality,109.83669696417493
AD002979,pincode,416.1948101550522
AD002980,locality,27.784887978899523
AD002981,locality,152.80369759924017
AD002983,pincode,265.8270114190806
AD002984,locality,71.65256450400086
AD002986,locality,189.34201858013415
AD002987,locality,50.67326711393281
AD002988,locality,84.87785341300757
AD002990,locality,82.75191840676565
AD002991,locality,79.9412909578021
AD002992,locality,29.6920864878169
AD002993,locality,70.24222376889836
AD002994,locality,23.068810112357216
AD002995,locality,103.22330163291622
AD002996,locality,143.91723315850686
AD002997,locality,34.740322393437815
AD003000,locality,47.605566901361435
AD003002,locality,43.97863117469678
AD003003,pincode,91.12436556706446
AD003004,locality,18.315294155431896
AD003005,pincode,128.89767259341798
AD003006,locality,103.45921901889616
AD003007,locality,96.52730183735578
AD003008,locality,99.4989949697987
AD003010,locality,160.262285020525
AD003011,locality,180.94023875302022
AD003012,locality,49.20589395590705
AD003013,locality,78.18759492400322
AD003015,locality,93.65233579575036
AD003016,locality,124.60806554954618
AD003017,locality,167.2734587434599
AD003018,locality,82.10024360499786
AD003019,locality,12.731064370271797
AD003020,locality,124.46111842659926
AD003022,locality,75.2205424069783
AD003024,locality,29.049268493371777
AD003026,locality,70.14107213323723
AD003027,locality,105.21183393516169
AD003028,locality,104.7254028399986
AD003029,locality,67.00455208416815
AD003030,locality,120.82983902993462
AD003032,locality,115.04629502943592
AD003034,locality,49.311357718075534
AD003035,locality,172.5700437503565
AD003039,locality,114.73465038949666
AD003040,locality,111.90035746144878
AD003042,locality,91.81987802213628
AD003043,locality,142.98059308871262
AD003045,locality,188.87659992704232
AD003046,locality,139.32641529875104
AD003047,locality,82.25211243487917
AD003048,locality,87.97618996069343
AD003050,locality,97.77694002166379
AD003051,locality,29.49203282244232
AD003052,locality,22.92596780945144
AD003054,locality,124.03426945808162
AD003055,locality,184.0800097783568
AD003056,pincode,28.074543629416034
AD003057,locality,359.7413793268714
AD003058,locality,299.30060140267005
AD003059,locality,29.828342226815277
AD003060,locality,87.61963250322361
AD003064,locality,55.81442465886403
AD003065,locality,155.9448941132733
AD003066,locality,178.26735539632574
AD003067,locality,71.10984460677732
AD003068,locality,103.48226901261884
AD003069,locality,40.35839441801423
AD003070,locality,265.7830882505506
AD003073,pincode,55.121774282038444
AD003074,pincode,296.39379210772955
AD003075,locality,72.79814558077697
AD003076,locality,86.0828089690386
AD003077,locality,216.68382496162457
AD003078,locality,103.44104601172621
AD003080,locality,102.29608985684636
AD003081,locality,61.618584858790605
AD003082,locality,149.3123571577385
AD003083,locality,112.3983095958296
AD003084,locality,153.93911133951613
AD003086,locality,81.58431221748451
AD003087,locality,84.10433995936235
AD003088,locality,70.37385878293172
AD003090,locality,108.21386232826183
AD003092,locality,120.60281920419588
AD003094,locality,98.36879586535561
AD003096,locality,181.92218116546442
AD003098,locality,74.1502528653813
AD003099,locality,81.05010795797855
AD003100,locality,36.996216022723196
AD003102,locality,88.21932894779914
AD003104,locality,225.57606255983825
AD003105,locality,29.36256119618994
AD003107,pincode,78.61787328591392
AD003110,locality,80.99839504582798
AD003111,locality,129.58989158109517
AD003113,locality,255.1873233528656
AD003115,locality,67.93526330264734
AD003117,pincode,254.2769553066105
