account_id,addr_a,addr_b,metres
AC000034,AD000040,AD000041,2205.3
AC000122,AD000153,AD000154,6224.2
AC000161,AD000200,AD000201,4266.4
AC000221,AD000279,AD000280,5385.8
AC000266,AD000336,AD000337,336.2
AC000308,AD000386,AD000387,2256.8
AC000337,AD000426,AD000427,2145.0
AC000413,AD000529,AD000530,4114.2
AC000416,AD000534,AD000535,656.5
AC000484,AD000622,AD000623,3817.0
AC000621,AD000802,AD000803,2241.2
AC000653,AD000841,AD000842,3763.7
AC000701,AD000903,AD000904,2024.2
AC000711,AD000917,AD000918,1302.0
AC000712,AD000919,AD000920,5203.1
AC000751,AD000969,AD000970,713.2
AC000810,AD001042,AD001043,454.6
AC000838,AD001079,AD001080,265.5
AC000929,AD001200,AD001201,4917.4
AC000972,AD001257,AD001258,2224.2
AC001134,AD001472,AD001473,5324.9
AC001150,AD001493,AD001494,158.3
AC001232,AD001596,AD003102,337.1
AC001290,AD001676,AD001677,2253.8
AC001424,AD001836,AD001837,1436.5
AC001607,AD002069,AD002070,3965.9
AC001647,AD002124,AD002125,2385.4
AC001656,AD002138,AD002139,5737.0
AC001873,AD002415,AD002416,3328.4
AC001890,AD002440,AD002441,1986.8
AC001945,AD002514,AD002515,2718.6
AC001969,AD002544,AD002545,5326.6
AC001970,AD002546,AD002547,4567.5
AC002041,AD002633,AD002634,4950.0
AC002053,AD002651,AD002652,3304.7
AC002195,AD002832,AD002833,3734.0
AC002336,AD003004,AD003005,4658.1
AC002381,AD003065,AD003066,4379.5
