address_id_a,address_id_b,jaccard,inter,union,account_a,account_b,split_a,split_b,same_account
AD000006,AD000496,1.0,7,7,AC000004,AC000388,train,train,False
AD000006,AD001429,1.0,7,7,AC000004,AC001099,train,train,False
AD000143,AD000514,1.0,6,6,AC000113,AC000402,train,train,False
AD000143,AD002554,1.0,6,6,AC000113,AC001976,train,train,False
AD000158,AD002747,1.0,6,6,AC000125,AC002130,train,train,False
AD000183,AD002646,1.0,6,6,AC000146,AC002049,test,train,False
AD000183,AD002963,1.0,6,6,AC000146,AC002300,test,train,False
AD000271,AD002137,1.0,6,6,AC000215,AC001655,train,train,False
AD000271,AD003061,1.0,6,6,AC000215,AC002378,train,train,False
AD000425,AD001111,1.0,6,6,AC000336,AC000860,train,train,False
AD000425,AD002203,1.0,6,6,AC000336,AC001703,train,train,False
AD000474,AD000546,1.0,6,6,AC000374,AC000424,train,train,False
AD000474,AD001179,1.0,6,6,AC000374,AC000913,train,train,False
AD000474,AD001819,1.0,6,6,AC000374,AC001409,train,train,False
AD000474,AD002006,1.0,6,6,AC000374,AC001555,train,train,False
AD000496,AD001429,1.0,7,7,AC000388,AC001099,train,train,False
AD000514,AD002554,1.0,6,6,AC000402,AC001976,train,train,False
AD000546,AD001179,1.0,6,6,AC000424,AC000913,train,train,False
AD000546,AD001819,1.0,6,6,AC000424,AC001409,train,train,False
AD000546,AD002006,1.0,6,6,AC000424,AC001555,train,train,False
AD000659,AD001672,1.0,6,6,AC000511,AC001287,train,validation,False
AD000659,AD002010,1.0,6,6,AC000511,AC001558,train,train,False
AD000659,AD002338,1.0,6,6,AC000511,AC001811,train,train,False
AD000777,AD001038,1.0,6,6,AC000602,AC000806,train,train,False
AD000777,AD002985,1.0,6,6,AC000602,AC002319,train,test,False
AD000796,AD001051,1.0,6,6,AC000616,AC000816,train,train,False
AD000796,AD002630,1.0,6,6,AC000616,AC002038,train,train,False
AD000796,AD003023,1.0,6,6,AC000616,AC002348,train,validation,False
AD001030,AD001547,1.0,7,7,AC000799,AC001190,test,train,False
AD001030,AD003116,1.0,7,7,AC000799,AC002060,test,train,False
AD001038,AD002985,1.0,6,6,AC000806,AC002319,train,test,False
AD001051,AD002630,1.0,6,6,AC000816,AC002038,train,train,False
AD001051,AD003023,1.0,6,6,AC000816,AC002348,train,validation,False
AD001077,AD001997,1.0,7,7,AC000836,AC001549,train,train,False
AD001077,AD002032,1.0,7,7,AC000836,AC001575,train,test,False
AD001077,AD003001,1.0,7,7,AC000836,AC002333,train,train,False
AD001085,AD001235,1.0,6,6,AC000841,AC000954,validation,train,False
AD001085,AD001796,1.0,6,6,AC000841,AC001389,validation,train,False
AD001106,AD001708,1.0,6,6,AC000857,AC001315,test,validation,False
AD001111,AD002203,1.0,6,6,AC000860,AC001703,train,train,False
AD001179,AD001819,1.0,6,6,AC000913,AC001409,train,train,False
AD001179,AD002006,1.0,6,6,AC000913,AC001555,train,train,False
AD001221,AD003114,1.0,7,7,AC000942,AC000505,train,train,False
AD001235,AD001796,1.0,6,6,AC000954,AC001389,train,train,False
AD001418,AD001887,1.0,6,6,AC001092,AC001462,train,train,False
AD001418,AD002507,1.0,6,6,AC001092,AC001939,train,validation,False
AD001418,AD003112,1.0,6,6,AC001092,AC000523,train,train,False
AD001527,AD002604,1.0,6,6,AC001176,AC002016,train,train,False
AD001547,AD003116,1.0,7,7,AC001190,AC002060,train,train,False
AD001595,AD001599,1.0,6,6,AC001231,AC001234,train,test,False
AD001672,AD002010,1.0,6,6,AC001287,AC001558,validation,train,False
AD001672,AD002338,1.0,6,6,AC001287,AC001811,validation,train,False
AD001688,AD003089,1.0,6,6,AC001298,AC002399,train,train,False
AD001688,AD003108,1.0,6,6,AC001298,AC002174,train,train,False
AD001793,AD002805,1.0,6,6,AC001387,AC002173,train,test,False
AD001814,AD002168,1.0,6,6,AC001405,AC001677,train,train,False
AD001814,AD002313,1.0,6,6,AC001405,AC001793,train,train,False
AD001819,AD002006,1.0,6,6,AC001409,AC001555,train,train,False
AD001887,AD002507,1.0,6,6,AC001462,AC001939,train,validation,False
AD001887,AD003112,1.0,6,6,AC001462,AC000523,train,train,False
AD001997,AD002032,1.0,7,7,AC001549,AC001575,train,test,False
AD001997,AD003001,1.0,7,7,AC001549,AC002333,train,train,False
AD002010,AD002338,1.0,6,6,AC001558,AC001811,train,train,False
AD002032,AD003001,1.0,7,7,AC001575,AC002333,test,train,False
AD002109,AD002625,1.0,6,6,AC001634,AC002034,train,validation,False
AD002137,AD003061,1.0,6,6,AC001655,AC002378,train,train,False
AD002168,AD002313,1.0,6,6,AC001677,AC001793,train,train,False
AD002507,AD003112,1.0,6,6,AC001939,AC000523,validation,train,False
AD002630,AD003023,1.0,6,6,AC002038,AC002348,train,validation,False
AD002646,AD002963,1.0,6,6,AC002049,AC002300,train,train,False
AD003089,AD003108,1.0,6,6,AC002399,AC002174,train,train,False
AD000070,AD001464,1.0,6,6,AC000056,AC001127,train,test,False
AD000070,AD002320,1.0,6,6,AC000056,AC001798,train,train,False
AD000131,AD000494,1.0,6,6,AC000104,AC000387,train,train,False
AD000131,AD000571,1.0,6,6,AC000104,AC000443,train,train,False
AD000131,AD001205,1.0,6,6,AC000104,AC000932,train,validation,False
AD000131,AD001936,1.0,6,6,AC000104,AC001499,train,validation,False
AD000131,AD002895,1.0,6,6,AC000104,AC002247,train,train,False
AD000218,AD003103,1.0,6,6,AC000174,AC001162,train,train,False
AD000415,AD000714,1.0,7,7,AC000328,AC000553,train,test,False
AD000415,AD000977,1.0,7,7,AC000328,AC000757,train,test,False
AD000454,AD001828,1.0,6,6,AC000358,AC001416,train,train,False
AD000454,AD002538,1.0,6,6,AC000358,AC001963,train,train,False
AD000494,AD000571,1.0,6,6,AC000387,AC000443,train,train,False
AD000494,AD001205,1.0,6,6,AC000387,AC000932,train,validation,False
AD000494,AD001936,1.0,6,6,AC000387,AC001499,train,validation,False
AD000494,AD002895,1.0,6,6,AC000387,AC002247,train,train,False
AD000571,AD001205,1.0,6,6,AC000443,AC000932,train,validation,False
AD000571,AD001936,1.0,6,6,AC000443,AC001499,train,validation,False
AD000571,AD002895,1.0,6,6,AC000443,AC002247,train,train,False
AD000582,AD000941,1.0,6,6,AC000451,AC000729,test,train,False
AD000618,AD001459,1.0,6,6,AC000481,AC001123,train,validation,False
AD000618,AD001661,1.0,6,6,AC000481,AC001281,train,train,False
AD000618,AD002797,1.0,6,6,AC000481,AC002167,train,test,False
AD000640,AD000887,1.0,6,6,AC000497,AC000690,train,train,False
AD000640,AD002780,1.0,6,6,AC000497,AC002154,train,train,False
AD000714,AD000977,1.0,7,7,AC000553,AC000757,test,test,False
AD000811,AD003079,1.0,6,6,AC000627,AC002390,train,train,False
AD000887,AD002780,1.0,6,6,AC000690,AC002154,train,train,False
AD000983,AD002156,1.0,7,7,AC000762,AC001668,train,test,False
AD000983,AD002745,1.0,7,7,AC000762,AC002129,train,test,False
AD000983,AD002919,1.0,7,7,AC000762,AC002266,train,train,False
AD001205,AD001936,1.0,6,6,AC000932,AC001499,validation,validation,False
AD001205,AD002895,1.0,6,6,AC000932,AC002247,validation,train,False
AD001313,AD001580,1.0,6,6,AC001016,AC001217,validation,validation,False
AD001459,AD001661,1.0,6,6,AC001123,AC001281,validation,train,False
AD001459,AD002797,1.0,6,6,AC001123,AC002167,validation,test,False
AD001464,AD002320,1.0,6,6,AC001127,AC001798,test,train,False
AD001518,AD002503,1.0,6,6,AC001170,AC001936,train,train,False
AD001550,AD002897,1.0,6,6,AC001192,AC002248,validation,train,False
AD001661,AD002797,1.0,6,6,AC001281,AC002167,train,test,False
AD001828,AD002538,1.0,6,6,AC001416,AC001963,train,train,False
AD001936,AD002895,1.0,6,6,AC001499,AC002247,validation,train,False
AD002020,AD002597,1.0,6,6,AC001564,AC002011,train,train,False
AD002156,AD002745,1.0,7,7,AC001668,AC002129,test,test,False
AD002156,AD002919,1.0,7,7,AC001668,AC002266,test,train,False
AD002745,AD002919,1.0,7,7,AC002129,AC002266,test,train,False
AD000044,AD001345,1.0,6,6,AC000036,AC001041,validation,validation,False
AD000044,AD001562,1.0,6,6,AC000036,AC001202,validation,test,False
AD000044,AD002093,1.0,6,6,AC000036,AC001622,validation,train,False
AD000051,AD001090,1.0,6,6,AC000041,AC000845,validation,train,False
AD000051,AD001292,1.0,6,6,AC000041,AC001000,validation,train,False
AD000051,AD001869,1.0,6,6,AC000041,AC001448,validation,train,False
AD000095,AD000373,1.0,6,6,AC000074,AC000296,train,train,False
AD000095,AD000909,1.0,6,6,AC000074,AC000704,train,test,False
AD000095,AD001728,1.0,6,6,AC000074,AC001332,train,validation,False
AD000215,AD000329,1.0,6,6,AC000172,AC000260,train,validation,False
AD000215,AD001979,1.0,6,6,AC000172,AC001537,train,train,False
AD000215,AD002386,1.0,6,6,AC000172,AC001851,train,train,False
AD000329,AD001979,1.0,6,6,AC000260,AC001537,validation,train,False
AD000329,AD002386,1.0,6,6,AC000260,AC001851,validation,train,False
AD000373,AD000909,1.0,6,6,AC000296,AC000704,train,test,False
AD000373,AD001728,1.0,6,6,AC000296,AC001332,train,validation,False
AD000490,AD000956,1.0,6,6,AC000385,AC000741,validation,train,False
AD000559,AD001056,1.0,6,6,AC000434,AC000820,train,train,False
AD000559,AD001452,1.0,6,6,AC000434,AC001118,train,validation,False
AD000643,AD002379,1.0,6,6,AC000499,AC001845,train,train,False
AD000747,AD001358,1.0,6,6,AC000579,AC001050,train,train,False
AD000747,AD001670,1.0,6,6,AC000579,AC001286,train,train,False
AD000909,AD001728,1.0,6,6,AC000704,AC001332,test,validation,False
AD001056,AD001452,1.0,6,6,AC000820,AC001118,train,validation,False
AD001061,AD001093,1.0,6,6,AC000823,AC000847,train,train,False
AD001090,AD001292,1.0,6,6,AC000845,AC001000,train,train,False
AD001090,AD001869,1.0,6,6,AC000845,AC001448,train,train,False
AD001159,AD001229,1.0,6,6,AC000896,AC000949,validation,train,False
AD001292,AD001869,1.0,6,6,AC001000,AC001448,train,train,False
AD001345,AD001562,1.0,6,6,AC001041,AC001202,validation,test,False
AD001345,AD002093,1.0,6,6,AC001041,AC001622,validation,train,False
AD001358,AD001670,1.0,6,6,AC001050,AC001286,train,train,False
AD001492,AD002285,1.0,7,7,AC001149,AC001768,train,validation,False
AD001562,AD002093,1.0,6,6,AC001202,AC001622,test,train,False
AD001650,AD001826,1.0,6,6,AC001273,AC001415,train,train,False
AD001650,AD002426,1.0,6,6,AC001273,AC001880,train,validation,False
AD001650,AD002810,1.0,6,6,AC001273,AC002176,train,train,False
AD001675,AD003021,1.0,6,6,AC001289,AC002347,train,test,False
AD001737,AD002460,1.0,6,6,AC001340,AC001902,test,test,False
AD001826,AD002426,1.0,6,6,AC001415,AC001880,train,validation,False
AD001826,AD002810,1.0,6,6,AC001415,AC002176,train,train,False
AD001979,AD002386,1.0,6,6,AC001537,AC001851,train,train,False
AD002076,AD002409,1.0,6,6,AC001611,AC001868,train,validation,False
AD002426,AD002810,1.0,6,6,AC001880,AC002176,validation,train,False
