address_id_a,address_id_b,metres
AD000001,AD002125,28.6
AD000031,AD002178,29.6
AD000068,AD001122,27.1
AD000088,AD000198,28.2
AD000096,AD002583,2.5
AD000114,AD001746,22.6
AD000138,AD002393,14.5
AD000169,AD003053,25.1
AD000204,AD000672,24.2
AD000204,AD003015,27.2
AD000223,AD002277,13.1
AD000238,AD000307,25.7
AD000238,AD002378,7.3
AD000257,AD002332,6.5
AD000257,AD002691,29.6
AD000258,AD001396,25.4
AD000285,AD001191,22.3
AD000291,AD000570,24.0
AD000291,AD001582,20.4
AD000291,AD002311,22.6
AD000291,AD002546,18.6
AD000307,AD002378,18.7
AD000324,AD002989,25.2
AD000336,AD002059,27.8
AD000355,AD000739,22.0
AD000386,AD002541,10.7
AD000451,AD002067,29.7
AD000473,AD001380,9.8
AD000473,AD001962,17.0
AD000475,AD002808,28.6
AD000477,AD001420,11.9
AD000530,AD003010,27.2
AD000531,AD000560,3.9
AD000531,AD000854,25.6
AD000533,AD001534,12.2
AD000534,AD002968,21.4
AD000538,AD001495,17.3
AD000553,AD001149,27.1
AD000553,AD002210,21.5
AD000556,AD002654,18.0
AD000560,AD000854,25.3
AD000570,AD001582,11.5
AD000570,AD002546,25.9
AD000605,AD000943,15.4
AD000646,AD001702,25.0
AD000666,AD002977,21.8
AD000668,AD002403,17.7
AD000672,AD003015,10.6
AD000735,AD002537,22.5
AD000774,AD002989,19.3
AD000781,AD001812,2.3
AD000808,AD001521,27.0
AD000810,AD002928,29.8
AD000815,AD000919,25.6
AD000815,AD002038,6.8
AD000827,AD001760,19.5
AD000867,AD001479,25.8
AD000895,AD001108,6.5
AD000903,AD001236,28.8
AD000913,AD002520,20.3
AD000917,AD001927,14.9
AD000950,AD002865,13.2
AD000970,AD002029,8.4
AD001009,AD002794,17.6
AD001045,AD002231,9.6
AD001055,AD001991,24.3
AD001071,AD002045,19.0
AD001078,AD001354,17.9
AD001133,AD001855,21.9
AD001149,AD002210,14.5
AD001201,AD001355,22.4
AD001223,AD001882,6.9
AD001233,AD001770,16.3
AD001233,AD002307,25.6
AD001233,AD002461,7.6
AD001262,AD001343,20.9
AD001262,AD001766,18.0
AD001262,AD002009,16.6
AD001262,AD002651,16.8
AD001274,AD002398,8.6
AD001294,AD001433,21.5
AD001338,AD002213,23.0
AD001346,AD001465,26.9
AD001360,AD001436,28.7
AD001362,AD002468,21.5
AD001372,AD001479,26.8
AD001372,AD002308,16.9
AD001380,AD001962,26.7
AD001396,AD002234,28.7
AD001434,AD003086,11.7
AD001493,AD002270,9.9
AD001495,AD002244,27.6
AD001520,AD002932,13.5
AD001556,AD002218,21.8
AD001581,AD002457,19.5
AD001582,AD002311,26.2
AD001582,AD002546,15.0
AD001697,AD002796,29.3
AD001755,AD002520,27.0
AD001766,AD002651,6.0
AD001767,AD002264,28.9
AD001770,AD002307,27.4
AD001770,AD002461,23.9
AD001805,AD002009,23.8
AD001830,AD002206,14.0
AD001920,AD002096,29.2
AD001937,AD003098,25.9
AD002009,AD002651,26.0
AD002023,AD002334,17.0
AD002246,AD002707,30.0
AD002294,AD002748,26.0
AD002298,AD002467,22.4
AD002298,AD002791,11.6
AD002307,AD002461,27.2
AD002307,AD002707,26.0
AD002311,AD002546,11.3
AD002311,AD002889,26.2
AD002332,AD002691,27.4
AD002336,AD002968,25.0
AD002339,AD002525,11.9
AD002341,AD002811,17.7
AD002412,AD002485,5.5
AD002467,AD002791,12.9
AD002499,AD003060,10.6
AD002545,AD002756,25.2
AD002673,AD002808,19.7
AD002707,AD002709,26.1
