file,group,source_path,sha256,bytes
towns.csv,ps3_specific,/home/user/PS3_SUTRA/data/official_ps3/towns.csv,e0167d3efe2d231a3cb47aae9d2bb1145dfd8eca9fcb0c1ffd3eaf9823f61913,135
localities.csv,ps3_specific,/home/user/PS3_SUTRA/data/official_ps3/localities.csv,b18ea44e58f0301d2becedab147aa5e259491743e52e8b00d63586cf608e95d6,1701
landmarks_poi.csv,ps3_specific,/home/user/PS3_SUTRA/data/official_ps3/landmarks_poi.csv,d565be9d3fca86412ead0772689bb796e7855ca4aeff54fb5223f136f682a026,11278
baseline_geocodes.csv,ps3_specific,/home/user/PS3_SUTRA/data/official_ps3/baseline_geocodes.csv,e7dde99db5048501e9fa5d9acd4c90292dd3556f49e40268aadf3d3a1b222167,91795
visit_gps_points.csv,ps3_specific,/home/user/PS3_SUTRA/data/official_ps3/visit_gps_points.csv,1afd7b9f7c0dc97cd5bfc458b74f59388b1f145f6b7c6b6c10c1025035304c2f,7136303
surveyed_addresses.csv,ps3_specific,/home/user/PS3_SUTRA/data/official_ps3/surveyed_addresses.csv,2d26aa6c6c235c2fec2044fc9e975fdc6c1b1eae3a1236dd2ed2038c4a0da095,2356
accounts.csv,shared,/home/user/PS3_SUTRA/data/official_ps3/accounts.csv,df65051e6f702eb31af136cb6a2f803383b9a410bbc8559fa18f71bdfde3f692,320356
addresses.csv,shared,/home/user/PS3_SUTRA/data/official_ps3/addresses.csv,7e0eed682a642853cb0afcf1815187f266e5dd962098abe6e4cc0281bcfaec34,405168
agents.csv,shared,/home/user/PS3_SUTRA/data/official_ps3/agents.csv,1a1d8722e4dbe999b0bfeb939ad6d3738ccc0e298ccef8df12729f6252d4e1df,969
field_visits.csv,shared,/home/user/PS3_SUTRA/data/official_ps3/field_visits.csv,b4099e532581883f53b10fb94236f8b01735d0e836fd1161853d84ad9a520860,960718
lenders.csv,shared,/home/user/90_Archive/ps2_removed_2026-10-06/PS2_SANKET_full/data/raw/lenders.csv,e96671f0258e5c8e25c3fb01d411318638cabbfdba1b683833936a61f1935f24,270
splits.csv,shared,/home/user/PS3_SUTRA/data/official_ps3/splits.csv,005342b60c45e1da84164a9f0208576ef16de0e012452fbf917798dc5fd2d045,37457
