ptp_id,annotated_type,annotator_confidence
PTP001459,genuine_feasible,high
PTP000234,escape,low
PTP001478,genuine_feasible,medium
PTP001702,genuine_infeasible,medium
PTP003600,genuine_feasible,high
PTP000117,escape,high
PTP003412,third_party,high
PTP001863,third_party,high
PTP000557,genuine_infeasible,high
PTP003364,repeat_promiser,medium
PTP003240,genuine_infeasible,high
PTP003568,genuine_infeasible,medium
PTP000305,genuine_infeasible,high
PTP003255,genuine_infeasible,high
PTP001677,genuine_infeasible,medium
PTP003004,third_party,high
PTP002810,genuine_infeasible,medium
PTP003521,genuine_infeasible,high
PTP001462,repeat_promiser,high
PTP003512,genuine_infeasible,medium
PTP001409,repeat_promiser,high
PTP003642,genuine_feasible,medium
PTP002885,repeat_promiser,medium
PTP001906,repeat_promiser,high
PTP002833,genuine_infeasible,low
PTP001697,agent_recorded_or_pushed,medium
PTP001307,escape,high
PTP003430,third_party,high
PTP003253,escape,high
PTP001270,genuine_feasible,medium
PTP002532,genuine_feasible,low
PTP001832,agent_recorded_or_pushed,low
PTP000886,genuine_feasible,high
PTP001603,genuine_feasible,high
PTP003009,repeat_promiser,medium
PTP002975,third_party,high
PTP000223,third_party,high
PTP000412,genuine_feasible,medium
PTP001199,genuine_infeasible,high
PTP000167,escape,medium
PTP001675,third_party,low
PTP002052,genuine_feasible,high
PTP000162,agent_recorded_or_pushed,high
PTP003680,genuine_infeasible,medium
PTP002143,escape,medium
PTP000864,escape,medium
PTP001381,escape,high
PTP002939,third_party,medium
PTP000078,escape,high
PTP001586,genuine_infeasible,medium
PTP001449,genuine_infeasible,high
PTP002109,genuine_infeasible,high
PTP002211,genuine_feasible,high
PTP000783,genuine_feasible,high
PTP000290,escape,high
PTP000887,genuine_infeasible,medium
PTP000066,escape,high
PTP002895,agent_recorded_or_pushed,high
PTP000853,repeat_promiser,medium
PTP002257,third_party,high
PTP002391,agent_recorded_or_pushed,medium
PTP000172,repeat_promiser,medium
PTP001574,repeat_promiser,high
PTP000293,genuine_feasible,medium
PTP001570,genuine_feasible,high
PTP000059,genuine_feasible,low
PTP000878,third_party,high
PTP002311,genuine_infeasible,high
PTP002435,repeat_promiser,medium
PTP000279,escape,low
PTP002806,escape,high
PTP002713,third_party,medium
PTP003636,repeat_promiser,medium
PTP000285,genuine_feasible,high
PTP001265,escape,high
PTP003208,genuine_infeasible,medium
PTP000695,genuine_infeasible,high
PTP000250,escape,low
PTP000389,escape,medium
PTP002640,genuine_infeasible,high
PTP001849,genuine_feasible,high
PTP000619,genuine_infeasible,medium
PTP002304,repeat_promiser,medium
PTP003459,genuine_feasible,high
PTP000510,genuine_infeasible,high
PTP003379,genuine_feasible,high
PTP000157,genuine_feasible,high
PTP002959,genuine_feasible,high
PTP000309,genuine_feasible,high
PTP000296,escape,medium
PTP003303,genuine_feasible,medium
PTP002177,escape,medium
PTP002382,genuine_infeasible,high
PTP003268,genuine_feasible,high
PTP002549,genuine_infeasible,high
PTP000736,repeat_promiser,medium
PTP000209,genuine_feasible,medium
PTP000067,genuine_infeasible,medium
PTP000974,repeat_promiser,high
PTP000651,escape,medium
PTP001710,genuine_infeasible,low
PTP000215,escape,high
PTP000219,escape,medium
PTP003501,genuine_feasible,high
PTP001706,genuine_feasible,high
PTP000991,escape,high
PTP002990,genuine_feasible,high
PTP002896,agent_recorded_or_pushed,medium
PTP000930,genuine_feasible,high
PTP000205,genuine_infeasible,medium
PTP002610,agent_recorded_or_pushed,high
PTP000861,escape,medium
PTP000001,genuine_infeasible,medium
PTP003007,repeat_promiser,high
PTP001979,third_party,high
PTP001451,genuine_infeasible,high
PTP003395,genuine_infeasible,high
PTP002639,genuine_infeasible,high
PTP001417,escape,medium
PTP003682,escape,high
PTP002400,genuine_feasible,high
PTP003403,repeat_promiser,high
PTP001194,genuine_infeasible,medium
PTP000336,genuine_feasible,medium
PTP002618,repeat_promiser,low
PTP000034,escape,medium
PTP000691,agent_recorded_or_pushed,medium
PTP002954,genuine_feasible,high
PTP000015,genuine_infeasible,high
PTP000108,genuine_infeasible,medium
PTP002943,repeat_promiser,medium
PTP000338,genuine_infeasible,medium
PTP000345,genuine_feasible,medium
PTP000506,genuine_infeasible,high
PTP003305,third_party,low
PTP002458,genuine_feasible,high
PTP003550,escape,high
PTP001497,genuine_feasible,medium
PTP001318,third_party,high
PTP000257,genuine_feasible,high
PTP002193,genuine_infeasible,medium
PTP002312,genuine_feasible,high
PTP001986,genuine_infeasible,high
PTP000535,genuine_feasible,low
PTP003549,repeat_promiser,high
PTP002059,third_party,high
PTP003219,escape,high
PTP002050,genuine_infeasible,medium
PTP001582,genuine_feasible,high
PTP001027,genuine_infeasible,medium
PTP003106,genuine_feasible,medium
PTP002652,genuine_feasible,medium
PTP002212,genuine_feasible,high
PTP002348,repeat_promiser,medium
PTP001241,genuine_infeasible,high
PTP001084,genuine_feasible,medium
PTP002650,agent_recorded_or_pushed,low
PTP000225,genuine_infeasible,high
PTP000942,genuine_infeasible,medium
PTP000543,escape,high
PTP001076,genuine_infeasible,high
PTP003448,genuine_infeasible,low
PTP000497,genuine_feasible,high
PTP003247,genuine_feasible,high
PTP002089,repeat_promiser,medium
PTP001673,escape,high
PTP002879,repeat_promiser,medium
PTP002716,genuine_feasible,medium
PTP002821,genuine_infeasible,high
PTP002389,third_party,medium
PTP003584,repeat_promiser,medium
PTP002577,third_party,medium
PTP001452,genuine_infeasible,medium
PTP002101,escape,medium
PTP001785,genuine_feasible,high
PTP001543,repeat_promiser,high
PTP001974,genuine_feasible,medium
PTP003483,repeat_promiser,medium
PTP000060,genuine_feasible,high
PTP002768,genuine_feasible,medium
PTP001040,escape,high
PTP000295,agent_recorded_or_pushed,high
PTP000917,escape,high
PTP001746,agent_recorded_or_pushed,high
PTP003479,genuine_feasible,high
PTP003267,agent_recorded_or_pushed,high
PTP003168,genuine_infeasible,medium
PTP001013,repeat_promiser,medium
PTP002131,agent_recorded_or_pushed,medium
PTP003583,third_party,high
PTP000595,genuine_feasible,medium
PTP001301,repeat_promiser,low
PTP000665,genuine_infeasible,medium
PTP002500,genuine_infeasible,medium
PTP001255,escape,medium
PTP003674,repeat_promiser,high
PTP002946,escape,high
PTP000977,genuine_feasible,medium
PTP002183,genuine_feasible,high
PTP000524,repeat_promiser,high
